Date,Ticker,Open,High,Low,Close,Volume
2023-01-03,AAPL,127.99538262842437,128.6045053870652,121.99252821247748,122.87674713134766,112117500
2023-01-04,AAPL,124.66483917038782,126.40380440814197,122.88658197418444,124.14413452148438,89113600
2023-01-05,AAPL,124.90061292758642,125.52938912334946,122.57217865426507,122.8276138305664,80962700
2023-01-06,AAPL,123.80027430194448,128.00521096875735,122.69991206962038,127.34696197509766,87754700
2023-01-09,AAPL,128.1820484933381,131.07049435820306,127.61221771125116,127.8676528930664,70790800
2023-01-10,AAPL,127.97574077291436,128.95820466182693,125.87326865028986,128.4375,63896200
2023-01-11,AAPL,128.94836939344688,131.1687321095965,128.17222961380045,131.1490936279297,69458900
2023-01-12,AAPL,131.5322547782573,131.90558081812333,129.13504077259947,131.07049560546875,71379600
2023-01-13,AAPL,129.71471296505177,132.55403315564018,129.35120610397337,132.39683532714844,57809700
2023-01-17,AAPL,132.4656016206527,134.88245427698436,131.77787992946924,133.55613708496094,63646600
2023-01-18,AAPL,134.4207263168224,136.17933021057922,132.66210743185522,132.83895874023438,69672800
2023-01-19,AAPL,131.72872356322017,133.86066781311564,131.42416224055012,132.89785766601562,58280400
2023-01-20,AAPL,132.90769302903612,135.59964906296133,131.86628386729487,135.4522705078125,80223600
2023-01-23,AAPL,135.6979103035641,140.80673462294286,135.48176704430378,138.63548278808594,81760300
2023-01-24,AAPL,137.84949253259393,140.64952034187644,137.83967329148908,140.0305633544922,66435100
2023-01-25,AAPL,138.41930821894437,139.93229570032543,136.37578195167205,139.37229919433594,65799300
2023-01-26,AAPL,140.65937661953566,141.72043959534744,139.41164307512574,141.43553161621094,54105100
2023-01-27,AAPL,140.6495420845882,144.64816254873466,140.57094316997566,143.37095642089844,70555800
2023-01-30,AAPL,142.41794502488958,142.9975950119405,140.34494601130174,140.4923095703125,64015300
2023-01-31,AAPL,140.19759064122545,141.80883078137197,139.78495761656453,141.75970458984375,65874500
2023-02-01,AAPL,141.44531098955775,144.03901475780756,138.84178798038548,142.87969970703125,77663600
2023-02-02,AAPL,146.2888426135127,148.52885870656533,145.57164829200897,148.17518615722656,118339000
2023-02-03,AAPL,145.43409313083382,154.6201342687517,145.23760339877686,151.79063415527344,154357300
2023-02-06,AAPL,149.8945101165513,150.41521473457135,148.13589150827315,149.06922912597656,69858300
2023-02-07,AAPL,147.99837413254576,152.50788022677395,147.99837413254576,151.93804931640625,83322600
2023-02-08,AAPL,151.18154087876945,151.86926257026718,148.51905726950346,149.2559051513672,64120100
2023-02-09,AAPL,151.08329292122983,151.62365104865805,147.78221371418798,148.2243194580078,56007100
2023-02-10,AAPL,147.0632318137508,148.9130734935689,146.8270751036462,148.58836364746094,57450700
2023-02-13,AAPL,148.52933886882354,151.78625678187208,148.49982115470684,151.38284301757812,62199000
2023-02-14,AAPL,149.68055772689488,151.3041068890254,148.4407688328002,150.7432403564453,61707600
2023-02-15,AAPL,150.6547253534473,153.00639866157246,150.42841784233283,152.83912658691406,65573800
2023-02-16,AAPL,151.0482818929642,153.82306709582505,150.8908590911332,151.24508666992188,68167900
2023-02-17,AAPL,149.90689371085574,150.54646418705764,148.43094798353164,150.1036834716797,59144100
2023-02-21,AAPL,147.79138776370112,148.87375415444836,146.0300988341385,146.09896850585938,58867200
2023-02-22,AAPL,146.4826667367167,147.5453493019233,144.80009726904348,146.52203369140625,51011300
2023-02-23,AAPL,147.68310298099968,147.92909389742377,144.87881554222116,147.00416564941406,48394200
2023-02-24,AAPL,144.75094042273577,144.8296593421339,143.38323110315275,144.35736083984375,55469600
2023-02-27,AAPL,145.3413038601465,146.7778826433076,145.08546365545735,145.5479278564453,44998500
2023-02-28,AAPL,144.69189970203135,146.68934528974674,144.47542643511753,145.04612731933594,50547000
2023-03-01,AAPL,144.47538049709885,144.86895994047163,142.68455949733774,142.97975158691406,55479000
2023-03-02,AAPL,142.06468141879296,144.35731860288683,141.59236804059648,143.5701446533203,52238100
2023-03-03,AAPL,145.66596048460295,148.68673585516615,144.96735475689312,148.60801696777344,70732300
2023-03-06,AAPL,151.32374645376544,153.79350455215635,150.9990516974443,151.3631134033203,87558000
2023-03-07,AAPL,151.2352451910372,151.55995507278075,148.70646582947896,149.16893005371094,56182000
2023-03-08,AAPL,150.35949790258118,151.00891757952724,149.39521763366128,150.4185333251953,47204800
2023-03-09,AAPL,151.09746808583355,152.0617483379844,147.8208670608722,148.1750946044922,53833600
2023-03-10,AAPL,147.80120650188752,148.5194958597798,145.242894659562,146.11862182617188,68572400
2023-03-13,AAPL,145.43967499711258,150.68420342446277,145.33143838738883,148.05702209472656,84457100
2023-03-14,AAPL,148.85403055723415,150.94002884188114,147.6929605728649,150.1430206298828,73695900
2023-03-15,AAPL,148.7654682431246,150.7924309816341,147.51583019026037,150.53660583496094,77167900
2023-03-16,AAPL,149.71992520737962,153.95097226183628,149.20825986230471,153.3507537841797,76161100
2023-03-17,AAPL,153.5770871091514,154.2265068856699,151.80594908869074,152.514404296875,98944600
2023-03-20,AAPL,152.5832927983786,155.28919358755078,151.6780327765039,154.87591552734375,73641400
2023-03-21,AAPL,154.7971931327365,156.84382463636302,154.02968755125636,156.7257537841797,73938300
2023-03-22,AAPL,156.7454392443716,159.53989288471735,155.27932775015748,155.29901123046875,75701800
2023-03-23,AAPL,156.28296029217628,158.95934282613845,155.15139299961646,156.38134765625,67622100
2023-03-24,AAPL,156.31248202721346,157.76874417421377,155.3186840441415,157.68019104003906,59196500
2023-03-27,AAPL,157.37518971960662,158.19188156427322,155.33837722493854,155.74180603027344,52390300
2023-03-28,AAPL,155.4367781198492,155.94844355059743,153.47868455836303,155.1219024658203,45992200
2023-03-29,AAPL,156.8142905620551,158.46735739062942,156.79462209814082,158.1918487548828,51305700
2023-03-30,AAPL,158.93967116064357,159.86459953343115,158.68384597812414,159.75636291503906,49501700
2023-03-31,AAPL,159.83511792767183,162.35406341845376,159.3136181978193,162.2556610107422,68749800
2023-04-03,AAPL,161.63573905142377,163.62333513475417,161.58653785817188,163.50526428222656,56976200
2023-04-04,AAPL,163.92838412805693,164.16452584406122,162.4622725801105,162.97393798828125,46278300
2023-04-05,AAPL,162.09822184489292,162.40324825832465,159.20536551321473,161.13392639160156,51511700
2023-04-06,AAPL,159.8252203026454,162.31466233453045,159.40212310856722,162.01947021484375,45390100
2023-04-10,AAPL,158.8314221542027,159.431640625,157.5129143705151,159.431640625,47716900
2023-04-11,AAPL,159.74652133194326,159.7563555644006,157.93601661540757,158.22137451171875,47644200
2023-04-12,AAPL,158.6346426672523,159.4611686435216,157.21773241416443,157.53260803222656,50133100
2023-04-13,AAPL,159.03807402297244,163.14120127307194,158.83143501847854,162.90504455566406,68445600
2023-04-14,AAPL,161.9506011686896,163.65286938363687,161.19295983913122,162.5606689453125,49386500
2023-04-17,AAPL,162.44261368211053,162.73780588588528,161.39961424099232,162.5803680419922,41516200
2023-04-18,AAPL,163.43639900098648,164.7253892225956,162.99360326395418,163.8004608154297,49923000
2023-04-19,AAPL,163.14119328481948,165.46334834295578,162.8853530999642,164.9418487548828,47720200
2023-04-20,AAPL,163.4265370188754,165.17799130758831,162.9050374280842,163.97755432128906,52456400
2023-04-21,AAPL,162.40322071444277,163.78076396537094,161.85220341407148,162.3737030029297,58337300
2023-04-24,AAPL,162.35404681853836,162.94443117624493,161.26184626664974,162.6787567138672,41949600
2023-04-25,AAPL,162.54099521393778,163.6430299514636,161.10440134757968,161.14376831054688,48714100
2023-04-26,AAPL,160.44515464932056,162.62955575633885,160.18932943478703,161.13392639160156,45498800
2023-04-27,AAPL,162.5409858833323,165.85693915334917,162.5409858833323,165.7093505859375,64902300
2023-04-28,AAPL,165.78806481489534,167.12625617335198,165.1878463008649,166.95896911621094,55275900
2023-05-01,AAPL,166.56542643996343,167.71666253016707,165.93569007402044,166.87045288085938,52472900
2023-05-02,AAPL,167.3623966257795,167.6182368189597,164.85328597063295,165.83724975585938,48425700
2023-05-03,AAPL,166.7818533947913,168.17908009941613,164.47938185396285,164.7647247314453,65136000
2023-05-04,AAPL,162.2457710884036,164.3612870012041,161.67507035057545,163.13133239746094,81235400
2023-05-05,AAPL,168.23815821665508,171.50492585877407,168.0216849384858,170.78663635253906,113453200
2023-05-08,AAPL,169.71408033203093,171.06212101363838,169.35001851271124,170.7177276611328,55962800
2023-05-09,AAPL,170.27494492179522,170.7570775926942,168.84820036158354,169.01547241210938,45326900
2023-05-10,AAPL,170.24544525293916,171.23924342814053,169.14339542958015,170.7767791748047,53724500
2023-05-11,AAPL,171.06211698775132,171.79024060925457,169.40904995436452,170.96371459960938,49514700
2023-05-12,AAPL,171.07210045600348,171.50564580777203,168.49055408757272,170.0375213623047,45533100
2023-05-15,AAPL,170.61887671576198,170.66814597161118,168.95367509817433,169.5448760986328,37266700
2023-05-16,AAPL,169.4660482962473,170.59916600644908,169.2788341449399,169.5448760986328,42110300
2023-05-17,AAPL,169.19013234108013,170.39221479568312,167.91905489711874,170.15574645996094,57951600
2023-05-18,AAPL,170.46119076780954,172.6683237371227,170.04735615510018,172.48110961914062,65496700
2023-05-19,AAPL,173.80146880445517,173.80146880445517,172.37275062180032,172.5895233154297,55809500
2023-05-22,AAPL,171.42682777563832,172.14612580242743,170.9046067635048,171.6436004638672,43570900
2023-05-23,AAPL,170.5892951031298,170.83562631420236,168.7664381272472,169.04232788085938,50747300
2023-05-24,AAPL,168.57922839342694,169.8897122746601,168.0176010356781,169.31822204589844,45143500
2023-05-25,AAPL,169.8798495430277,171.3479738482291,169.17041449607095,170.4513397216797,56058300
2023-05-26,AAPL,170.7764937271046,173.1905363695113,170.56956891324683,172.8555145263672,54835000
2023-05-30,AAPL,174.36311323589106,176.36332172139132,173.9788370991414,174.6981201171875,55964400
2023-05-31,AAPL,174.72766202276017,176.71802248155805,174.16601962684186,174.64883422851562,99625300
2023-06-01,AAPL,175.09221783191245,177.47670209655325,174.33351350934285,177.4471435546875,68901800
2023-06-02,AAPL,178.37332240607034,179.11231590276506,176.6292935441097,178.29449462890625,61996900
2023-06-05,AAPL,179.9498694414483,182.23581511366768,175.42721727327233,176.9446258544922,121946500
2023-06-06,AAPL,177.328904296753,177.4766970018392,174.82617090162998,176.58006286621094,64848400
2023-06-07,AAPL,175.82137635899298,178.55073052308683,174.71781728969785,175.21047973632812,61944600
2023-06-08,AAPL,175.28927455408018,178.18613184931536,174.85574427470908,177.92010498046875,50214900
2023-06-09,AAPL,178.83646640490514,179.5557493602978,177.97923856717878,178.3043975830078,48900000
2023-06-12,AAPL,178.60982685528654,181.19137296447727,178.31422641468646,181.09283447265625,54274900
2023-06-13,AAPL,180.11737806569877,181.4475575367352,179.76266053311636,180.6198883056641,54929100
2023-06-14,AAPL,180.6790133216272,181.684048880549,179.3488337921871,181.25050354003903,57462900
2023-06-15,AAPL,181.26036948430115,183.78279874291368,181.08300318978328,183.2802734375,65433200
2023-06-16,AAPL,183.989688464097,184.245882524342,181.56579797087076,182.2062530517578,101256200
2023-06-20,AAPL,181.703736061192,183.3689372512462,181.703736061192,182.294921875,49799100
2023-06-21,AAPL,182.18656875714527,182.68909408055805,179.91047063421516,181.2603759765625,49515700
2023-06-22,AAPL,181.04356888160584,184.304991288712,180.97458893469445,184.25572204589844,51245300
2023-06-23,AAPL,182.8270532004463,184.8075509993679,182.29496929127177,183.94046020507807,53117000
2023-06-26,AAPL,184.08828266571635,185.2903804410641,182.511756556611,182.5511779785156,48088700
2023-06-27,AAPL,183.1620330683905,185.6253451571229,182.94526040179292,185.30018615722656,50730800
2023-06-28,AAPL,185.1721116449177,187.11320300977505,184.8469676403292,186.4727478027344,51216800
2023-06-29,AAPL,186.30522898461157,187.2807060224463,186.1672841036428,186.8077392578125,46347300
2023-06-30,AAPL,188.81783251325768,191.62599971188075,188.4532520435028,191.1234893798828,85213200
2023-07-03,AAPL,190.93624105216276,191.0347795474039,188.9458807202263,189.6356201171875,31458200
2023-07-05,AAPL,188.75868490984945,190.1479814937267,187.8226142934088,188.52220153808597,46920300
2023-07-06,AAPL,187.05407174607456,189.2020878041572,186.42346442381324,188.9951629638672,45094300
2023-07-07,AAPL,188.60099643398277,189.8425000907618,187.4481683880748,187.88169860839844,46815000
2023-07-10,AAPL,186.4825571255489,187.2018550195119,184.2951349736181,185.84210205078125,59922200
2023-07-11,AAPL,186.384037813756,186.5219826806886,183.86160879849567,185.31988525390625,46638100
2023-07-12,AAPL,186.8964015042781,188.88676181703667,185.70416691161037,186.98509216308597,60750200
2023-07-13,AAPL,187.70438329432412,188.38425984411805,186.99494820191867,187.7437896728516,41342300
2023-07-14,AAPL,187.4383607296714,188.3744164237048,186.847174781534,187.89161682128903,41616200
2023-07-17,AAPL,189.08383285312055,191.46833222271863,188.99515722491665,191.14317321777344,50520200
2023-07-18,AAPL,190.5125649317522,191.47817907078496,189.5962050071137,190.8869781494141,48288200
2023-07-19,AAPL,190.26622781119136,195.3209338889853,189.82281961650224,192.23687744140625,80507300
2023-07-20,AAPL,192.22701989757812,193.58677299126168,189.6750321641012,190.29579162597656,59581200
2023-07-21,AAPL,191.25153499324207,192.10876269219432,188.42364281090323,189.12322998046875,71951700
2023-07-24,AAPL,190.57168949200457,192.04967681854123,189.42870901778204,189.9213714599609,45377800
2023-07-25,AAPL,190.492842140126,191.58655325087184,190.08885537064708,190.7785797119141,37283200
2023-07-26,AAPL,190.82785426220883,192.7689453418544,190.48299959942145,191.6456756591797,47471900
2023-07-27,AAPL,193.1433729163405,194.30604897209747,189.72429463258095,190.38446044921875,47460200
2023-07-28,AAPL,191.8131659299023,193.7444090416655,191.2909450188625,192.9561462402344,48291400
2023-07-31,AAPL,193.18277106210203,193.6064685292723,192.394508242959,193.56704711914065,38824100
2023-08-01,AAPL,193.3601546102926,193.842954166062,192.41423613585212,192.7393951416016,35175100
2023-08-02,AAPL,192.1777357193533,192.3156805851802,189.03456234552243,189.75384521484372,50389300
2023-08-03,AAPL,188.75868668614032,189.5469345297089,187.8915960163783,188.3645477294922,61235200
2023-08-04,AAPL,182.79747042079737,184.6301752435833,179.25029494609427,179.31927490234375,115956800
2023-08-07,AAPL,179.4572213905704,180.44254624962392,174.74736976708382,176.22535705566406,97576100
2023-08-08,AAPL,177.05302113799038,177.62451134366992,174.97398514494694,177.16140747070312,67823000
2023-08-09,AAPL,178.21570618554995,178.2748232727554,174.41235154839882,175.57504272460938,60378500
2023-08-10,AAPL,176.8460961883882,178.09746293161143,174.99369573264087,175.35826110839844,54686900
2023-08-11,AAPL,174.95375100085724,176.23639103718068,174.19402209160106,175.41746520996094,52036700
2023-08-14,AAPL,175.59504844195268,177.2920967961584,174.9438523177461,177.06517028808594,43675600
2023-08-15,AAPL,176.49291042563854,177.08489459113486,174.68732936330193,175.0819854736328,43622600
2023-08-16,AAPL,174.76630032742042,176.15747319458026,174.1447025205994,174.21377563476562,46964900
2023-08-17,AAPL,174.7761679719839,175.14122571711877,171.1650049538571,171.67807006835938,66062900
2023-08-18,AAPL,170.00075151281027,172.76339001893962,169.66529224450343,172.16152954101562,61172200
2023-08-21,AAPL,172.7337706675176,173.77962299820936,171.42151715942626,173.4934844970703,46311900
2023-08-22,AAPL,174.69721483499137,175.30893640777694,173.89802631437342,174.8649444580078,42038900
2023-08-23,AAPL,176.1377232252428,179.12728783194132,175.9502562936072,178.70301818847656,52722800
2023-08-24,AAPL,178.25900483655056,178.6832744289853,173.66118769058747,174.02626037597656,54945800
2023-08-25,AAPL,175.0129045232152,176.759273390786,173.473724817143,176.2264862060547,51449600
2023-08-28,AAPL,177.68672884995053,178.1800564429962,176.16728648764175,177.785400390625,43820700
2023-08-29,AAPL,177.30196426395187,182.4325690983829,177.1046362040057,181.66297912597656,53003900
2023-08-30,AAPL,182.47204640358007,185.3432171414265,182.27471834075723,185.1458740234375,60813900
2023-08-31,AAPL,185.33334709899387,186.59626480914432,184.97815055206613,185.36294555664065,60794500
2023-09-01,AAPL,186.9613458954921,187.38560051082152,185.76748618147488,186.93174743652344,45766500
2023-09-05,AAPL,185.76746926717504,187.44478036173828,185.10641198511868,187.16851806640625,45280000
2023-09-06,AAPL,185.88585963952747,186.329866585718,179.04834537431464,180.46913146972656,81755800
2023-09-07,AAPL,172.84227669356144,175.83185624974686,171.22416252451072,175.19052124023438,112488800
2023-09-08,AAPL,175.9699602080161,177.83473792603073,175.41742065198358,175.80221557617188,65551300
2023-09-11,AAPL,177.6670388917848,177.89396541040293,174.97345890425444,176.9665069580078,58953100
2023-09-12,AAPL,177.09477490699047,177.72623373133553,172.487096210491,173.9473419189453,90370200
2023-09-13,AAPL,174.15453395453247,174.93400012779577,171.65829707262083,171.88523864746094,84267900
2023-09-14,AAPL,171.67803539320033,173.75001770449512,171.26364194197464,173.3948211669922,60895800
2023-09-15,AAPL,174.12494522635322,174.14468255030425,171.5004532372104,172.674560546875,109259500
2023-09-18,AAPL,174.12491003199494,176.98621921988467,173.81904932082622,175.59503173828125,67257600
2023-09-19,AAPL,175.1510856525732,177.23292932503867,174.76629061620125,176.68040466308594,51826900
2023-09-20,AAPL,176.86785847407558,177.3019893003594,173.05936766417838,173.14817810058594,58436200
2023-09-21,AAPL,172.2207148989756,173.9473619674597,171.53992021743218,171.60897827148438,63149100
2023-09-22,AAPL,172.33909518451154,174.7169382879251,171.7273736602944,172.45748901367188,56725400
2023-09-25,AAPL,171.8753837600089,174.60842368932387,171.82604797435675,173.7303009033203,46172700
2023-09-26,AAPL,172.48713399466078,172.86205287379087,169.36929877984454,169.66529846191406,64588900
2023-09-27,AAPL,170.3164478696235,170.73084132501634,166.7940959712009,168.15567016601562,66921800
2023-09-28,AAPL,167.0801950701548,169.73430008001054,165.38314684947002,168.4121856689453,56294400
2023-09-29,AAPL,169.72449683733615,170.7604882058458,168.06690763668684,168.92530822753906,51861100
2023-10-02,AAPL,168.9351141150612,171.97401410977108,168.64897565996583,171.4313507080078,52164500
2023-10-03,AAPL,169.96124934298015,171.31297744317223,168.54047825044546,170.09938049316406,49594600
2023-10-04,AAPL,168.80687858022958,171.88525384459265,168.68848474300435,171.34259033203125,53020300
2023-10-05,AAPL,171.47084810780015,173.10869980697885,170.3756599300563,172.57591247558594,48527900
2023-10-06,AAPL,171.48068444244805,175.6147723242181,170.86894795356997,175.12144470214844,57266700
2023-10-09,AAPL,174.450569230968,176.66068313153215,173.45405252336897,176.6014862060547,42390800
2023-10-10,AAPL,175.72330653262233,177.32168322438636,175.57529921161475,176.00942993164062,43698000
2023-10-11,AAPL,175.82201043112758,177.45000107017458,175.23002615297557,177.40066528320312,47551100
2023-10-12,AAPL,177.6670488234186,179.90674578858014,176.6507798893927,178.2985076904297,56743100
2023-10-13,AAPL,178.9990143278533,179.50220314362676,175.7627859383901,176.46331787109375,51427100
2023-10-16,AAPL,174.39134016768617,176.69024903281087,174.15453745424634,176.33505249023438,52517000
2023-10-17,AAPL,174.29265257502803,176.03903666999224,172.46734930467605,174.78598022460938,57549400
2023-10-18,AAPL,173.23695950912395,175.21027033840411,172.77323025982977,173.4934844970703,54764400
2023-10-19,AAPL,173.69080766680926,175.46679037407037,172.85215962113486,173.11856079101562,59302900
2023-10-20,AAPL,172.97054807703984,173.07908076842247,170.33618008275127,170.57298278808594,64244000
2023-10-23,AAPL,168.62928473640696,171.68790756499885,167.6623515662161,170.69139099121094,55980100
2023-10-24,AAPL,170.74067811302473,171.35239949336875,169.16202383806623,171.12547302246094,43816600
2023-10-25,AAPL,169.5863166088348,170.75056262830392,168.37271975850888,168.8167266845703,57157000
2023-10-26,AAPL,168.0964590692853,169.09299056011605,163.45918215856796,164.66290283203125,70625300
2023-10-27,AAPL,164.6826577744484,166.70530437202822,164.60372353518264,165.9751739501953,58499100
2023-10-30,AAPL,166.76449089816728,168.8857938712959,166.61648356307745,168.0175323486328,51131000
2023-10-31,AAPL,167.090040488145,168.61934378752,165.6593786065443,168.4910888671875,44846000
2023-11-01,AAPL,168.71808481806195,171.9049777602895,167.84982318964867,171.64845275878906,56934900
2023-11-02,AAPL,173.17774724497193,175.40758286457637,173.11855033416663,175.2003936767578,77334800
2023-11-03,AAPL,171.91486569633807,174.46043878115682,171.03674287311975,174.29269409179688,79829200
2023-11-06,AAPL,174.02626772873157,177.03555436857033,173.858538133294,176.83822631835938,63841300
2023-11-07,AAPL,176.78893738265648,180.0054441684603,176.58174814434753,179.3937225341797,70530000
2023-11-08,AAPL,179.91659936077735,181.00191115396063,179.1667317000403,180.4493865966797,49340300
2023-11-09,AAPL,180.51844768984608,181.6629563158929,179.38378514108624,179.9757843017578,53763500
2023-11-10,AAPL,181.75416743266703,184.3228576622084,181.3194646176673,184.15489196777344,66133400
2023-11-13,AAPL,183.5818457400509,183.78930789371245,181.99123723697812,182.5741271972656,43627500
2023-11-14,AAPL,185.43922075842696,185.8442860799284,184.05608926427885,185.18235778808597,60108400
2023-11-15,AAPL,185.5873915048758,187.2175115650197,185.5182274044454,185.74545288085935,53790500
2023-11-16,AAPL,187.2866746678448,188.6599317940755,186.37774261703024,187.42498779296875,54412900
2023-11-17,AAPL,187.9584954748911,188.08693448765237,186.29873780998344,187.40524291992188,50922700
2023-11-20,AAPL,187.6028350817968,189.59850904887813,187.592960955599,189.14404296875,46505100
2023-11-21,AAPL,189.10452557023848,189.21320125507725,187.45464204586924,188.3437957763672,38134500
2023-11-22,AAPL,189.1835465620032,190.60618938615343,188.53149251239265,189.00570678710935,39617700
2023-11-24,AAPL,188.57100791556655,188.60064536615056,186.970525284031,187.68185424804688,24048300
2023-11-27,AAPL,187.63243679384848,188.3734031425855,186.6247183385664,187.5039978027344,40552600
2023-11-28,AAPL,187.4941315522009,188.77847629228077,187.1187037624085,188.10665893554688,38415400
2023-11-29,AAPL,188.60063575450744,189.77630481775705,186.69388951411068,187.0890655517578,43014200
2023-11-30,AAPL,187.55341843722024,188.02764780463457,185.92329832736,187.6620941162109,48794400
2023-12-01,AAPL,188.03754149609296,189.25272234216075,186.9507845931041,188.93658447265625,45704800
2023-12-04,AAPL,187.69172432124148,187.7608884211111,185.19219887595256,187.1483459472656,43389500
2023-12-05,AAPL,187.9189436108549,192.05846275973383,187.8892910892655,191.09027099609372,66628400
2023-12-06,AAPL,192.10788966712872,192.4141533735728,189.79607806848605,190.0035552978516,41089700
2023-12-07,AAPL,191.29776300970337,192.6512567588297,191.25823636118903,191.9300537109375,47477700
2023-12-08,AAPL,191.86091528323507,193.629363703371,191.33730018286,193.3527374267578,53406400
2023-12-11,AAPL,190.7840156527889,191.1594434259829,189.11436907200368,190.8531646728516,60943700
2023-12-12,AAPL,190.75438957156285,192.3746354774224,189.41076991243543,192.36476135253903,52696900
2023-12-13,AAPL,192.740180817866,195.61513413450965,192.50308121236984,195.57562255859372,70404200
2023-12-14,AAPL,195.6348883112765,197.2156075489979,193.7972910796132,195.7238006591797,66831600
2023-12-15,AAPL,195.1507962246044,196.01031245444227,194.62718115642724,195.19032287597656,128538400
2023-12-18,AAPL,193.7281513997374,194.2616557044012,192.04863040265064,193.5305633544922,55751900
2023-12-19,AAPL,193.7973129513213,194.5777909959987,193.53056080250687,194.5679168701172,40714100
2023-12-20,AAPL,194.5283816611859,195.2989855460905,192.4833221435547,192.4833221435547,52242800
2023-12-21,AAPL,193.7380231930817,194.7062150802908,191.16933361068988,192.33511352539065,46482500
2023-12-22,AAPL,192.8290987313997,193.0563392932213,190.6457260678158,191.2681427001953,37149600
2023-12-26,AAPL,191.27801448490152,191.5546407459069,190.5074106042434,190.72476196289065,28919300
2023-12-27,AAPL,190.17150836602556,191.16933772508392,188.78836199381533,190.82354736328125,48087700
2023-12-28,AAPL,191.80160450052028,192.3153453788488,190.84328683758,191.24835205078125,34049900
2023-12-29,AAPL,191.56452296375952,192.0585006042798,189.4206618129017,190.2110290527344,42672100
2024-01-02,AAPL,184.89582930034305,186.17030008579115,181.6751004330507,183.40402221679688,82488700
2024-01-03,AAPL,182.00112426612563,183.6411336613478,181.22063114701328,182.03076171875,58414500
2024-01-04,AAPL,179.95603270422265,180.88471299934187,178.70134046081682,179.71893310546875,71983600
2024-01-05,AAPL,179.79798286255345,180.5586975573488,177.99989705667167,178.9977264404297,62379700
2024-01-08,AAPL,179.89679059145493,183.36452360523836,179.3139005382843,183.3249969482422,59144500
2024-01-09,AAPL,181.7047578864997,182.9199388244019,180.5290885321457,182.9100646972656,42841800
2024-01-10,AAPL,182.12956878813148,184.15486512874932,181.7047401626592,183.9474029541016,46792900
2024-01-11,AAPL,184.293153408918,184.7970202008086,181.40832608034748,183.35459899902344,49128400
2024-01-12,AAPL,183.8189619436421,184.49077939116623,182.95944565085557,183.6806488037109,40477800
2024-01-16,AAPL,179.96593271976667,182.04062970854807,178.7507369031224,181.4182281494141,65603000
2024-01-17,AAPL,179.08665457169852,180.72664884969063,178.12833676151584,180.4796600341797,47317400
2024-01-18,AAPL,183.8485869578717,186.86185345428623,183.59172402252184,186.3580017089844,78005800
2024-01-19,AAPL,187.04951962775425,189.63795687149488,186.5456680110328,189.25265502929688,68903000
2024-01-22,AAPL,189.9838116367789,192.97731505960863,189.944284981856,191.55465698242188,60133900
2024-01-23,AAPL,192.67105542323813,193.392258603415,191.4953861517841,192.82911682128903,42355600
2024-01-24,AAPL,193.06621990928545,194.01466361551056,191.9992263929076,192.1573028564453,53631300
2024-01-25,AAPL,192.8686550164736,193.90601120482225,190.7840685127456,191.831298828125,54822100
2024-01-26,AAPL,191.93007928184088,192.41416772814077,189.6281416366758,190.10235595703125,44594000
2024-01-29,AAPL,189.69728055859,189.8849944665396,187.29655655692048,189.420654296875,47145600
2024-01-30,AAPL,188.64014902264395,189.48979101081807,185.21194362297624,185.7750701904297,55859400
2024-01-31,AAPL,184.7871100896247,184.84640005696093,182.1295236081413,182.1789093017578,55467800
2024-02-01,AAPL,181.77390231724044,184.69824158324056,181.6059517240919,184.6093292236328,64885400
2024-02-02,AAPL,177.6936236133024,185.07365019396585,177.09097033579843,183.61148071289065,102551700
2024-02-05,AAPL,185.88374317202,186.9704997952812,183.60156933816975,185.41940307617188,69668800
2024-02-06,AAPL,184.60931480628847,187.02980210381148,184.5204024536245,187.0199279785156,43490800
2024-02-07,AAPL,188.3437971267345,188.74886241631052,186.33824908078665,187.1286163330078,53439000
2024-02-08,AAPL,187.1088468471974,187.257034106798,185.0934247416245,186.0517425537109,40962000
2024-02-09,AAPL,186.61557552858977,187.94113632063824,185.97259122428568,186.8134307861328,45155200
2024-02-12,AAPL,186.38806813077576,186.63537211912904,184.7756412965565,185.1317596435547,41781900
2024-02-13,AAPL,183.76666370675508,184.20192116931864,181.5310258479947,183.0445251464844,56529500
2024-02-14,AAPL,183.32148884677065,183.52921572281525,180.4725423642709,182.16409301757807,54630500
2024-02-15,AAPL,181.57057328309747,182.5004386022798,179.3943014199978,181.87722778320312,65434500
2024-02-16,AAPL,181.44199396902647,182.8565806751117,179.71086599707365,180.34396362304688,49752500
2024-02-20,AAPL,179.82955095197704,180.46264852115328,178.0588611409836,179.60203552246094,53665600
2024-02-21,AAPL,179.9779444437335,180.91769653606136,178.71174929095213,180.35385131835935,41371400
2024-02-22,AAPL,181.50135795637885,182.9654085889493,180.4923684458442,182.3817596435547,52292200
2024-02-23,AAPL,183.01485026342843,183.0445255364629,180.26483093781445,180.5517120361328,45119700
2024-02-26,AAPL,180.2747302189796,180.7891116738245,178.70186529911302,179.2063751220703,40867400
2024-02-27,AAPL,179.1470080612827,181.93658908973129,177.62360710096542,180.66050720214844,54318900
2024-02-28,AAPL,180.54178846123017,181.14521076395337,178.1874648834917,179.4635467529297,48953900
2024-02-29,AAPL,179.31516246277232,180.6011460945577,177.59392143922238,178.80076599121094,136682600
2024-03-01,AAPL,177.61373507516265,178.58316252471684,175.46713817545924,177.72254943847656,73563100
2024-03-04,AAPL,174.25039570154502,174.99230771576262,171.91584529303745,173.21173095703125,81510100
2024-03-05,AAPL,168.91849794898403,170.1846930657021,167.7907924514621,168.285400390625,95132400
2024-03-06,AAPL,169.21525418377138,169.39332087872134,166.8609157238647,167.29617309570312,68587700
2024-03-07,AAPL,167.32588185679398,168.88884496206234,166.67301076258389,167.17750549316406,71765100
2024-03-08,AAPL,167.17750030588184,171.82681238429842,167.11814976227143,168.8888397216797,76267000
2024-03-11,AAPL,171.07499261235472,172.49946586057737,170.1945911039721,170.8870391845703,60139500
2024-03-12,AAPL,171.28272310113206,172.15323790323208,169.16580172767317,171.3618621826172,59825400
2024-03-13,AAPL,170.90684419661972,171.3223130850131,168.91851047344855,169.28453063964844,52488700
2024-03-14,AAPL,171.0453430786352,172.43023944819464,170.19461671040915,171.13436889648438,72913500
2024-03-15,AAPL,169.3240932528417,170.75845336914062,168.45357838204507,170.75845336914062,121752700
2024-03-18,AAPL,173.67661275318792,175.7935338090815,171.64871749027145,171.8465576171875,75604200
2024-03-19,AAPL,172.45991109697533,174.7054356079408,171.1640405724947,174.18115234375,55215200
2024-03-20,AAPL,173.82501083363408,176.74319458007812,173.20180001631465,176.74319458007812,53423100
2024-03-21,AAPL,175.1406653733646,175.57592275278003,168.9976284397713,169.52191162109375,106181300
2024-03-22,AAPL,169.90772263085665,171.18381963278856,168.22605856941686,170.422119140625,71160100
2024-03-25,AAPL,168.73057383883838,170.085794876263,167.6226416976105,169.00755310058594,54288300
2024-03-26,AAPL,168.16670300567833,169.57138777241732,167.7512341389727,167.8798370361328,57388400
2024-03-27,AAPL,168.57227437363676,171.72787530814264,168.27550660374618,171.4409942626953,60273300
2024-03-28,AAPL,169.8978451053126,170.37266455083602,168.67121185228598,169.63075256347656,65672700
2024-04-01,AAPL,169.3438900607447,169.40324060587884,167.6523240532299,168.19639587402344,46240500
2024-04-02,AAPL,167.25662806803024,167.51381877100314,166.41578850586058,167.0192108154297,49329500
2024-04-03,AAPL,166.96973884210524,168.83935621904524,166.76201196368757,167.82046508789062,47691700
2024-04-04,AAPL,168.45358430225178,170.0660111961713,166.99945068359375,166.99945068359375,53704400
2024-04-05,AAPL,167.7611226870966,168.5524984345705,167.12802510796487,167.75123596191406,42104800
2024-04-08,AAPL,167.20715459942008,167.37531948329715,166.425680716199,166.63340759277344,37425500
2024-04-09,AAPL,166.88073030235694,168.24585316442327,166.53451377109624,167.84027099609375,42373800
2024-04-10,AAPL,166.97963118021664,167.26649712267962,165.307854051912,165.9706268310547,49709300
2024-04-11,AAPL,166.5246002673459,173.5678277091418,166.34654865134516,173.15234375,91070300
2024-04-12,AAPL,172.38075949507746,176.43655077441642,172.33131077483722,174.6460723876953,101670900
2024-04-15,AAPL,173.4689334092555,174.72524206460568,170.63977480010448,170.82772827148438,73531800
2024-04-16,AAPL,169.89781183493915,171.88613013777277,166.45534511410173,167.55337524414062,73711200
2024-04-17,AAPL,167.78091646807815,168.80969440593617,166.1882781982422,166.1882781982422,50901200
2024-04-18,AAPL,166.21794611620325,166.8213684176903,164.75391081370103,165.23861694335938,43122900
2024-04-19,AAPL,164.41756936525923,164.60550769336635,162.31053482208006,163.22061157226562,68149400
2024-04-22,AAPL,163.7350029833429,165.45622881020677,162.9930911354229,164.05154418945312,48116400
2024-04-23,AAPL,163.56687071664174,165.24853488832454,163.14149999003314,165.1001434326172,49537800
2024-04-24,AAPL,164.7439994721628,167.4742448528629,164.41757152765254,167.197265625,48251800
2024-04-25,AAPL,167.7017887376114,168.7701438382538,166.33666581552853,168.0579071044922,50558300
2024-04-26,AAPL,168.04800546826704,169.49225225997063,167.35554224826544,167.47425842285156,44838400
2024-04-29,AAPL,171.5003643815301,174.13168243053624,171.2332869429431,171.62896728515625,68169400
2024-04-30,AAPL,171.46076549698512,173.10286724293962,168.16667528163094,168.4931182861328,65934800
2024-05-01,AAPL,167.75123767315736,170.84748833564953,167.28630498280754,167.47425842285156,50383100
2024-05-02,AAPL,170.64962025703286,171.5498103000238,169.04709541575278,171.1640167236328,94214900
2024-05-03,AAPL,184.637145231003,184.98337684032407,180.6901833747752,181.4024200439453,163224100
2024-05-06,AAPL,180.3835248162661,182.21356516877452,178.47433028646978,179.75042724609375,78569700
2024-05-07,AAPL,181.47163247242835,182.90599233972117,179.3646131175579,180.43295288085935,77305800
2024-05-08,AAPL,180.8781014429479,181.0957301100937,179.49319037072598,180.769287109375,45057100
2024-05-09,AAPL,180.5912561815798,182.66861565405213,180.14611203583203,182.57958984375,48983000
2024-05-10,AAPL,183.1541015442068,183.34230991411323,180.4102677646858,181.3215789794922,50759500
2024-05-13,AAPL,183.68902280376187,185.3333522177452,182.8767582325011,184.5210876464844,72044800
2024-05-14,AAPL,185.7394637127145,186.52201273815805,184.5309821431948,185.66021728515625,52393600
2024-05-15,AAPL,186.13569714479723,188.8498155126645,185.60078753373725,187.92860412597656,70400000
2024-05-16,AAPL,188.67151097089564,189.29556710780693,187.86916171755817,188.0474548339844,52845200
2024-05-17,AAPL,187.7205471314912,189.00827490956243,187.3936613414241,188.0771484375,41282900
2024-05-20,AAPL,187.5422997392361,190.10784067213936,187.22531400566533,189.23614501953125,44361300
2024-05-21,AAPL,189.28567056183377,190.91018461353585,189.11727756366656,190.5337829589844,42309400
2024-05-22,AAPL,190.4545322055808,190.9993419606465,188.4734168160404,189.0974578857422,34648500
2024-05-23,AAPL,189.1767103485156,189.19652573516208,184.86779330766728,185.1154327392578,51005900
2024-05-24,AAPL,187.0370913918068,188.7804673088457,186.26444256610336,188.1861267089844,36327000
2024-05-28,AAPL,189.7016969806021,191.1776333738516,187.31446444482384,188.1960601806641,52280100
2024-05-29,AAPL,187.8196378873868,190.43470949642943,187.72057607583483,188.4932098388672,53068000
2024-05-30,AAPL,188.9587703074631,190.3653603450464,188.83000809203267,189.4837646484375,49889100
2024-05-31,AAPL,189.6323583658605,190.7516933437122,188.1168063750808,190.4347076416016,75158300
2024-06-03,AAPL,191.07855630297723,193.14883318833756,190.7021546904014,192.1978912353516,50080500
2024-06-04,AAPL,192.80214765697744,193.47573474401025,191.20734917579057,192.514892578125,47471400
2024-06-05,AAPL,193.5549597642067,195.040796246884,193.02996541617088,194.02052307128903,54156800
2024-06-06,AAPL,193.84224299284628,194.64459232913163,192.33659102362645,192.64366149902344,41181800
2024-06-07,AAPL,192.81202934049517,195.08041469163095,192.30685040959915,195.0308837890625,53103900
2024-06-10,AAPL,195.0408003359433,195.43703247512377,190.33565137548777,191.29649353027344,97010200
2024-06-11,AAPL,191.82150120872504,205.20394601258087,191.8017009364241,205.19403076171875,172373300
2024-06-12,AAPL,205.41194501546696,218.12080209568063,204.94638168818943,211.05813598632807,198134300
2024-06-13,AAPL,212.71235034689784,214.70336573665497,209.60200000148347,212.21707153320312,97862700
2024-06-14,AAPL,211.8307711431916,213.13829945342,209.30484597389383,210.48361206054688,70122700
2024-06-17,AAPL,211.35528688913016,216.88260054537645,210.71143044440285,214.62413024902344,93728300
2024-06-18,AAPL,215.5354294813442,216.5656178731208,210.9887736209857,212.2665863037109,79943300
2024-06-20,AAPL,211.90998899500863,212.2170745602359,206.8779694770392,207.7001190185547,86172500
2024-06-21,AAPL,208.4034185679189,209.88925500861836,205.1543907600995,205.5308074951172,241805100
2024-06-24,AAPL,205.75861973380412,210.69159220230492,204.63928484253907,206.17465209960935,80727000
2024-06-25,AAPL,207.1751328027417,209.3840873125504,206.64023830581655,207.0959014892578,55549700
2024-06-26,AAPL,209.5029286499739,212.8312027309874,208.65104852463384,211.2364044189453,66213200
2024-06-27,AAPL,212.6628556479076,213.70294435668097,210.3449540327298,212.07843017578125,49772700
2024-06-28,AAPL,213.73263728250333,214.02980761283357,208.3142855019514,208.6312561035156,82542700
2024-07-01,AAPL,210.0873519655429,215.45617219578955,209.9189589919497,214.70335388183597,60402900
2024-07-02,AAPL,214.1090169642201,218.29908645117231,213.0689435868198,218.19012451171875,58046200
2024-07-03,AAPL,217.9226407298708,219.4580078125,216.96179878656707,219.4580078125,37369800
2024-07-05,AAPL,219.55707203955853,224.31175124030364,219.55707203955853,224.20278930664065,60412400
2024-07-08,AAPL,224.9457357840812,225.69856928044197,221.1419979904105,225.6688537597656,59085900
2024-07-09,AAPL,225.7777879719569,227.23390886254344,224.23252052432463,226.5207061767578,48076100
2024-07-10,AAPL,227.1348758928893,230.87918266211804,227.08534498663496,230.78012084960935,62627700
2024-07-11,AAPL,229.2051413563895,230.19569903805672,223.6382120221272,225.4212188720703,64710600
2024-07-12,AAPL,226.75843028372813,230.4433055423661,226.5206910327904,228.36312866210935,53046500
2024-07-15,AAPL,234.2470836578572,234.99000194235265,230.88909361652625,232.1867218017578,62631300
2024-07-16,AAPL,232.78107634696724,234.03908894913195,230.1362889103225,232.602783203125,43234300
2024-07-17,AAPL,227.2834515580279,229.2744821236097,224.4999869579788,226.7188415527344,57345900
2024-07-18,AAPL,228.10562515807683,228.26411801705945,220.17126344980832,222.06321716308597,66034600
2024-07-19,AAPL,222.697149576551,224.65844923997824,221.17168252689004,222.19195556640625,49151500
2024-07-22,AAPL,224.86647978572935,225.62921338494564,220.98349573063444,221.8452911376953,48201800
2024-07-23,AAPL,222.25138924131517,224.7971293607533,220.57734458918785,222.8853454589844,39960300
2024-07-24,AAPL,221.88489130573663,222.67734036905603,215.07976577070053,216.4764404296875,61777600
2024-07-25,AAPL,216.86276105080304,218.7646448818125,212.59346035218636,215.43637084960935,51391200
2024-07-26,AAPL,216.6349653026102,217.41751434744816,213.97036267942912,215.90196228027344,41601300
2024-07-29,AAPL,214.91139345300465,217.22929471632008,213.7128120512828,216.17930603027344,36311800
2024-07-30,AAPL,217.1203256536185,218.24956072806748,214.07930652606245,216.7340087890625,41643800
2024-07-31,AAPL,219.34910640080287,221.70663863761095,218.5467570569377,219.98306274414065,50036300
2024-08-01,AAPL,222.2514024343897,222.36036437427163,214.97081319041695,216.29815673828125,62501000
2024-08-02,AAPL,217.0807092384795,223.4698183577824,215.6543188775265,217.7840118408203,105568600
2024-08-05,AAPL,197.21012147966275,211.4840610296135,194.14930192882557,207.29400634765625,119548600
2024-08-06,AAPL,203.36148541473497,208.00720313955475,199.17143085232243,205.27325439453125,69660500
2024-08-07,AAPL,204.94637966039352,211.62274392073397,204.4412006806638,207.8388214111328,63516400
2024-08-08,AAPL,211.097744151489,212.17744837655164,206.8581585633277,211.2958526611328,47161100
2024-08-09,AAPL,210.09727328743648,214.7330756065884,209.9684959625569,214.19818115234372,42201600
2024-08-12,AAPL,214.27752324509848,217.6889728146819,213.81142108338884,215.72540283203125,38028100
2024-08-13,AAPL,217.193110982268,220.04922365215185,217.193110982268,219.4343719482422,44155300
2024-08-14,AAPL,218.7402072098891,221.17979111862687,217.8774142480331,219.8806610107422,41960600
2024-08-15,AAPL,222.7367590108339,223.48053712623224,220.9120118672479,222.8557586669922,46414000
2024-08-16,AAPL,222.06237857544767,224.94824111633488,221.79461423345728,224.1747131347656,44340200
2024-08-19,AAPL,223.84746435464615,224.11522871504155,221.18968933533225,224.01605224609372,40687800
2024-08-20,AAPL,223.8970689622142,225.28544883578485,223.5797163441377,224.63092041015625,30299000
2024-08-21,AAPL,224.6408348597364,226.08871448701356,223.1830285060583,224.52182006835935,34765500
2024-08-22,AAPL,225.90027790842765,226.44571820828537,222.04254943445835,222.66732788085935,43695300
2024-08-23,AAPL,223.7879871535285,226.3267476403601,222.4690186706249,224.95819091796875,38677300
2024-08-26,AAPL,224.87885041051024,225.39454085782168,222.0326640536948,225.2953643798828,30602200
2024-08-27,AAPL,224.12514736512037,226.95151036486345,223.02435510684415,226.1383056640625,35934600
2024-08-28,AAPL,226.02922904592305,227.95313769677003,223.80780609600177,224.6110992431641,38052200
2024-08-29,AAPL,228.19113851748887,230.9877364442669,226.98125820388415,227.8836975097656,51906300
2024-08-30,AAPL,228.28039594132483,228.4886453526855,225.59287085733376,227.1002655029297,52990800
2024-09-03,AAPL,226.65400042223428,227.1002642906876,219.335218503661,220.9219512939453,50190600
2024-09-04,AAPL,219.82114598403248,219.94014563997789,215.67581475954933,219.0178680419922,43840200
2024-09-05,AAPL,219.79139340374425,223.60944526365165,219.6823053430495,220.53517150878903,36615400
2024-09-06,AAPL,222.09215251756703,223.37145940933704,217.946836225884,218.98812866210935,48423000
2024-09-09,AAPL,218.9881275735273,219.4343914347755,214.9122227273444,219.07737731933597,67180000
2024-09-10,AAPL,217.10389659918584,219.64265710486697,214.9320618304677,218.28402709960935,51591000
2024-09-11,AAPL,219.62280899168329,221.23927647566492,216.0824178921796,220.81285095214844,44587100
2024-09-12,AAPL,220.6541869199912,221.69547936785247,217.9964268983011,220.9219512939453,37455600
2024-09-13,AAPL,221.72521710949164,222.18139254741288,220.06907298412548,220.6541748046875,36766600
2024-09-16,AAPL,214.7436126542421,215.41797935337752,212.14535259122516,214.52545166015625,59357400
2024-09-17,AAPL,213.96016573653907,215.10061943149995,212.7205355758407,214.9915313720703,45519300
2024-09-18,AAPL,215.7452565018275,220.86245391858552,215.7353297749969,218.8592071533203,59894900
2024-09-19,AAPL,223.1235418425436,227.91347512552952,222.76652771175563,226.97134399414065,66781300
2024-09-20,AAPL,228.06222073119503,231.15633305592988,225.7317097608303,226.3069000244141,318679900
2024-09-23,AAPL,225.4539947207776,227.5464908680899,223.9366887373741,224.5912170410156,54146000
2024-09-24,AAPL,226.75314473243893,227.4473497336745,223.85737047004787,225.4837646484375,43556100
2024-09-25,AAPL,223.06400902085235,225.40443143928672,222.1615697374452,224.4920654296875,42308700
2024-09-26,AAPL,225.41436171300208,226.6044036950252,223.54004142995944,225.63253784179688,36636700
2024-09-27,AAPL,226.5647695239617,227.61597365379237,225.41438891191032,225.9003143310547,34026000
2024-09-30,AAPL,228.1315964288997,231.06704711914065,227.7448324488812,231.06704711914065,54541900
2024-10-01,AAPL,227.6159583693189,227.74486962890148,221.88390914906276,224.3334197998047,63285000
2024-10-02,AAPL,224.01605029183685,225.48376819979168,221.16986421787885,224.89866638183597,32880600
2024-10-03,AAPL,223.27228007150777,224.928424248049,221.4673863197881,223.79788208007807,34044200
2024-10-04,AAPL,226.00938361911108,226.10856009308668,222.27066963907552,224.91851806640625,37245100
2024-10-07,AAPL,222.63759275105315,223.81772316941647,219.4938922550209,219.8509063720703,39505400
2024-10-08,AAPL,222.4392426471427,224.10529834651464,221.39795026893304,223.8970489501953,31855700
2024-10-09,AAPL,223.36154504729691,227.8440525155232,222.96486939830248,227.6357879638672,33591100
2024-10-10,AAPL,225.8903660776275,227.5960983960084,225.2854259515482,227.1399078369141,28183500
2024-10-11,AAPL,227.39775944467095,227.5068475039757,225.4540126967509,225.6622772216797,31759200
2024-10-14,AAPL,226.80274288926017,229.8076053434174,226.70358155060512,229.3811798095703,39882100
2024-10-15,AAPL,231.67201972311165,235.51983687729248,230.44230106244424,231.9100341796875,64751400
2024-10-16,AAPL,229.6787087516564,230.19438406287304,227.9332995992129,229.85720825195312,34082200
2024-10-17,AAPL,231.4934859003546,231.91001494787184,228.6076384062416,230.2241058349609,32993800
2024-10-18,AAPL,234.2206797118992,234.2206797118992,232.0686835146529,233.05047607421875,46431500
2024-10-21,AAPL,232.5050605584077,234.8851598599691,232.5050605584077,234.51821899414065,36254500
2024-10-22,AAPL,231.949707496782,234.2603802258017,230.67041566655348,233.9033660888672,38846600
2024-10-23,AAPL,232.13812257917172,233.18932661738796,225.87054472777703,228.8456573486328,52287000
2024-10-24,AAPL,228.07212485007065,228.90516786821388,226.51515714412932,228.65724182128903,31109500
2024-10-25,AAPL,227.8341207497304,231.2852470135028,227.665532857223,229.49026489257807,38802300
2024-10-28,AAPL,231.38443735420992,232.78272881287967,230.62082086290687,231.46376037597656,36087100
2024-10-29,AAPL,231.1662732954221,232.38606532055925,230.39274516902225,231.7315368652344,35417200
2024-10-30,AAPL,230.68030356750916,231.5331697441292,227.64569128136463,228.19113159179688,47070900
2024-10-31,AAPL,227.4374266507156,227.9233671329233,223.5003599556127,224.035888671875,64370100
2024-11-01,AAPL,219.13688241025088,223.4805517303345,218.4426924836225,221.060791015625,65276700
2024-11-04,AAPL,219.15668564471403,220.94174084677013,217.8873056586193,220.168212890625,44944500
2024-11-05,AAPL,219.9599923572388,222.09215031274817,219.3054639601429,221.59629821777344,28111300
2024-11-06,AAPL,220.76328741365683,224.19459083458287,219.35506917081852,220.87237548828125,54561100
2024-11-07,AAPL,222.7665171269793,225.9895557457087,222.7070172967094,225.5928649902344,42137700
2024-11-08,AAPL,225.5332770864524,227.0125473442273,224.7787582103861,225.3247985839844,38328800
2024-11-11,AAPL,223.37895863100837,224.07391236142263,219.90417483008156,222.614501953125,42005600
2024-11-12,AAPL,222.93220374351736,223.9647042645822,221.7507748273854,222.614501953125,40398300
2024-11-13,AAPL,222.3960739824012,225.0170530189228,221.1550798335016,223.49807739257807,48566200
2024-11-14,AAPL,223.398802697962,227.22105551450989,223.3789425502784,226.57574462890625,44923900
2024-11-15,AAPL,224.768828738636,225.28508648780172,222.65418524957263,223.37892150878903,47923700
2024-11-18,AAPL,223.6271499370396,228.08480645929453,223.5477244921184,226.377197265625,44633700
2024-11-19,AAPL,225.34466282087317,228.5017596103349,225.0269762165604,226.6352996826172,36211800
2024-11-20,AAPL,226.41689814964724,228.27342054954684,224.26253412411583,227.35012817382807,35169600
2024-11-21,AAPL,227.230987838277,228.50176458087773,224.0838286281757,226.8735809326172,42108300
2024-11-22,AAPL,226.4168797117104,229.0577186823492,226.4168797117104,228.21383666992188,38168300
2024-11-25,AAPL,229.7924155701237,231.56951255942457,228.08480637706973,231.19224548339844,90152800
2024-11-26,AAPL,231.6489234928732,233.87279036398945,231.6489234928732,233.366455078125,45986200
2024-11-27,AAPL,232.78068842055708,233.99189975911068,232.1254399622211,233.23736572265625,33498400
2024-11-29,AAPL,233.11825362062933,236.0966394139658,232.28430923422,235.6201019287109,28481400
2024-12-02,AAPL,235.5605532676808,239.0551819380818,235.45134517492733,237.86383056640625,48137100
2024-12-03,AAPL,238.08222901174216,241.01097200063165,237.1787816889052,240.9017639160156,38861000
2024-12-04,AAPL,241.12021030186204,242.35128203282213,239.51188662583212,241.2592010498047,44383900
2024-12-05,AAPL,242.2321233137982,242.7781485930641,240.38552350615552,241.28895568847656,40033900
2024-12-06,AAPL,241.1598807416467,242.86748966267425,240.3358589246164,241.0903778076172,36870600
2024-12-09,AAPL,240.08769312504637,245.4587194212017,240.0082676818909,244.9722442626953,44649200
2024-12-10,AAPL,245.11121388943332,246.4217108653419,243.57237825215392,245.98487854003903,36914800
2024-12-11,AAPL,246.17352158557495,248.9930565140259,244.48575750906292,244.714111328125,45205800
2024-12-12,AAPL,245.11120954102955,246.9478867446912,243.90992066775823,246.1735076904297,32777500
2024-12-13,AAPL,246.0345362986312,247.4939314395242,244.46591792091505,246.34230041503903,33155300
2024-12-16,AAPL,246.20327957624437,249.56885459541957,245.86571770543415,249.23129272460935,51694800
2024-12-17,AAPL,248.27824960945253,252.0012319719704,247.98040799068028,251.65374755859372,51356400
2024-12-18,AAPL,250.3432677271904,252.4479889260113,245.95511429725676,246.26287841796875,56774100
2024-12-19,AAPL,245.71681628677703,250.18439476471843,245.30976661195103,247.9903106689453,60882300
2024-12-20,AAPL,246.2529371403228,253.16279902630112,243.919877297432,252.65647888183597,147495300
2024-12-23,AAPL,252.93444954402884,253.80809906094288,251.62395254537785,253.43084716796875,40858800
2024-12-24,AAPL,253.64930053302467,256.34969006633503,253.4507293352449,256.3397827148437,23234700
2024-12-26,AAPL,256.32980188696064,258.2260444048055,255.77383898408215,257.15380859375,27237100
2024-12-27,AAPL,255.9724022209019,256.8361595932908,251.23677948504653,253.74855041503903,42355300
2024-12-30,AAPL,250.4127477342041,251.673601973938,248.9434149702759,250.38296508789065,35557500
2023-01-03,MSFT,235.90725134496904,238.49846380336683,230.39484781786445,232.51052856445312,25740000
2023-01-04,MSFT,225.4259564644858,225.99854338319813,219.2924526600918,222.3397979736328,50623400
2023-01-05,MSFT,220.49584400645327,220.8355222293349,215.2163636110892,215.7501373291016,39585600
2023-01-06,MSFT,216.4198034707522,219.09835714227597,212.87751216247156,218.2928466796875,43613600
2023-01-09,MSFT,219.76798480761224,224.41665135349575,219.7291716302323,220.418212890625,27369800
2023-01-10,MSFT,221.03935048334117,224.48460157088837,220.62204584662,222.09719848632807,27033900
2023-01-11,MSFT,224.46514190067143,228.98763925739453,224.2904604069488,228.81295776367188,28669300
2023-01-12,MSFT,228.3180220940589,232.821105949786,226.6681880812586,231.4721221923828,27269500
2023-01-13,MSFT,230.0066742453539,232.30673624907556,227.9880484918301,232.17086791992188,21333300
2023-01-17,MSFT,230.9480211551264,233.80127048298723,230.0939833131721,233.2577972412109,29831300
2023-01-18,MSFT,234.4418522484385,235.22794870990265,228.57037036509703,228.851806640625,30028700
2023-01-19,MSFT,226.88172064205048,228.57038281279665,223.87318816519613,225.0863037109375,28623000
2023-01-20,MSFT,227.92981370488928,233.6363129556783,227.5901354890902,233.13165283203125,35389800
2023-01-23,MSFT,233.9857182735425,237.9356145518044,232.5784924785256,235.4220428466797,31934000
2023-01-24,MSFT,235.34439747923588,236.7516084406,233.3451855854794,234.89796447753903,40234400
2023-01-25,MSFT,227.5610098347346,236.12075825686085,224.08664593705,233.5101318359375,66526600
2023-01-26,MSFT,236.4604808024221,240.9829791980165,234.8591741746472,240.68212890625,33454500
2023-01-27,MSFT,241.6428822092,242.45809218411856,239.5466152949488,240.83737182617188,26498900
2023-01-30,MSFT,237.2950768809861,238.35292478678215,235.05324194345323,235.54820251464844,25867400
2023-01-31,MSFT,236.2663938483362,240.6336100555459,235.7811476030907,240.49774169921875,26541100
2023-02-01,MSFT,240.6821076556318,247.65023576111176,238.2267631452796,245.2919464111328,31259900
2023-02-02,MSFT,251.182852423541,256.8796381260482,249.65917223320272,256.79229736328125,39940400
2023-02-03,MSFT,251.8815727441677,256.4040702889057,249.5135692294624,250.7266845703125,29077300
2023-02-06,MSFT,249.84354121530777,250.67815038089995,247.2620281315424,249.19329833984372,22518000
2023-02-07,MSFT,252.84235731907512,260.83920438047807,252.40562393796253,259.6649169921875,50841400
2023-02-08,MSFT,265.13846022946933,268.593409822923,258.35470014039424,258.859375,54686000
2023-02-09,MSFT,265.7208390034506,265.8955501652922,255.0454213286766,255.8412322998047,42375100
2023-02-10,MSFT,253.812867726257,256.29732581806934,252.96854410513563,255.3365478515625,25818500
2023-02-13,MSFT,259.7426206728503,266.49724001770915,259.26705921966635,263.31402587890625,44630900
2023-02-14,MSFT,264.62416219078045,266.856282749665,261.33417890703004,264.138916015625,37047900
2023-02-15,MSFT,261.0547258535999,263.3994740205076,258.972656227329,262.02764892578125,28922400
2023-02-16,MSFT,256.87118053745,259.51753291113,254.8085880401168,255.05181884765625,29603600
2023-02-17,MSFT,252.36657534668237,253.04760380497552,249.068351286821,251.07257080078125,30000100
2023-02-21,MSFT,247.58949511011687,248.57215705654,244.7777476181148,245.82850646972656,28397400
2023-02-22,MSFT,247.2100335838988,247.4532643654593,243.56157186049097,244.69989013671875,22491100
2023-02-23,MSFT,248.64024584758675,249.8855863320497,243.6977943049112,247.87164306640625,29219100
2023-02-24,MSFT,243.1918464363868,244.20367985270448,241.3822090117807,242.4718780517578,24990900
2023-02-27,MSFT,245.62417017099744,245.97442307770388,242.63728915469156,243.38644409179688,21190000
2023-02-28,MSFT,242.32598969202303,244.68046206564443,241.9951845197852,242.66650390625,22491000
2023-03-01,MSFT,243.97020688018864,244.13560203633548,239.1347775749903,239.60179138183597,27565300
2023-03-02,MSFT,239.8742028427946,244.592871158647,238.95965271701235,244.31072998046875,24808200
2023-03-03,MSFT,245.36148024067188,248.69859936513,244.5831387874973,248.3775329589844,30760100
2023-03-06,MSFT,249.48666061100505,253.07674918507004,249.04884819003743,249.9147491455078,24109800
2023-03-07,MSFT,249.3602116204825,250.7125891600785,246.52901630785823,247.2684326171875,21473200
2023-03-08,MSFT,247.16137194826737,247.6478334867659,244.01883456634255,246.83058166503903,17340200
2023-03-09,MSFT,248.8931916251687,252.53191447494493,244.76799238551584,245.4879608154297,26653400
2023-03-10,MSFT,244.28157783106303,245.94526831886697,240.89580898858625,241.85899353027344,28333900
2023-03-13,MSFT,240.701198918384,250.9266314715002,239.07641892091627,247.04466247558597,33339700
2023-03-14,MSFT,249.79797477159795,254.0010091653207,248.9320739144134,253.7285919189453,33620300
2023-03-15,MSFT,252.9405641280701,259.26456442561187,252.1913943211873,258.2527160644531,46028000
2023-03-16,MSFT,258.028987963125,269.0716736937698,256.1512530626568,268.721435546875,54768800
2023-03-17,MSFT,270.72555782486927,275.6582547664565,268.8380848690044,271.8638610839844,69527400
2023-03-20,MSFT,269.4802407516752,269.96670228330714,262.543294560003,264.8588562011719,43466600
2023-03-21,MSFT,267.4371343013886,267.5538803349331,262.2222505034053,266.3669128417969,34558700
2023-03-22,MSFT,265.9971667055635,273.43031336043435,264.81019934883693,264.917236328125,34873300
2023-03-23,MSFT,270.414324094494,273.4498402612258,267.7485235593219,270.14190673828125,36610900
2023-03-24,MSFT,269.7332022897182,273.03142599171395,267.8262812456373,272.9730529785156,28172000
2023-03-27,MSFT,272.90492269572303,273.8389205347129,268.0597550905618,268.896484375,26840200
2023-03-28,MSFT,268.32248351379377,268.6630125541161,264.68373074732534,267.77764892578125,21878600
2023-03-29,MSFT,271.4065938576128,273.52758857930763,270.8714980799914,272.9146423339844,25087000
2023-03-30,MSFT,276.53394388967973,276.7576972006701,273.8584053599599,276.3587951660156,25053400
2023-03-31,MSFT,276.04753751584985,281.4375111990139,275.3372928207792,280.4937744140625,32766000
2023-04-03,MSFT,278.761931454292,280.4645469741528,276.26154151333856,279.4527282714844,24883300
2023-04-04,MSFT,279.4527472277195,282.5855611844231,277.93498937950386,279.4040832519531,25824300
2023-04-05,MSFT,278.1100534490355,279.37484150873803,275.25939610333745,276.64093017578125,22064800
2023-04-06,MSFT,275.5415966022882,284.171421432575,274.3935542461789,283.7044372558594,29770300
2023-04-10,MSFT,281.37908101323706,281.7585352734682,277.00092706983764,281.5542297363281,23103000
2023-04-11,MSFT,278.0128240085293,278.2366070491665,274.0141236263016,275.171875,27276600
2023-04-12,MSFT,277.07878271017614,279.2386732168352,274.32539366289427,275.81396484375,27403400
2023-04-13,MSFT,275.91120566345813,282.0503468765026,275.50259466661186,281.9919738769531,24222700
2023-04-14,MSFT,279.22894208294247,280.66887902365164,276.00856885442937,278.3922424316406,20987900
2023-04-17,MSFT,282.07960200286976,283.7043967289592,278.4116924129814,280.9801940917969,23836200
2023-04-18,MSFT,283.6751943988744,283.86005216252715,279.2386674537209,280.56182861328125,20161800
2023-04-19,MSFT,278.2463272755176,281.2234702218599,276.8356062940719,280.6397399902344,17150300
2023-04-20,MSFT,277.52633742538336,281.20398586251105,277.3609274204324,278.363037109375,23244400
2023-04-21,MSFT,277.2927991907115,278.5186620047946,275.3955874268566,278.0224914550781,21676400
2023-04-24,MSFT,274.45190651995864,277.234482358,271.173160031667,274.1405639648437,26611000
2023-04-25,MSFT,271.941745821894,273.9751515427264,267.91382992661585,267.9624938964844,45772200
2023-04-26,MSFT,288.66631890750085,291.45860367890464,284.80381270160626,287.372314453125,64599200
2023-04-27,MSFT,287.9560567732343,296.936147852177,287.2555509397699,296.5761413574219,46462600
2023-04-28,MSFT,295.7783383038111,300.5651029592613,295.097280309873,298.9403381347656,36469600
2023-05-01,MSFT,298.65820207273595,300.2440714597597,296.887474923344,297.286376953125,21294100
2023-05-02,MSFT,299.42681707438953,300.8083512230657,295.6810572722288,297.14044189453125,26404400
2023-05-03,MSFT,298.3176970170622,300.25380462015016,295.8562025897096,296.1578063964844,22360800
2023-05-04,MSFT,297.9479549880525,299.42681707438953,295.1848569994441,297.14044189453125,22519900
2023-05-05,MSFT,297.4420521379096,303.5228215296377,296.031301762526,302.2385559082031,28197100
2023-05-08,MSFT,301.7326615616671,301.8007733081372,297.8020437181864,300.292724609375,21318600
2023-05-09,MSFT,299.6603316018169,301.6451031506541,298.0160890953245,298.6874084472656,21340800
2023-05-10,MSFT,300.26351860842567,304.5249264836218,299.33925948976275,303.8536071777344,30078000
2023-05-11,MSFT,301.70342572575834,302.6957964886429,297.9674049998212,301.713134765625,31680200
2023-05-12,MSFT,302.14130111816417,302.23859938067807,298.2982721245842,300.6040954589844,19774700
2023-05-15,MSFT,300.7306029224894,301.50892969880647,299.261479214083,301.0808410644531,16336500
2023-05-16,MSFT,301.4407550392499,305.2157014683238,301.4407550392499,303.2990417480469,26730300
2023-05-17,MSFT,304.49838322404014,306.5849748220485,302.98703781876026,306.16571044921875,24315000
2023-05-18,MSFT,306.68252689685806,311.0800126585323,305.8927386445008,310.5729675292969,27276000
2023-05-19,MSFT,308.8372836549044,310.7971433987786,308.476519967082,310.3973693847656,27546700
2023-05-22,MSFT,310.6508883841552,314.5413277664758,310.0756125429816,313.16650390625,24115700
2023-05-23,MSFT,312.04529609718725,314.66818336254534,307.3845576035484,307.3943176269531,30797200
2023-05-24,MSFT,306.8775190368532,308.603346947372,304.81038789466385,306.0194702148437,23384900
2023-05-25,MSFT,315.1751430242443,318.7438294879401,312.0159906409768,317.7882995605469,43301700
2023-05-26,MSFT,315.9356633458704,325.0816363269195,315.7991718307155,324.5843811035156,36630600
2023-05-30,MSFT,326.86600894737563,327.36326419300417,322.2735022093098,322.9462890625,29503100
2023-05-31,MSFT,323.99940574363865,327.5583326539221,319.16313582793106,320.1967163085937,45950600
2023-06-01,MSFT,317.7980281716673,325.2084138620462,316.61822604492374,324.2821044921875,26773900
2023-06-02,MSFT,325.910528059658,329.07944119711163,324.2529308237524,327.0318298339844,25873800
2023-06-05,MSFT,326.8562818593042,330.1129454845389,326.31025620693947,327.5583190917969,21307100
2023-06-06,MSFT,326.9635018339944,327.00251216553283,323.8823700342451,325.35467529296875,20396200
2023-06-07,MSFT,323.37526627503576,326.144404188158,314.45356638917923,315.3116149902344,40717100
2023-06-08,MSFT,315.85770223750364,318.4903491637824,315.28242630303987,317.144775390625,23277700
2023-06-09,MSFT,316.881549531298,321.7568004475304,316.3160335177299,318.6366577148437,22529000
2023-06-12,MSFT,320.3819407440362,323.8141360540533,317.0472861489783,323.57037353515625,24260300
2023-06-13,MSFT,326.1249647437929,328.572349691123,322.14677395783576,325.949462890625,22951300
2023-06-14,MSFT,325.9982202996805,330.58096729872784,324.50639495848685,328.9233703613281,26003800
2023-06-15,MSFT,329.0598905688736,341.1114945004108,328.78687775426107,339.4149169921875,38899100
2023-06-16,MSFT,342.5545998111812,342.70085137133475,333.41838536086453,333.78887939453125,46552000
2023-06-20,MSFT,330.8442648527532,333.5451430628632,327.4803299242777,329.6156921386719,26375400
2023-06-21,MSFT,327.9775589781728,329.30364243212927,323.78485594149885,325.2376708984375,25117800
2023-06-22,MSFT,325.7836965611128,331.63399647710884,325.0231587622799,331.2342224121094,23556800
2023-06-23,MSFT,326.0176878258627,329.5278736059976,325.13041855453594,326.6612243652344,23146900
2023-06-26,MSFT,325.39364834816934,327.7240020967906,320.29412674467744,320.4013977050781,21520600
2023-06-27,MSFT,323.5800965917035,327.7630696544983,321.08397083431,326.2225036621094,24354100
2023-06-28,MSFT,326.310269058672,329.5474425224492,325.48147052492266,327.4705810546875,20259500
2023-06-29,MSFT,326.35897729326905,327.72404134255896,324.3211263632283,326.69049072265625,16997000
2023-06-30,MSFT,329.3231809112348,334.1789412635381,328.7869152430103,332.0435791015625,26832800
2023-07-03,MSFT,330.727231395335,332.394558661991,328.1726050055835,329.5571594238281,12508700
2023-07-05,MSFT,326.7295145394102,333.12584042536054,326.3785108077479,329.7131652832031,18172400
2023-07-06,MSFT,328.88439044633213,334.432427956872,327.1293121494876,332.7553405761719,28161200
2023-07-07,MSFT,330.8539769415479,333.26235165945616,328.5918537740865,328.8063659667969,21214800
2023-07-10,MSFT,326.25178071727987,326.8660670625544,319.4166697574399,323.5508728027344,32791400
2023-07-11,MSFT,322.80007207810127,324.55515029230673,318.84137119543414,324.1748962402344,26698200
2023-07-12,MSFT,328.201859758283,333.1258507129928,327.2950703339859,328.7868957519531,29995300
2023-07-13,MSFT,331.08802584608395,335.163728322895,330.56149043448164,334.1106872558594,20567200
2023-07-14,MSFT,338.9176246633776,342.66181307865304,335.71946186556954,336.6262512207031,28352700
2023-07-17,MSFT,337.0552945851425,338.33260777182664,333.66213945063294,337.10406494140625,20363900
2023-07-18,MSFT,337.20150526147,357.62881326178683,333.63284869185065,350.52069091796875,64738600
2023-07-19,MSFT,352.7242990079896,353.41657610071684,343.6465868791131,346.220703125,39732900
2023-07-20,MSFT,344.74845393864297,349.0386682151087,336.7530316118285,338.2156066894531,33778400
2023-07-21,MSFT,340.43870595783125,341.56000752112044,331.35123269865875,335.19293212890625,69405400
2023-07-24,MSFT,337.2210384138867,338.2643490243122,333.76935318489967,336.4994812011719,26678100
2023-07-25,MSFT,338.44955437650464,343.110321435094,336.4604740174563,342.2230224609375,41637700
2023-07-26,MSFT,332.92106736693563,336.07048951280683,324.7988843745913,329.3426208496094,58383700
2023-07-27,MSFT,331.9850338749244,332.8138025679025,320.8401897883476,322.4685363769531,39635300
2023-07-28,MSFT,325.3448958728124,331.5267083383541,324.8573709488155,329.9276123046875,28484900
2023-07-31,MSFT,328.5138683869609,329.2744062182313,325.0426629130829,327.538818359375,25446000
2023-08-01,MSFT,326.827001708787,330.0934250583603,325.37418677597503,327.94830322265625,18311900
2023-08-02,MSFT,325.3059805314277,325.3059805314277,318.2173470228,319.32891845703125,27761300
2023-08-03,MSFT,317.8663510212776,321.6495503895118,317.81761041591994,318.5098876953125,18253700
2023-08-04,MSFT,323.5996401737791,326.7783131025437,319.07539331182784,319.6019287109375,23741500
2023-08-07,MSFT,320.1772016181311,322.84882941223,319.34840306884576,321.873779296875,17741500
2023-08-08,MSFT,318.802307526203,320.54765518196075,314.94111824721926,317.9150085449219,22327600
2023-08-09,MSFT,318.32454016439254,318.94855662350545,313.039756644874,314.1903381347656,22373300
2023-08-10,MSFT,317.8857952635295,320.0699275319088,313.16655676040074,314.8728942871094,20113700
2023-08-11,MSFT,312.26953644201075,314.3658880842269,311.2457160426732,313.0008239746094,24355500
2023-08-14,MSFT,313.37141453345845,315.97478204085,312.09407132863737,315.9552917480469,18836100
2023-08-15,MSFT,314.94119179178944,316.9790429914667,312.8935805688444,313.8296203613281,16966300
2023-08-16,MSFT,313.4582836388938,316.9954627703804,312.4811692512175,313.06744384765625,20698900
2023-08-17,MSFT,313.20426358487214,314.50381263909213,308.9733414603899,309.6280212402344,21257200
2023-08-18,MSFT,307.2927349685256,311.0937247535903,304.4200159024574,309.2372131347656,24755000
2023-08-21,MSFT,310.65390632074093,315.3831354075893,309.784290200261,314.5135192871094,24040000
2023-08-22,MSFT,318.0507585907704,318.6174718604525,314.1032077999083,315.080322265625,16084600
2023-08-23,MSFT,316.40920172771865,321.66608212966844,316.0574250271208,319.51641845703125,21166400
2023-08-24,MSFT,325.2325788454507,325.3596085060313,312.63755817970616,312.6473388671875,23281400
2023-08-25,MSFT,314.11295718549064,317.91391657239774,311.5040487015702,315.5884094238281,21684100
2023-08-28,MSFT,318.20709765634393,318.68587419815776,314.3572643100924,316.2919616699219,14808500
2023-08-29,MSFT,314.51357886440167,321.451096870184,314.51357886440167,320.8941345214844,19284600
2023-08-30,MSFT,321.14816243481806,322.2620572042624,318.97896754783574,321.2654113769531,15222100
2023-08-31,MSFT,321.66608035944125,323.3369376753796,319.30145033255354,320.259033203125,26411000
2023-09-01,MSFT,323.7277442108601,324.3921747944003,319.30141751711045,321.1383972167969,14942000
2023-09-05,MSFT,321.47058500612,327.1867092747721,321.13836974277154,325.9164428710937,18553900
2023-09-06,MSFT,325.7503980121673,326.80566842614127,322.62362005663084,325.2618408203125,17535800
2023-09-07,MSFT,323.70825547986243,325.4572688809115,321.4999672739755,322.3598327636719,18381000
2023-09-08,MSFT,322.53566438985524,328.4667555070914,321.92007759322064,326.6199951171875,19530100
2023-09-11,MSFT,329.5220931094113,330.6751109123213,327.75351820340376,330.2060852050781,16583300
2023-09-12,MSFT,328.1345774558951,329.08237965274225,323.8939043767627,324.17724609375,17565500
2023-09-13,MSFT,323.7277859536388,329.141008354495,323.5910054366436,328.3690795898437,16544400
2023-09-14,MSFT,331.3884141519253,333.0592717863342,328.8674715775394,330.94873046875,20267000
2023-09-15,MSFT,329.2094292987057,329.6784251727831,322.10578782450574,322.6627502441406,37679800
2023-09-18,MSFT,320.29806225418173,322.8385654506952,318.8910152474716,321.5292358398437,16834200
2023-09-19,MSFT,318.7054070395551,321.8517165023023,317.0833936077872,321.1286315917969,16505900
2023-09-20,MSFT,321.9689546587249,322.0471106852366,313.1749256275898,313.428955078125,21436500
2023-09-21,MSFT,311.95356654433346,317.9041899225686,307.791049475954,312.2173767089844,35560400
2023-09-22,MSFT,313.96642687422224,314.09345652566765,308.9147319725734,309.75506591796875,21447900
2023-09-25,MSFT,309.34464808220946,310.39994834578414,307.7910397456029,310.2729187011719,17836000
2023-09-26,MSFT,307.9180528712019,308.6508886408052,302.92498298833925,304.9964904785156,26297600
2023-09-27,MSFT,305.1528159801847,307.1070447852302,302.6025617027996,305.6316223144531,19410100
2023-09-28,MSFT,303.8728115871533,308.2600757204857,302.3680768122536,306.4621887207031,19683600
2023-09-29,MSFT,310.478154923174,312.15879317799545,307.7715582965106,308.52392578125,24147300
2023-10-02,MSFT,309.0417036720847,314.52333029570326,307.96687199890835,314.43536376953125,20570000
2023-10-03,MSFT,313.4875679533543,314.0347793953408,304.0877331522798,306.2178649902344,21033500
2023-10-04,MSFT,306.8432936513831,312.7157618822206,306.813981406436,311.66046142578125,20720100
2023-10-05,MSFT,311.78745935358154,312.6571055637684,307.6933472507753,312.05126953125,16965600
2023-10-06,MSFT,309.3055602997531,321.65630098463043,309.06128169271835,319.7704772949219,25673600
2023-10-09,MSFT,317.3179038998877,322.7408769349448,315.78382712320234,322.2718811035156,19891200
2023-10-10,MSFT,323.38576454759857,323.52257487302114,320.1710797301385,320.8746032714844,20557100
2023-10-11,MSFT,323.6300480505899,325.2032177209948,321.60744393030456,324.8123779296875,20063200
2023-10-12,MSFT,323.0046828962765,325.9946502834495,321.1970154685532,323.5811767578125,19313100
2023-10-13,MSFT,324.7732817040409,326.190079660526,318.8910340646987,320.2297058105469,21072400
2023-10-16,MSFT,323.47370563502346,328.4472441018182,323.03402205271703,325.02734375,22158000
2023-10-17,MSFT,322.0471280716989,325.8285559881701,319.91702585909127,324.4606018066406,18338500
2023-10-18,MSFT,324.8807739787621,327.909834737972,320.7866620472197,322.55523681640625,23153600
2023-10-19,MSFT,324.5485100623169,329.1702714544596,323.336897867666,323.7375183105469,25052100
2023-10-20,MSFT,324.12841643957864,324.3238512632102,318.0019193859901,319.1940002441406,25027700
2023-10-23,MSFT,318.0214287466955,325.1152889172781,316.96615830256553,321.7833251953125,24374700
2023-10-24,MSFT,323.71800459686386,324.2456547479909,320.1026990318568,322.96563720703125,31153600
2023-10-25,MSFT,337.1239893295993,338.2770069491987,329.8933489527061,332.8735656738281,55053800
2023-10-26,MSFT,332.7465699625012,333.81162115649903,319.4578072066944,320.3860778808594,37828500
2023-10-27,MSFT,322.8679216685348,329.0139799295623,320.8843805209721,322.2621154785156,29856500
2023-10-30,MSFT,325.7796837612077,331.6814625082959,324.2358264617481,329.5904235839844,22828100
2023-10-31,MSFT,331.0952162716641,331.241777466002,327.0304168400943,330.37213134765625,20265300
2023-11-01,MSFT,332.01374650613616,339.4691349616439,331.8769361620282,338.1500244140625,28158800
2023-11-02,MSFT,339.29318001958046,340.8467882699962,336.87970636333785,340.3484802246094,24348100
2023-11-03,MSFT,341.6284859220493,346.2795596471139,339.3811050850171,344.7259216308594,23637700
2023-11-06,MSFT,345.361075900052,349.3574699781312,345.26335850207806,348.3705749511719,23828300
2023-11-07,MSFT,351.17493911544506,354.16490704694723,349.44545721598166,352.2790832519531,25833900
2023-11-08,MSFT,353.40267618539207,355.54255878691407,352.2985323074461,354.8879089355469,26767800
2023-11-09,MSFT,354.00856480709007,356.441600143659,352.11296032697913,352.4354248046875,24847300
2023-11-10,MSFT,353.2170216186205,361.6299908391932,352.8066503312719,361.2098388671875,28042100
2023-11-13,MSFT,359.7931253712149,360.0374040118228,357.5262124297735,358.2883605957031,19986500
2023-11-14,MSFT,362.51919694143055,363.43768679672274,358.9429549170476,361.7961120605469,27683900
2023-11-15,MSFT,363.5193258281366,365.3306622150657,359.436476024947,361.9429931640625,26860100
2023-11-16,MSFT,363.2060092906745,368.48335928952025,362.4423144168183,368.30712890625,27182300
2023-11-17,MSFT,365.80064944827456,366.5447732050072,359.32882848725313,362.1192626953125,40157000
2023-11-20,MSFT,363.4605799020616,370.950669899153,363.2451772540551,369.5505676269531,52465100
2023-11-21,MSFT,367.8176018281633,368.35609354646346,363.36268990163154,365.2719421386719,28423100
2023-11-22,MSFT,370.0989155578587,371.8515087359404,367.13225084262217,369.9520568847656,23345300
2023-11-24,MSFT,369.44288626548433,370.0695230751344,367.2986899991627,369.5408020019531,10176600
2023-11-27,MSFT,368.904461712827,372.68379469499627,368.336598145399,370.6961975097656,22179200
2023-11-28,MSFT,370.4415726583984,374.994370396148,370.25554172918464,374.7006530761719,20453100
2023-11-29,MSFT,375.7385254123956,376.26721663239306,369.5506210654893,370.93115234375,28963400
2023-11-30,MSFT,370.57860354905085,372.14516552640623,367.6217398530599,370.9898376464844,30554400
2023-12-01,MSFT,368.8848238631299,370.2555545365773,363.5487299547205,366.6818542480469,33040500
2023-12-04,MSFT,361.3849305128498,361.79613477265366,355.3145134346435,361.4241027832031,32063300
2023-12-05,MSFT,358.7903292029664,365.2817212233485,357.9776614584204,364.7334289550781,23065000
2023-12-06,MSFT,365.7320986020271,366.35870548187097,360.33726166675575,361.0911560058594,21182100
2023-12-07,MSFT,360.5330816435184,363.6857767752552,358.66300184093467,363.19622802734375,23118900
2023-12-08,MSFT,361.4828850941495,366.6329187107603,360.533159123913,366.4077453613281,20154400
2023-12-11,MSFT,360.77790780370736,363.8326876484096,358.44765064841334,363.5389404296875,27708800
2023-12-12,MSFT,363.0983520859286,366.59373770012405,362.7164896784692,366.5545654296875,24838300
2023-12-13,MSFT,368.1603050277397,369.74646839477913,363.0200421218617,366.5447998046875,30955500
2023-12-14,MSFT,365.5069342628608,365.9475401487158,356.5188251808004,358.2811889648437,43277500
2023-12-15,MSFT,359.1819317961551,364.6159110894826,358.6238390376856,362.9808349609375,78502300
2023-12-18,MSFT,361.7276233545495,365.2034079122954,360.97369907312446,364.8607177734375,21802900
2023-12-19,MSFT,363.72489468578055,365.4579162597656,362.109389902321,365.4579162597656,20603700
2023-12-20,MSFT,367.1616523430076,368.1701218195888,362.7850842518913,362.8731994628906,26316700
2023-12-21,MSFT,364.77259031859234,366.5839268091088,362.3052751851502,365.7321166992188,17708000
2023-12-22,MSFT,365.8691843460341,367.3378307474357,364.9194584779402,366.7503662109375,17107500
2023-12-26,MSFT,367.1616249726416,369.0610768362086,365.6929784727511,366.8287353515625,12673100
2023-12-27,MSFT,365.8789452512751,367.2203040385082,365.0173346750331,366.2510070800781,14905400
2023-12-28,MSFT,367.5238451750327,368.591057926556,366.3391454974242,367.4357299804688,14327000
2023-12-29,MSFT,368.1407288494093,369.2764857473798,365.6734134446601,368.1799011230469,18730800
2024-01-02,MSFT,366.0454121665628,368.0427796247224,359.1036138103624,363.117919921875,25258600
2024-01-03,MSFT,361.2968454478335,365.4580105992302,360.8072966064926,362.8536071777344,23083500
2024-01-04,MSFT,362.92209250603474,365.3012923191343,359.4952511707328,360.2491455078125,20901500
2024-01-05,MSFT,361.2576411312496,364.2830491168241,358.8392688743441,360.0631408691406,21004600
2024-01-08,MSFT,361.58074269539895,367.3574426143648,361.2968258961624,366.8580932617188,23134000
2024-01-09,MSFT,364.2341316530872,368.13092123395006,363.4312643972459,367.9351196289063,20830000
2024-01-10,MSFT,368.50297659226095,376.1399561660862,368.45403366179033,374.7691955566406,25514200
2024-01-11,MSFT,377.9317216506199,382.5138918300766,372.4291972197734,376.5903625488281,27850800
2024-01-12,MSFT,377.4323150873344,380.5556387457832,376.6098767088899,380.35003662109375,21661200
2024-01-16,MSFT,385.4316128958056,385.7938742722587,379.51785428757296,382.1124572753906,27202300
2024-01-17,MSFT,379.870316661969,381.9557695556543,376.7665639671979,381.32916259765625,22234100
2024-01-18,MSFT,383.5321529482961,385.7546939747168,381.9655906494616,385.63720703125,23392100
2024-01-19,MSFT,387.4877057228784,390.3368835449219,385.2749354141452,390.3368835449219,29331100
2024-01-22,MSFT,391.6586277842315,392.2460923450514,385.36303712070327,388.2220153808594,27016900
2024-01-23,MSFT,387.47789064929606,391.0320198597543,385.6959257751216,390.5620422363281,20525900
2024-01-24,MSFT,393.14689994749176,397.1514059663693,392.07968703700567,394.14556884765625,24867000
2024-01-25,MSFT,395.8687653294727,398.5025403738,394.1161721859946,396.4072570800781,21021200
2024-01-26,MSFT,395.9177133168471,397.680107020746,394.0182614789132,395.4869079589844,17803300
2024-01-29,MSFT,397.5723828631368,401.41045873539736,395.8785331996652,401.1558837890625,24510200
2024-01-30,MSFT,403.64277019124665,404.4162357513152,397.9542157503529,400.0494689941406,33477600
2024-01-31,MSFT,398.4535321203711,406.6388032074163,388.9073309710071,389.26959228515625,47871100
2024-02-01,MSFT,393.4307745878308,399.4718199134869,393.40140285508346,395.3400268554688,30657700
2024-02-02,MSFT,395.36942496681314,404.02464472350925,395.1246505510253,402.6245422363281,28256700
2024-02-05,MSFT,401.3320936868834,402.5657662041655,395.5456233801517,397.1709289550781,25352300
2024-02-06,MSFT,397.39614463854895,399.4424550677267,394.4882235276778,397.0142822265625,18382600
2024-02-07,MSFT,398.92350430633786,405.64009909216526,398.8843320384044,405.3953247070313,22340500
2024-02-08,MSFT,405.3953886087612,406.8738356895148,403.9071708692484,405.4541320800781,21225300
2024-02-09,MSFT,406.5703156804263,412.0238969836169,406.4136564644989,411.759521484375,22032800
2024-02-12,MSFT,411.7692525356792,411.9454829189744,406.0806983084005,406.5800476074219,21202900
2024-02-13,MSFT,396.4758362047706,401.49861232810986,394.9582466788669,397.8269958496094,27824900
2024-02-14,MSFT,400.2792461565028,402.01544302317166,396.8460672009255,401.672119140625,20401200
2024-02-15,MSFT,400.34791702088137,401.3190066322356,396.5714141818058,398.7980651855469,21825500
2024-02-16,MSFT,400.17136177032233,400.49507828913886,395.7376668083811,396.3458251953125,22296500
2024-02-20,MSFT,395.5414273661721,396.76756266074034,390.4112964520626,395.10003662109375,24307900
2024-02-21,MSFT,392.5300428466808,394.6095634160917,389.6363517174895,394.5016479492188,18518900
2024-02-22,MSFT,402.3587150074255,404.9482969480148,400.7696485996868,403.7908325195313,27009900
2024-02-23,MSFT,407.73411674298126,407.9204617572133,401.162019956702,402.505859375,16295900
2024-02-26,MSFT,403.6044817802024,404.2911294979053,399.5827521513917,399.7593383789063,16193500
2024-02-27,MSFT,400.2007738907874,400.524490398334,396.13982903252327,399.7005310058594,14835800
2024-02-28,MSFT,400.3871530513853,401.48576558617054,397.5817696096978,399.9359436035156,13183100
2024-02-29,MSFT,400.8383784661031,406.2922261701258,398.1703067167653,405.742919921875,31947300
2024-03-01,MSFT,403.4180696743678,407.9302529902988,403.0355310756915,407.56732177734375,17823400
2024-03-04,MSFT,405.54668869062186,409.3820433456456,404.4480762959748,406.9984436035156,17596000
2024-03-05,MSFT,406.0567462440755,406.3412180011649,392.991071894389,394.9626770019531,26919200
2024-03-06,MSFT,395.2765951551313,397.4247865981622,390.784048581795,394.4133911132813,22344100
2024-03-07,MSFT,398.3664344564578,401.9565620702222,394.56050584072034,401.3287963867188,18718500
2024-03-08,MSFT,400.1712786506048,402.58433424165736,396.6105772929008,398.4645080566406,18002200
2024-03-11,MSFT,396.051557611515,397.9348848449285,393.5992867821094,396.7970275878906,16120800
2024-03-12,MSFT,399.8377720230612,407.6360037253644,399.0236314366351,407.3515319824219,22457000
2024-03-13,MSFT,410.1177430442753,410.196202532466,403.5947092048327,407.1750183105469,17115900
2024-03-14,MSFT,412.21684262615895,419.6521433696343,410.009799228429,417.1017761230469,34157300
2024-03-15,MSFT,411.28498921650765,414.5317928189051,404.9090862008724,408.46978759765625,45079900
2024-03-18,MSFT,406.34123515822085,412.6975312789775,405.8802070917239,409.3526306152344,20106000
2024-03-19,MSFT,409.85292483110754,413.61963925736296,407.61645497892624,413.3645935058594,19837900
2024-03-20,MSFT,413.94328882066856,417.8276771775804,412.6288753346162,417.1116333007813,17860100
2024-03-21,MSFT,421.6237557740876,422.5948752417206,419.004747660182,421.1725463867188,21296200
2024-03-22,MSFT,421.4963200117596,421.6532390012991,417.9356179957843,420.55462646484375,17648500
2024-03-25,MSFT,417.1213703760103,419.24995422394994,413.5606690168653,414.7868041992188,18060500
2024-03-26,MSFT,417.4843332386425,417.8570831519167,413.30568457627095,413.5999450683594,16725600
2024-03-27,MSFT,416.3366064689131,416.3464251283888,411.0102830526892,413.3840637207031,16705000
2024-03-28,MSFT,412.9231220201488,413.81575210575176,411.11825446083225,412.6877136230469,21871200
2024-04-01,MSFT,415.8560141116514,419.7207945425888,414.15903226844193,416.4641723632813,16316000
2024-04-02,MSFT,412.0893571765106,414.3160380982415,409.86270618972446,413.39398193359375,17912000
2024-04-03,MSFT,411.7166574141744,415.1792625652165,411.0888617244366,412.42291259765625,16502300
2024-04-04,MSFT,416.8762213933396,420.4859867966176,409.5978983516999,409.9019775390625,19370900
2024-04-05,MSFT,411.9913032872843,418.3672072160066,410.3335658710208,417.3960876464844,16554800
2024-04-08,MSFT,417.0527081073557,419.12240981995205,415.21838482354366,416.4837646484375,14272400
2024-04-09,MSFT,418.2985199584035,419.5736887198931,413.5705349702072,418.1415710449219,12496900
2024-04-10,MSFT,414.1296507389469,415.93451830181,411.68719880938414,415.1792297363281,16216600
2024-04-11,MSFT,417.6903687099733,421.1725811111206,414.2964045264092,419.7600708007813,17966400
2024-04-12,MSFT,415.95406972864896,417.06250067629605,411.7557842388935,413.8451232910156,19253800
2024-04-15,MSFT,418.4554829934512,418.6712840149029,405.5369076275719,405.742919921875,20273500
2024-04-16,MSFT,406.6550977488978,410.4119627811132,405.8311384974836,406.6648864746094,16765600
2024-04-17,MSFT,409.2839508985917,410.8828360715611,402.4960529094379,403.9772338867188,15855500
2024-04-18,MSFT,402.79031869935466,404.02627254838046,396.2378594372626,396.5517272949219,21029900
2024-04-19,MSFT,396.3163545983272,397.738683518828,390.1758594431205,391.5000915527344,30565800
2024-04-22,MSFT,392.441727661041,395.1588624515417,388.1944084543801,393.304931640625,20286900
2024-04-23,MSFT,396.5223465632018,400.4067648369335,395.3648819975192,399.7887878417969,15734500
2024-04-24,MSFT,401.7407287200192,404.59517495198185,399.0138053337192,401.2502746582031,15065300
2024-04-25,MSFT,386.5072408836068,392.2553782643455,380.6217919267101,391.4216003417969,40586500
2024-04-26,MSFT,404.3009099992489,405.1150505614492,398.0132854043954,398.5625915527344,29694700
2024-04-29,MSFT,397.51309850869376,398.5626776003093,391.5687964569437,394.57037353515625,19582100
2024-04-30,MSFT,393.8248198455559,394.4820415046003,381.74005368851095,381.89697265625,28781400
2024-05-01,MSFT,385.11439972061993,394.050490048908,382.8583225669511,387.3999328613281,23562500
2024-05-02,MSFT,390.067981051651,392.2946320183516,387.1154376190438,390.2445373535156,17709400
2024-05-03,MSFT,394.5997356096934,399.3767535859637,394.18774100881984,398.8961181640625,17446700
2024-05-06,MSFT,400.95603550783153,406.0273140130064,398.6116505989638,405.644775390625,16996600
2024-05-07,MSFT,406.74340224425765,406.75322090554647,401.2797363262293,401.5249633789063,20018200
2024-05-08,MSFT,400.3773396044192,404.3598247646084,398.9451919846881,402.70208740234375,11792300
2024-05-09,MSFT,402.73150019277335,404.84044690561177,401.2895638936333,404.4480895996094,14689700
2024-05-10,MSFT,405.0562156749531,407.4496339664975,403.93796601015913,406.8218383789063,13402300
2024-05-13,MSFT,410.0294239104783,410.3629290881058,402.9766919421273,405.8213195800781,15440200
2024-05-14,MSFT,404.1538152820149,409.5193847249845,403.692787196972,408.6071472167969,15109300
2024-05-15,MSFT,410.6608977071615,416.4685249978564,410.0418061194269,415.7511596679688,22239500
2024-05-16,MSFT,414.493323488297,418.0506409370668,413.06845922359344,413.6973571777344,17530100
2024-05-17,MSFT,415.2205329091171,415.5939551336606,410.7886480687753,412.9308776855469,15352200
2024-05-20,MSFT,412.9308753558347,419.3772369114519,412.7146851212101,417.9720153808594,16272100
2024-05-21,MSFT,419.4362626425402,425.46991744124085,417.4905802068074,421.6080017089844,21453300
2024-05-22,MSFT,422.6398032435963,424.919622461389,419.7310859592396,423.0623474121094,18073700
2024-05-23,MSFT,425.4698570651074,426.0889486573305,418.0506543072696,419.603271484375,17211700
2024-05-24,MSFT,419.7899734465773,423.5929302999633,417.0581313925194,422.7085266113281,11855300
2024-05-28,MSFT,422.1877338257991,423.35712243524114,419.2102222377172,422.8657836914063,15718000
2024-05-29,MSFT,418.31595899186647,423.4750155168305,418.31595899186647,421.7356872558594,15517100
2024-05-30,MSFT,416.9500674611062,416.9500674611062,407.0643338259667,407.4869079589844,28394500
2024-05-31,MSFT,409.53083651523417,409.53083651523417,397.5028738526741,407.93890380859375,47995300
2024-06-03,MSFT,408.3319416725267,409.2163453409128,401.8364584078778,406.3567504882813,17484700
2024-06-04,MSFT,405.2856798357907,409.22622626275023,402.58331667273,408.8626403808594,14348900
2024-06-05,MSFT,410.5725176189358,416.73389525429343,409.0886648755249,416.6651306152344,16988000
2024-06-06,MSFT,416.66505364933033,417.942522272772,413.294447378338,417.1661987304688,14861300
2024-06-07,MSFT,418.8171410219632,418.8957420228007,415.6725611876173,416.5078430175781,13621700
2024-06-10,MSFT,417.3432111053911,420.6646363808704,416.5472446058039,420.4582824707031,13982900
2024-06-11,MSFT,418.1096457911631,425.3224952545953,417.88361916349896,425.1849060058594,14551100
2024-06-12,MSFT,427.7791794767063,435.7192005368738,425.7450298401941,433.4197387695313,22366200
2024-06-13,MSFT,433.2133897026112,435.7093989946261,431.7590161803077,433.93072509765625,15960600
2024-06-14,MSFT,430.68790003484014,435.4637283515464,429.1549255106968,434.9035949707031,13582000
2024-06-17,MSFT,434.92324397820295,443.1286073434569,433.0856417971322,440.6031188964844,20790000
2024-06-18,MSFT,441.919864030814,442.3424381224516,437.1833815521162,438.6082458496094,17112500
2024-06-20,MSFT,438.5689526211533,438.79497924029823,433.6260860366594,437.9793701171875,19877400
2024-06-21,MSFT,439.6302276576991,442.7747773990386,438.77530310305696,441.9886474609375,34187100
2024-06-24,MSFT,442.0082999216464,444.90721036131976,438.6770389987755,439.9152221679688,15913700
2024-06-25,MSFT,440.48515617122325,443.6002568065394,439.01114003233465,443.1383972167969,16413400
2024-06-26,MSFT,441.22215886891127,445.7424809709231,440.4261925627168,444.3274230957031,16507000
2024-06-27,MSFT,444.3470860716105,448.267989524247,443.9441847148766,445.0054931640625,14806300
2024-06-28,MSFT,445.22171482768863,447.4916975183524,438.6770788922511,439.2077331542969,28362300
2024-07-01,MSFT,440.8881138200933,449.4472268960843,437.9400811658245,448.8183288574219,17662800
2024-07-02,MSFT,445.349461110364,451.6287548273333,445.26099374388446,451.3241271972656,13979800
2024-07-03,MSFT,450.2530048130616,453.03396893483153,449.94837718806366,452.7882995605469,9932800
2024-07-05,MSFT,451.6483951731934,460.2370169877969,451.0194971621594,459.460693359375,16000300
2024-07-08,MSFT,458.4681407863274,459.5982438165906,456.414348566086,458.16351318359375,12962300
2024-07-09,MSFT,458.9104480367417,459.234718455852,450.0663494664405,451.5796813964844,17207200
2024-07-10,MSFT,453.2305642637646,458.3797852957596,450.9114295315087,458.1734313964844,18196100
2024-07-11,MSFT,454.9599929566232,456.728800279139,443.7279674951647,446.8234252929688,23111200
2024-07-12,MSFT,446.4598771804481,448.4547114032981,442.8436310012122,445.6933898925781,16324300
2024-07-15,MSFT,445.4476817175394,449.33910606074033,443.61007966105154,446.0962524414063,14429400
2024-07-16,MSFT,446.35175028412175,446.430351284593,438.92271119875926,441.733154296875,17175700
2024-07-17,MSFT,434.9231838720288,437.1440443771928,431.5722503624344,435.8370666503906,21778000
2024-07-18,MSFT,436.6429302135875,436.9475578488645,426.8751131633182,432.74169921875,20794800
2024-07-19,MSFT,425.5976608337815,433.4983968799143,424.5167095108502,429.5381774902344,20940400
2024-07-22,MSFT,434.1371082507153,436.898429671943,431.306992206013,435.2671813964844,15808800
2024-07-23,MSFT,436.21051790501895,440.6227600869156,435.4243879336588,437.1440734863281,13107100
2024-07-24,MSFT,432.82027904039575,433.8324355773718,420.183031900693,421.4703369140625,26805800
2024-07-25,MSFT,421.37218583389625,422.3548635340583,410.2777761911064,411.15234375,29943800
2024-07-26,MSFT,410.9557219733021,421.4900254467984,410.04180915234855,417.9032287597656,23583800
2024-07-29,MSFT,424.1039440821186,424.66407745687695,417.3431480436972,419.3379821777344,15125800
2024-07-30,MSFT,420.31083428857175,421.6177822082065,410.1302794845553,415.593994140625,32687600
2024-07-31,MSFT,413.2159307737182,414.4737569020805,405.06952507333295,411.1031799316406,42891400
2024-08-01,MSFT,413.5008891646309,420.0553315421952,405.9342601346404,409.8846130371094,30296400
2024-08-02,MSFT,405.3445889736249,407.8111188309651,397.3357742040084,401.4138793945313,29437900
2024-08-05,MSFT,382.4285705967925,394.0929463426896,378.9007323991664,388.3049621582031,40709200
2024-08-06,MSFT,393.071033310372,398.64282840268,391.5970169354581,392.6877746582031,24946500
2024-08-07,MSFT,401.5613886423986,402.9764167958112,390.58486666117705,391.5282287597656,20650900
2024-08-08,MSFT,395.4687471216862,398.82948747665125,393.0120532994856,395.7144165039063,20203000
2024-08-09,MSFT,397.0311150371522,400.9814670539763,395.29178698273824,398.9866333007813,19276700
2024-08-12,MSFT,400.0087309169643,401.6792947885224,397.2375729606365,399.7630615234375,16762900
2024-08-13,MSFT,402.49480977979294,407.7619759385257,402.4751670289263,406.8382568359375,19414300
2024-08-14,MSFT,407.6146028252248,410.484034234621,405.30533476037385,409.638916015625,18267000
2024-08-15,MSFT,413.27150876832536,414.5611340262228,411.16480439429694,414.4823913574219,20752100
2024-08-16,MSFT,414.0590996262473,414.787581998409,410.81040112271256,411.9622192382813,22775600
2024-08-19,MSFT,412.4445996416413,415.191219798164,409.98347800679744,414.9746398925781,15234000
2024-08-20,MSFT,415.14201975205145,419.23729981689326,415.082955234779,418.19378662109375,16387600
2024-08-21,MSFT,417.48500333716095,419.76893159636126,415.1617187597954,417.5440979003906,16067300
2024-08-22,MSFT,417.7606371537281,420.1528703345148,408.16226230018384,409.087646484375,19361900
2024-08-23,MSFT,410.4954277824997,412.7399696060687,405.6814592418378,410.3083801269531,18493800
2024-08-26,MSFT,409.8948787784743,410.7907306533513,404.94310328054127,407.0596618652344,13152800
2024-08-27,MSFT,406.4394653233815,407.91613833509496,403.8700687036349,407.40423583984375,13492900
2024-08-28,MSFT,408.4280383994025,408.5461674240689,400.97575531583215,404.214599609375,14882700
2024-08-29,MSFT,408.4871383812944,415.4865540874309,404.2146347079457,406.6954345703125,17045200
2024-08-30,MSFT,409.13683384861065,410.9974260333262,405.7207960910566,410.6528930664063,24308300
2024-09-03,MSFT,411.4109748667296,413.35034007836833,400.7001678121759,403.07269287109375,20313600
2024-09-04,MSFT,399.5976148877818,404.8447137580876,398.0815553280134,402.5411071777344,15135800
2024-09-05,MSFT,401.2809872314555,406.67577709695456,399.8141682348964,402.0390319824219,14195500
2024-09-06,MSFT,402.6986232207198,404.26389320560224,394.5670665291359,395.4530944824219,19609500
2024-09-09,MSFT,400.9068736495872,402.2949499033103,395.8960334382977,399.4105224609375,15295100
2024-09-10,MSFT,401.8519747424291,409.8555175047399,401.3597503882825,407.7586669921875,19594300
2024-09-11,MSFT,409.0383701691834,417.3963286967912,403.2104215678353,416.4611206054688,19266900
2024-09-12,MSFT,416.72694031699655,420.7237992857079,413.2223056552003,420.3595581054688,17395700
2024-09-13,MSFT,419.2077526362247,425.1144444971336,418.8435114450135,423.8937377929688,15874600
2024-09-16,MSFT,423.9035976857479,426.7880250402565,421.5606050753592,424.632080078125,13834700
2024-09-17,MSFT,433.3838900790578,434.9786922694464,425.5476562886912,428.38287353515625,18874200
2024-09-18,MSFT,428.235163297131,429.249144206207,423.7165475930165,424.1103210449219,18898000
2024-09-19,MSFT,434.368305934069,434.6340962646663,430.1056262859268,431.8677978515625,21706600
2024-09-20,MSFT,430.42066355244185,432.4092391189892,427.4673174405253,428.5009765625,55167100
2024-09-23,MSFT,427.5263862762674,429.6724772622792,423.6968964015023,426.7683715820313,15128900
2024-09-24,MSFT,426.26624401276456,426.6108070315339,419.4735546779715,422.4958190917969,17015800
2024-09-25,MSFT,423.14559476109406,426.3844395741606,421.9052097601472,425.39013671875,13396400
2024-09-26,MSFT,428.32378449228514,428.5305103087993,422.45647860829,424.6025695800781,14492000
2024-09-27,MSFT,424.8093096047705,425.1341945131492,420.82230422369577,421.3637390136719,14896100
2024-09-30,MSFT,421.5507517579481,423.7264049247719,418.7549211722127,423.6082458496094,16807300
2024-10-01,MSFT,421.78703621784,421.81656847562806,412.2969368087723,414.147705078125,19092900
2024-10-02,MSFT,416.00832438993655,416.24461251055664,410.2296152449858,410.6430969238281,16582300
2024-10-03,MSFT,411.1353624953208,413.0254873918148,407.8473070657378,410.0623168945313,13686400
2024-10-04,MSFT,411.7357819472086,413.2223089798081,408.5166457695598,409.5896911621094,19169700
2024-10-07,MSFT,409.5306729821077,410.6233966552464,402.6395318501973,403.171142578125,20919800
2024-10-08,MSFT,404.5099645290717,409.19594995144206,401.82243880752753,408.2607116699219,19229300
2024-10-09,MSFT,409.3928021729279,413.8425293093592,407.8570646785986,410.9679260253906,14974300
2024-10-10,MSFT,408.7726391492543,410.859665558973,406.7249690560659,409.3731384277344,13848400
2024-10-11,MSFT,409.6685095636407,410.6431041941081,406.8234383088548,409.845703125,14144900
2024-10-14,MSFT,411.2731366880873,417.4456494762865,411.0270245046469,412.6218566894531,16653100
2024-10-15,MSFT,415.61453317923247,415.9098858066577,408.8021651923356,412.22802734375,18900200
2024-10-16,MSFT,408.7136258843136,409.8850923292836,404.0965585595149,409.6488342285156,15508900
2024-10-17,MSFT,415.7917775196676,415.92961477123424,409.12707001088165,410.239501953125,14820000
2024-10-18,MSFT,410.6529166681237,413.1238623045801,409.7865970653071,411.6570434570313,17145300
2024-10-21,MSFT,409.6487883889798,412.4446190928575,407.3156497759933,412.2674255371094,14206100
2024-10-22,MSFT,411.9819473916582,423.88392916296095,411.538963480364,420.8616943359375,25482200
2024-10-23,MSFT,424.1595460644349,424.37612597688815,415.9591017360249,417.9969177246094,19654400
2024-10-24,MSFT,418.7155536346828,419.3554693260351,415.83112614516494,418.1249084472656,13581600
2024-10-25,MSFT,420.1233311665373,425.7937351729216,419.9362835126177,421.49169921875,16899100
2024-10-28,MSFT,424.9471560845272,425.222800536086,419.6704950994104,419.95599365234375,14882400
2024-10-29,MSFT,421.3440208086144,426.4336335312221,419.17822176857095,425.2326049804688,17644100
2024-10-30,MSFT,430.6372355196224,431.6807487231308,425.3802831426112,425.8035888671875,29749100
2024-10-31,MSFT,408.9005934690843,409.6881704469,399.9814907408766,400.0307312011719,53971000
2024-11-01,MSFT,402.64935394726,409.0384161036912,401.162826864631,403.9881896972656,24230400
2024-11-04,MSFT,403.4270371998159,404.0374205874987,399.26283871579096,402.1078796386719,19672300
2024-11-05,MSFT,402.0193362267301,408.4477854424002,401.7338376736444,405.061279296875,17626000
2024-11-06,MSFT,406.0063586804049,413.9114807851586,404.13588205793,413.6456604003906,26681800
2024-11-07,MSFT,414.7285695615749,420.21195632741785,413.3503473156427,418.8140258789063,19901800
2024-11-08,MSFT,418.7056990989207,419.8673412736044,415.2207425318816,415.9689331054688,16891400
2024-11-11,MSFT,415.9492425000552,418.2036383732599,409.530647967578,411.5093994140625,24503300
2024-11-12,MSFT,411.7456911405818,417.8394313280264,410.7120319666306,416.4513549804688,19401200
2024-11-13,MSFT,415.08301112040346,422.6533948379816,411.7063288657566,418.587646484375,21502200
2024-11-14,MSFT,418.3906898263496,421.5114053670285,413.4684464166278,420.2513122558594,30246900
2024-11-15,MSFT,413.2912534776132,416.2248913266483,407.2073678244848,408.5462036132813,28247600
2024-11-18,MSFT,408.41825976061074,411.8933627455597,405.6913474607701,409.29443359375,24727000
2024-11-19,MSFT,406.6856037529655,411.4405079817959,405.1498661250552,411.2928466796875,18133500
2024-11-20,MSFT,410.3871084118776,410.8005900683197,404.1949179235437,409.028564453125,19191700
2024-11-21,MSFT,413.80284233986384,414.0790385036892,404.71793020151534,407.2628784179688,20780200
2024-11-22,MSFT,405.7832472742104,411.7313536377423,405.4774597411712,411.3367919921875,24814600
2024-11-25,MSFT,412.69810354496985,415.36141754143,409.2160446876401,413.1025390625,27691100
2024-11-26,MSFT,413.8916059444426,423.213278917344,413.1616654092492,422.1775207519531,23458900
2024-11-27,MSFT,419.33662612341953,421.427859986681,416.2885945934304,417.2454223632813,18332400
2024-11-29,MSFT,414.384847961252,419.10980447039015,412.1259395107062,417.7090759277344,16271900
2024-12-02,MSFT,415.8447747907503,427.1195397112649,415.5882961500709,425.1269836425781,20207200
2024-12-03,MSFT,424.0024178809453,426.5967051479557,421.9309315766428,425.3439636230469,18302000
2024-12-04,MSFT,427.1490975254907,433.698935348809,426.754535872994,431.4794921875,26009400
2024-12-05,MSFT,431.9726738856543,438.62112911545074,430.24644042721326,436.60882568359375,21697800
2024-12-06,MSFT,436.29321828806303,440.0416294660397,435.7704172944161,437.5459899902344,18821000
2024-12-09,MSFT,436.5891099408423,442.2412722506749,434.5176237615362,439.962646484375,19144400
2024-12-10,MSFT,438.3548361326827,443.5137892049513,435.6027181772746,437.3092041015625,18469500
2024-12-11,MSFT,438.0194510528632,444.23391032066826,438.0194510528632,442.8923645019531,19200200
2024-12-12,MSFT,443.0106891858234,449.96496224230685,443.0106891858234,443.45458984375,20834800
2024-12-13,MSFT,442.34983294961415,445.2992167545738,439.5286583553318,441.1957092285156,20177800
2024-12-16,MSFT,441.19569319284585,446.039014950384,439.232728669252,445.45703125,23598800
2024-12-17,MSFT,444.8849272856994,449.1068002031095,443.4644812477741,448.2880554199219,22733500
2024-12-18,MSFT,445.1907017883104,446.5026260235917,431.08488976149135,431.4498901367188,24444500
2024-12-19,MSFT,435.6224481744677,437.1612597390131,430.39443838506674,431.09478759765625,22963700
2024-12-20,MSFT,427.2280003408309,437.7136411325363,422.8088616417394,430.6706237792969,64263700
2024-12-23,MSFT,430.8087137218764,431.706358810308,426.9518110200716,429.3389587402344,19152500
2024-12-24,MSFT,428.74709084992185,433.6298778354008,428.2933464556966,433.363525390625,7164500
2024-12-26,MSFT,433.11689244443306,434.95164765481866,430.7001836707867,432.1600646972656,8194200
2024-12-27,MSFT,428.6977776838133,429.30935275325726,420.5598195240772,424.68304443359375,18117700
2024-12-30,MSFT,420.2737923808389,421.7435474622816,416.17028459927946,419.06048583984375,13158700
2023-01-03,TSLA,118.47000122070312,118.8000030517578,104.63999938964844,108.0999984741211,231402800
2023-01-04,TSLA,109.11000061035156,114.58999633789062,107.5199966430664,113.63999938964844,180389000
2023-01-05,TSLA,110.51000213623048,111.75,107.16000366210938,110.33999633789062,157986300
2023-01-06,TSLA,103.0,114.38999938964844,101.80999755859376,113.05999755859376,220911100
2023-01-09,TSLA,118.95999908447266,123.5199966430664,117.11000061035156,119.7699966430664,190284000
2023-01-10,TSLA,121.06999969482422,122.76000213623048,114.91999816894533,118.8499984741211,167642500
2023-01-11,TSLA,122.08999633789062,125.9499969482422,120.51000213623048,123.22000122070312,183810800
2023-01-12,TSLA,122.55999755859376,124.12999725341795,117.0,123.55999755859376,169400900
2023-01-13,TSLA,116.5500030517578,122.62999725341795,115.5999984741211,122.4000015258789,180714100
2023-01-17,TSLA,125.6999969482422,131.6999969482422,125.0199966430664,131.49000549316406,186477000
2023-01-18,TSLA,136.55999755859375,136.67999267578125,127.01000213623048,128.77999877929688,195680300
2023-01-19,TSLA,127.26000213623048,129.99000549316406,124.30999755859376,127.16999816894533,170291900
2023-01-20,TSLA,128.67999267578125,133.50999450683594,127.3499984741211,133.4199981689453,138858100
2023-01-23,TSLA,135.8699951171875,145.3800048828125,134.27000427246094,143.75,203119200
2023-01-24,TSLA,143.0,146.5,141.10000610351562,143.88999938964844,158699100
2023-01-25,TSLA,141.91000366210938,146.41000366210938,138.07000732421875,144.42999267578125,192734300
2023-01-26,TSLA,159.97000122070312,161.4199981689453,154.75999450683594,160.27000427246094,234815100
2023-01-27,TSLA,162.42999267578125,180.67999267578125,161.1699981689453,177.89999389648438,306590600
2023-01-30,TSLA,178.0500030517578,179.77000427246094,166.5,166.66000366210938,230878800
2023-01-31,TSLA,164.57000732421875,174.3000030517578,162.77999877929688,173.22000122070312,196813500
2023-02-01,TSLA,173.88999938964844,183.80999755859372,169.92999267578125,181.41000366210935,213806300
2023-02-02,TSLA,187.3300018310547,196.75,182.6100006103516,188.2700042724609,217448300
2023-02-03,TSLA,183.9499969482422,199.0,183.69000244140625,189.97999572753903,232662000
2023-02-06,TSLA,193.00999450683597,198.1699981689453,189.9199981689453,194.75999450683597,186188100
2023-02-07,TSLA,196.42999267578125,197.5,189.5500030517578,196.80999755859372,186010300
2023-02-08,TSLA,196.1000061035156,203.0,194.30999755859372,201.2899932861328,180673600
2023-02-09,TSLA,207.77999877929688,214.0,204.7700042724609,207.32000732421875,215431400
2023-02-10,TSLA,202.22999572753903,206.1999969482422,192.88999938964844,196.88999938964844,204754100
2023-02-13,TSLA,194.4199981689453,196.3000030517578,187.6100006103516,194.63999938964844,172475500
2023-02-14,TSLA,191.94000244140625,209.82000732421875,189.44000244140625,209.25,216455700
2023-02-15,TSLA,211.75999450683597,214.66000366210935,206.1100006103516,214.2400054931641,181006400
2023-02-16,TSLA,210.77999877929688,217.6499938964844,201.83999633789065,202.0399932861328,229586500
2023-02-17,TSLA,199.9900054931641,208.44000244140625,197.5,208.30999755859372,213738500
2023-02-21,TSLA,204.9900054931641,209.7100067138672,197.22000122070312,197.3699951171875,180018600
2023-02-22,TSLA,197.92999267578125,201.9900054931641,191.77999877929688,200.8600006103516,191828500
2023-02-23,TSLA,203.91000366210935,205.13999938964844,196.3300018310547,202.07000732421875,146360000
2023-02-24,TSLA,196.3300018310547,197.6699981689453,192.8000030517578,196.8800048828125,142228100
2023-02-27,TSLA,202.02999877929688,209.4199981689453,201.25999450683597,207.6300048828125,161028300
2023-02-28,TSLA,210.58999633789065,211.22999572753903,203.75,205.7100067138672,153144900
2023-03-01,TSLA,206.2100067138672,207.1999969482422,198.5200042724609,202.7700042724609,156852800
2023-03-02,TSLA,186.7400054931641,193.75,186.00999450683597,190.8999938964844,181500700
2023-03-03,TSLA,194.8000030517578,200.47999572753903,192.8800048828125,197.7899932861328,154193300
2023-03-06,TSLA,198.5399932861328,198.6000061035156,192.3000030517578,193.80999755859372,128100100
2023-03-07,TSLA,191.3800048828125,194.1999969482422,186.1000061035156,187.7100067138672,148125800
2023-03-08,TSLA,185.0399932861328,186.5,180.0,182.0,151897800
2023-03-09,TSLA,180.25,185.17999267578125,172.50999450683594,172.9199981689453,170023800
2023-03-10,TSLA,175.1300048828125,178.2899932861328,168.44000244140625,173.44000244140625,191488900
2023-03-13,TSLA,167.4600067138672,177.35000610351562,163.91000366210938,174.47999572753906,167790300
2023-03-14,TSLA,177.30999755859375,183.8000030517578,177.13999938964844,183.25999450683597,143717900
2023-03-15,TSLA,180.8000030517578,182.33999633789065,176.02999877929688,180.4499969482422,145995600
2023-03-16,TSLA,180.3699951171875,185.80999755859372,178.83999633789062,184.1300048828125,121136800
2023-03-17,TSLA,184.5200042724609,186.22000122070312,177.3300018310547,180.1300048828125,133197100
2023-03-20,TSLA,178.0800018310547,186.44000244140625,176.35000610351562,183.25,129684400
2023-03-21,TSLA,188.27999877929688,198.0,188.0399932861328,197.5800018310547,153391400
2023-03-22,TSLA,199.3000030517578,200.66000366210935,190.9499969482422,191.1499938964844,150376400
2023-03-23,TSLA,195.25999450683597,199.30999755859372,188.6499938964844,192.22000122070312,144193900
2023-03-24,TSLA,191.6499938964844,192.3600006103516,187.1499938964844,190.41000366210935,116312400
2023-03-27,TSLA,194.4199981689453,197.38999938964844,189.94000244140625,191.80999755859372,120851600
2023-03-28,TSLA,192.0,192.3500061035156,185.42999267578125,189.19000244140625,98654600
2023-03-29,TSLA,193.1300048828125,195.2899932861328,189.44000244140625,193.8800048828125,123660000
2023-03-30,TSLA,195.5800018310547,197.3300018310547,194.4199981689453,195.27999877929688,110252200
2023-03-31,TSLA,197.52999877929688,207.7899932861328,197.1999969482422,207.4600067138672,170222100
2023-04-03,TSLA,199.91000366210935,202.69000244140625,192.1999969482422,194.7700042724609,169545900
2023-04-04,TSLA,197.32000732421875,198.7400054931641,190.32000732421875,192.5800018310547,126463800
2023-04-05,TSLA,190.5200042724609,190.67999267578125,183.75999450683597,185.5200042724609,133882500
2023-04-06,TSLA,183.0800018310547,186.38999938964844,179.74000549316406,185.05999755859372,123857900
2023-04-10,TSLA,179.94000244140625,185.1000061035156,176.11000061035156,184.50999450683597,142154600
2023-04-11,TSLA,186.69000244140625,189.19000244140625,185.6499938964844,186.7899932861328,115770900
2023-04-12,TSLA,190.7400054931641,191.5800018310547,180.30999755859372,180.5399932861328,150256300
2023-04-13,TSLA,182.9600067138672,186.5,180.94000244140625,185.8999938964844,112933000
2023-04-14,TSLA,183.9499969482422,186.27999877929688,182.00999450683597,185.0,96438700
2023-04-17,TSLA,186.32000732421875,189.69000244140625,182.69000244140625,187.0399932861328,116662200
2023-04-18,TSLA,187.1499938964844,187.69000244140625,183.5800018310547,184.30999755859372,92067000
2023-04-19,TSLA,179.10000610351562,183.5,177.64999389648438,180.58999633789065,125732700
2023-04-20,TSLA,166.1699981689453,169.6999969482422,160.55999755859375,162.99000549316406,210970800
2023-04-21,TSLA,164.8000030517578,166.0,161.32000732421875,165.0800018310547,123539000
2023-04-24,TSLA,164.64999389648438,165.64999389648438,158.61000061035156,162.5500030517578,140006600
2023-04-25,TSLA,159.82000732421875,163.47000122070312,158.75,160.6699981689453,121999300
2023-04-26,TSLA,160.2899932861328,160.6699981689453,153.13999938964844,153.75,153364100
2023-04-27,TSLA,152.63999938964844,160.47999572753906,152.3699951171875,160.19000244140625,127015200
2023-04-28,TSLA,160.89999389648438,165.0,157.32000732421875,164.30999755859375,122515800
2023-05-01,TSLA,163.1699981689453,163.27999877929688,158.8300018310547,161.8300018310547,109015000
2023-05-02,TSLA,161.8800048828125,165.49000549316406,158.92999267578125,160.30999755859375,128259700
2023-05-03,TSLA,160.00999450683594,165.0,159.91000366210938,160.61000061035156,119728000
2023-05-04,TSLA,162.7100067138672,162.9499969482422,159.64999389648438,161.1999969482422,95108500
2023-05-05,TSLA,163.97000122070312,170.7899932861328,163.50999450683594,170.05999755859375,107607300
2023-05-08,TSLA,173.72000122070312,173.8000030517578,169.19000244140625,171.7899932861328,112249400
2023-05-09,TSLA,168.9499969482422,169.82000732421875,166.55999755859375,169.14999389648438,88965000
2023-05-10,TSLA,172.5500030517578,174.42999267578125,166.67999267578125,168.5399932861328,119840700
2023-05-11,TSLA,168.6999969482422,173.57000732421875,166.7899932861328,172.0800018310547,103889900
2023-05-12,TSLA,176.07000732421875,177.3800048828125,167.22999572753906,167.97999572753906,157849600
2023-05-15,TSLA,167.66000366210938,169.75999450683594,164.5500030517578,166.35000610351562,105592500
2023-05-16,TSLA,165.64999389648438,169.52000427246094,164.35000610351562,166.52000427246094,98288800
2023-05-17,TSLA,168.41000366210938,174.5,167.19000244140625,173.86000061035156,125473600
2023-05-18,TSLA,174.22000122070312,177.05999755859375,172.4499969482422,176.88999938964844,109520300
2023-05-19,TSLA,177.1699981689453,181.9499969482422,176.30999755859375,180.13999938964844,136196700
2023-05-22,TSLA,180.6999969482422,189.32000732421875,180.11000061035156,188.8699951171875,132001400
2023-05-23,TSLA,186.1999969482422,192.9600067138672,185.25999450683597,185.7700042724609,156952100
2023-05-24,TSLA,182.22999572753903,184.22000122070312,178.22000122070312,182.8999938964844,137605100
2023-05-25,TSLA,186.5399932861328,186.77999877929688,180.5800018310547,184.47000122070312,96870700
2023-05-26,TSLA,184.6199951171875,198.6000061035156,184.52999877929688,193.1699981689453,162061500
2023-05-30,TSLA,200.1000061035156,204.47999572753903,197.52999877929688,201.16000366210935,128818700
2023-05-31,TSLA,199.77999877929688,203.9499969482422,195.1199951171875,203.92999267578125,150711700
2023-06-01,TSLA,202.58999633789065,209.8000030517578,199.3699951171875,207.5200042724609,148029900
2023-06-02,TSLA,210.1499938964844,217.25,209.75,213.97000122070312,164398400
2023-06-05,TSLA,217.8000030517578,221.2899932861328,214.5200042724609,217.6100006103516,151143100
2023-06-06,TSLA,216.13999938964844,221.91000366210935,212.52999877929688,221.30999755859372,146911600
2023-06-07,TSLA,228.0,230.8300018310547,223.1999969482422,224.57000732421875,185710800
2023-06-08,TSLA,224.22000122070312,235.22999572753903,223.00999450683597,234.8600006103516,164489700
2023-06-09,TSLA,249.07000732421875,252.4199981689453,242.0200042724609,244.3999938964844,200242400
2023-06-12,TSLA,247.94000244140625,250.97000122070312,244.58999633789065,249.8300018310547,150337900
2023-06-13,TSLA,253.50999450683597,259.67999267578125,251.33999633789065,258.7099914550781,162384300
2023-06-14,TSLA,260.1700134277344,261.57000732421875,250.5,256.7900085449219,170575500
2023-06-15,TSLA,248.3999938964844,258.95001220703125,247.2899932861328,255.8999938964844,160171200
2023-06-16,TSLA,258.9200134277344,263.6000061035156,257.2099914550781,260.5400085449219,167915600
2023-06-20,TSLA,261.5,274.75,261.1199951171875,274.45001220703125,165611200
2023-06-21,TSLA,275.1300048828125,276.989990234375,257.7799987792969,259.4599914550781,211797100
2023-06-22,TSLA,250.7700042724609,265.0,248.25,264.6099853515625,166875900
2023-06-23,TSLA,259.2900085449219,262.45001220703125,252.8000030517578,256.6000061035156,177460800
2023-06-26,TSLA,250.07000732421875,258.3699951171875,240.6999969482422,241.0500030517578,179990600
2023-06-27,TSLA,243.2400054931641,250.38999938964844,240.8500061035156,250.2100067138672,164968200
2023-06-28,TSLA,249.6999969482422,259.8800048828125,248.88999938964844,256.239990234375,159770800
2023-06-29,TSLA,258.0299987792969,260.739990234375,253.6100006103516,257.5,131283400
2023-06-30,TSLA,260.6000061035156,264.45001220703125,259.8900146484375,261.7699890136719,112620800
2023-07-03,TSLA,276.489990234375,284.25,275.1099853515625,279.82000732421875,119685900
2023-07-05,TSLA,278.82000732421875,283.8500061035156,277.6000061035156,282.4800109863281,131530900
2023-07-06,TSLA,278.0899963378906,279.9700012207031,272.8800048828125,276.5400085449219,120332100
2023-07-07,TSLA,278.42999267578125,280.7799987792969,273.7699890136719,274.42999267578125,113879200
2023-07-10,TSLA,276.4700012207031,277.5199890136719,265.1000061035156,269.6099853515625,119425400
2023-07-11,TSLA,268.6499938964844,270.8999938964844,266.3699951171875,269.7900085449219,91972400
2023-07-12,TSLA,276.3299865722656,276.5199890136719,271.4599914550781,271.989990234375,95672100
2023-07-13,TSLA,274.5899963378906,279.45001220703125,270.6000061035156,277.8999938964844,112681500
2023-07-14,TSLA,277.010009765625,285.29998779296875,276.3099975585937,281.3800048828125,120062400
2023-07-17,TSLA,286.6300048828125,292.2300109863281,283.57000732421875,290.3800048828125,131569600
2023-07-18,TSLA,290.1499938964844,295.260009765625,286.010009765625,293.3399963378906,112120300
2023-07-19,TSLA,296.0400085449219,299.2900085449219,289.5199890136719,291.260009765625,142355400
2023-07-20,TSLA,279.5599975585937,280.92999267578125,261.20001220703125,262.8999938964844,175158300
2023-07-21,TSLA,268.0,268.0,255.8000030517578,260.0199890136719,161796100
2023-07-24,TSLA,255.8500061035156,269.8500061035156,254.1199951171875,269.0599975585937,136508500
2023-07-25,TSLA,272.3800048828125,272.8999938964844,265.0,265.2799987792969,112757300
2023-07-26,TSLA,263.25,268.0400085449219,261.75,264.3500061035156,95856200
2023-07-27,TSLA,268.3099975585937,269.1300048828125,255.3000030517578,255.7100067138672,103697300
2023-07-28,TSLA,259.8599853515625,267.25,258.2300109863281,266.44000244140625,111446000
2023-07-31,TSLA,267.4800109863281,269.0799865722656,263.7799987792969,267.42999267578125,84582200
2023-08-01,TSLA,266.260009765625,266.4700012207031,260.25,261.07000732421875,83166000
2023-08-02,TSLA,255.57000732421875,259.5199890136719,250.4900054931641,254.1100006103516,101752900
2023-08-03,TSLA,252.0399932861328,260.489990234375,252.0,259.32000732421875,97569100
2023-08-04,TSLA,260.9700012207031,264.7699890136719,253.1100006103516,253.8600006103516,99539900
2023-08-07,TSLA,251.4499969482422,253.6499938964844,242.75999450683597,251.4499969482422,111097900
2023-08-08,TSLA,247.4499969482422,250.9199981689453,245.00999450683597,249.6999969482422,96642200
2023-08-09,TSLA,250.8699951171875,251.1000061035156,241.8999938964844,242.19000244140625,101596300
2023-08-10,TSLA,245.3999938964844,251.8000030517578,243.0,245.33999633789065,109498600
2023-08-11,TSLA,241.7700042724609,243.7899932861328,238.0200042724609,242.6499938964844,99038600
2023-08-14,TSLA,235.6999969482422,240.66000366210935,233.75,239.75999450683597,98595300
2023-08-15,TSLA,238.72999572753903,240.5,232.6100006103516,232.9600067138672,88197600
2023-08-16,TSLA,228.0200042724609,233.97000122070312,225.3800048828125,225.6000061035156,112484500
2023-08-17,TSLA,226.05999755859372,226.7400054931641,218.8300018310547,219.22000122070312,120718400
2023-08-18,TSLA,214.1199951171875,217.5800018310547,212.3600006103516,215.4900054931641,136276600
2023-08-21,TSLA,221.5500030517578,232.1300048828125,220.5800018310547,231.27999877929688,135702700
2023-08-22,TSLA,240.25,240.82000732421875,229.5500030517578,233.19000244140625,130442800
2023-08-23,TSLA,229.33999633789065,238.97999572753903,229.2899932861328,236.8600006103516,101077600
2023-08-24,TSLA,238.66000366210935,238.9199981689453,228.17999267578125,230.0399932861328,99777400
2023-08-25,TSLA,231.30999755859372,239.0,230.3500061035156,238.58999633789065,106612200
2023-08-28,TSLA,242.5800018310547,244.3800048828125,235.3500061035156,238.82000732421875,107673700
2023-08-29,TSLA,238.5800018310547,257.4800109863281,237.7700042724609,257.17999267578125,134047600
2023-08-30,TSLA,254.1999969482422,260.510009765625,250.58999633789065,256.8999938964844,121988400
2023-08-31,TSLA,255.97999572753903,261.17999267578125,255.0500030517578,258.0799865722656,108861700
2023-09-01,TSLA,257.260009765625,259.0799865722656,242.00999450683597,245.00999450683597,132541600
2023-09-05,TSLA,245.0,258.0,244.8600006103516,256.489990234375,129469600
2023-09-06,TSLA,255.13999938964844,255.38999938964844,245.05999755859372,251.9199981689453,116959800
2023-09-07,TSLA,245.07000732421875,252.80999755859372,243.2700042724609,251.4900054931641,115312900
2023-09-08,TSLA,251.22000122070312,256.5199890136719,246.6699981689453,248.5,118367700
2023-09-11,TSLA,264.2699890136719,274.8500061035156,260.6099853515625,273.5799865722656,174667900
2023-09-12,TSLA,270.760009765625,278.3900146484375,266.6000061035156,267.4800109863281,135999900
2023-09-13,TSLA,270.07000732421875,274.9800109863281,268.1000061035156,271.29998779296875,111673700
2023-09-14,TSLA,271.32000732421875,276.7099914550781,270.4200134277344,276.0400085449219,107709800
2023-09-15,TSLA,277.54998779296875,278.9800109863281,271.0,274.3900146484375,133692300
2023-09-18,TSLA,271.1600036621094,271.44000244140625,263.760009765625,265.2799987792969,101543300
2023-09-19,TSLA,264.3500061035156,267.8500061035156,261.20001220703125,266.5,103704000
2023-09-20,TSLA,267.0400085449219,273.92999267578125,262.4599914550781,262.5899963378906,122514600
2023-09-21,TSLA,257.8500061035156,260.8599853515625,254.2100067138672,255.6999969482422,119951500
2023-09-22,TSLA,257.3999938964844,257.7900085449219,244.47999572753903,244.8800048828125,127524100
2023-09-25,TSLA,243.3800048828125,247.1000061035156,238.30999755859372,246.9900054931641,104636600
2023-09-26,TSLA,242.97999572753903,249.5500030517578,241.66000366210935,244.1199951171875,101993600
2023-09-27,TSLA,244.25999450683597,245.3300018310547,234.5800018310547,240.5,136597200
2023-09-28,TSLA,240.0200042724609,247.5500030517578,238.6499938964844,246.3800048828125,117058900
2023-09-29,TSLA,250.0,254.7700042724609,246.3500061035156,250.22000122070312,128522700
2023-10-02,TSLA,244.80999755859372,254.27999877929688,242.6199951171875,251.6000061035156,123810400
2023-10-03,TSLA,248.6100006103516,250.0200042724609,244.4499969482422,246.52999877929688,101985300
2023-10-04,TSLA,248.13999938964844,261.8599853515625,247.6000061035156,261.1600036621094,129721600
2023-10-05,TSLA,260.0,263.6000061035156,256.25,260.04998779296875,119159200
2023-10-06,TSLA,253.97999572753903,261.6499938964844,250.6499938964844,260.5299987792969,118121800
2023-10-09,TSLA,255.30999755859372,261.3599853515625,252.0500030517578,259.6700134277344,101377900
2023-10-10,TSLA,257.75,268.94000244140625,257.6499938964844,263.6199951171875,122656000
2023-10-11,TSLA,266.20001220703125,268.6000061035156,260.8999938964844,262.989990234375,103706300
2023-10-12,TSLA,262.9200134277344,265.4100036621094,256.6300048828125,258.8699951171875,111508100
2023-10-13,TSLA,258.8999938964844,259.6000061035156,250.22000122070312,251.1199951171875,102073800
2023-10-16,TSLA,250.0500030517578,255.3999938964844,248.47999572753903,253.9199981689453,88917200
2023-10-17,TSLA,250.1000061035156,257.17999267578125,247.0800018310547,254.8500061035156,93562900
2023-10-18,TSLA,252.6999969482422,254.6300048828125,242.0800018310547,242.67999267578125,125147800
2023-10-19,TSLA,225.9499969482422,230.6100006103516,216.77999877929688,220.1100006103516,170772700
2023-10-20,TSLA,217.00999450683597,218.8600006103516,210.4199981689453,211.9900054931641,138010100
2023-10-23,TSLA,210.0,216.97999572753903,202.50999450683597,212.0800018310547,150683400
2023-10-24,TSLA,216.5,222.0500030517578,214.1100006103516,216.5200042724609,118231100
2023-10-25,TSLA,215.8800048828125,220.1000061035156,212.1999969482422,212.4199981689453,107065100
2023-10-26,TSLA,211.32000732421875,214.8000030517578,204.8800048828125,205.75999450683597,115112600
2023-10-27,TSLA,210.6000061035156,212.41000366210935,205.7700042724609,207.3000030517578,94881200
2023-10-30,TSLA,209.27999877929688,210.8800048828125,194.6699981689453,197.3600006103516,136448200
2023-10-31,TSLA,196.1199951171875,202.8000030517578,194.07000732421875,200.83999633789065,118068300
2023-11-01,TSLA,204.0399932861328,205.9900054931641,197.8500061035156,205.66000366210935,121661700
2023-11-02,TSLA,212.97000122070312,219.1999969482422,211.4499969482422,218.50999450683597,125987600
2023-11-03,TSLA,221.1499938964844,226.3699951171875,218.3999938964844,219.9600067138672,119534800
2023-11-06,TSLA,223.97999572753903,226.32000732421875,215.0,219.2700042724609,117335800
2023-11-07,TSLA,219.97999572753903,223.1199951171875,215.72000122070312,222.17999267578125,116900100
2023-11-08,TSLA,223.1499938964844,224.1499938964844,217.63999938964844,222.1100006103516,106584800
2023-11-09,TSLA,219.75,220.8000030517578,206.67999267578125,209.97999572753903,142110500
2023-11-10,TSLA,210.02999877929688,215.3800048828125,205.69000244140625,214.6499938964844,130994000
2023-11-13,TSLA,215.6000061035156,225.3999938964844,211.6100006103516,223.7100067138672,140447600
2023-11-14,TSLA,235.02999877929688,238.13999938964844,230.72000122070312,237.41000366210935,149771600
2023-11-15,TSLA,239.2899932861328,246.6999969482422,236.4499969482422,242.83999633789065,150354000
2023-11-16,TSLA,239.4900054931641,240.8800048828125,230.9600067138672,233.58999633789065,136816800
2023-11-17,TSLA,232.0,237.38999938964844,226.5399932861328,234.3000030517578,142532800
2023-11-20,TSLA,234.0399932861328,237.1000061035156,231.0200042724609,235.6000061035156,116320100
2023-11-21,TSLA,235.0399932861328,243.6199951171875,233.33999633789065,241.1999969482422,122288000
2023-11-22,TSLA,242.0399932861328,244.00999450683597,231.3999938964844,234.2100067138672,117950600
2023-11-24,TSLA,233.75,238.75,232.3300018310547,235.4499969482422,65125200
2023-11-27,TSLA,236.88999938964844,238.3300018310547,232.1000061035156,236.0800018310547,112031800
2023-11-28,TSLA,236.67999267578125,247.0,234.00999450683597,246.72000122070312,148549900
2023-11-29,TSLA,249.2100067138672,252.75,242.75999450683597,244.13999938964844,135401300
2023-11-30,TSLA,245.13999938964844,245.22000122070312,236.91000366210935,240.0800018310547,132353200
2023-12-01,TSLA,233.13999938964844,240.19000244140625,231.8999938964844,238.8300018310547,121331700
2023-12-04,TSLA,235.75,239.3699951171875,233.2899932861328,235.5800018310547,104099800
2023-12-05,TSLA,233.8699951171875,246.66000366210935,233.6999969482422,238.72000122070312,137971100
2023-12-06,TSLA,242.9199981689453,246.57000732421875,239.1699981689453,239.3699951171875,126436200
2023-12-07,TSLA,241.5500030517578,244.0800018310547,236.97999572753903,242.63999938964844,107142300
2023-12-08,TSLA,240.2700042724609,245.2700042724609,239.2700042724609,243.83999633789065,103126800
2023-12-11,TSLA,242.7400054931641,243.44000244140625,237.4499969482422,239.7400054931641,97913900
2023-12-12,TSLA,238.5500030517578,238.9900054931641,233.8699951171875,237.00999450683597,95328300
2023-12-13,TSLA,234.19000244140625,240.3000030517578,228.1999969482422,239.2899932861328,146286300
2023-12-14,TSLA,241.22000122070312,253.8800048828125,240.7899932861328,251.0500030517578,160829200
2023-12-15,TSLA,251.2100067138672,254.1300048828125,248.3000030517578,253.5,135932800
2023-12-18,TSLA,253.77999877929688,258.739990234375,251.3600006103516,252.0800018310547,116416500
2023-12-19,TSLA,253.47999572753903,258.3399963378906,253.00999450683597,257.2200012207031,106737400
2023-12-20,TSLA,256.4100036621094,259.8399963378906,247.0,247.13999938964844,125097000
2023-12-21,TSLA,251.8999938964844,254.8000030517578,248.5500030517578,254.5,109594200
2023-12-22,TSLA,256.760009765625,258.2200012207031,251.3699951171875,252.5399932861328,93370100
2023-12-26,TSLA,254.4900054931641,257.9700012207031,252.91000366210935,256.6099853515625,86892400
2023-12-27,TSLA,258.3500061035156,263.3399963378906,257.5199890136719,261.44000244140625,106494400
2023-12-28,TSLA,263.6600036621094,265.1300048828125,252.7100067138672,253.17999267578125,113619900
2023-12-29,TSLA,255.1000061035156,255.19000244140625,247.42999267578125,248.47999572753903,100891600
2024-01-02,TSLA,250.0800018310547,251.25,244.41000366210935,248.4199981689453,104654200
2024-01-03,TSLA,244.97999572753903,245.67999267578125,236.32000732421875,238.4499969482422,121082600
2024-01-04,TSLA,239.25,242.6999969482422,237.72999572753903,237.92999267578125,102629300
2024-01-05,TSLA,236.8600006103516,240.1199951171875,234.8999938964844,237.4900054931641,92488900
2024-01-08,TSLA,236.13999938964844,241.25,235.3000030517578,240.4499969482422,85166600
2024-01-09,TSLA,238.1100006103516,238.9600067138672,232.0399932861328,234.9600067138672,96705700
2024-01-10,TSLA,235.1000061035156,235.5,231.2899932861328,233.94000244140625,91628500
2024-01-11,TSLA,230.57000732421875,230.92999267578125,225.3699951171875,227.22000122070312,105873600
2024-01-12,TSLA,220.0800018310547,225.33999633789065,217.1499938964844,218.88999938964844,123043800
2024-01-16,TSLA,215.1000061035156,223.4900054931641,212.17999267578125,219.91000366210935,115355000
2024-01-17,TSLA,214.8600006103516,215.6699981689453,212.00999450683597,215.5500030517578,103164400
2024-01-18,TSLA,216.8800048828125,217.4499969482422,208.7400054931641,211.8800048828125,108595400
2024-01-19,TSLA,209.9900054931641,213.19000244140625,207.55999755859372,212.19000244140625,102260300
2024-01-22,TSLA,212.25999450683597,217.8000030517578,206.2700042724609,208.8000030517578,117952500
2024-01-23,TSLA,211.3000030517578,215.6499938964844,207.75,209.13999938964844,106605900
2024-01-24,TSLA,211.8800048828125,212.72999572753903,206.7700042724609,207.8300018310547,123369900
2024-01-25,TSLA,189.6999969482422,193.0,180.05999755859375,182.6300048828125,198076800
2024-01-26,TSLA,185.5,186.77999877929688,182.1000061035156,183.25,107343200
2024-01-29,TSLA,185.6300048828125,191.47999572753903,183.6699981689453,190.92999267578125,125013100
2024-01-30,TSLA,195.3300018310547,196.3600006103516,190.6100006103516,191.58999633789065,109982300
2024-01-31,TSLA,187.0,193.97000122070312,185.8500061035156,187.2899932861328,103221400
2024-02-01,TSLA,188.5,189.8800048828125,184.27999877929688,188.8600006103516,91843300
2024-02-02,TSLA,185.0399932861328,188.69000244140625,182.0,187.91000366210935,110612700
2024-02-05,TSLA,184.25999450683597,184.67999267578125,175.00999450683594,181.05999755859372,134294400
2024-02-06,TSLA,177.2100067138672,186.4900054931641,177.11000061035156,185.1000061035156,122676000
2024-02-07,TSLA,188.17999267578125,189.7899932861328,182.67999267578125,187.5800018310547,111535200
2024-02-08,TSLA,189.0,191.6199951171875,185.5800018310547,189.55999755859372,83034000
2024-02-09,TSLA,190.17999267578125,194.1199951171875,189.47999572753903,193.57000732421875,84476300
2024-02-12,TSLA,192.1100006103516,194.72999572753903,187.27999877929688,188.1300048828125,95498600
2024-02-13,TSLA,183.9900054931641,187.25999450683597,182.1100006103516,184.0200042724609,86759500
2024-02-14,TSLA,185.3000030517578,188.88999938964844,183.3500061035156,188.7100067138672,81203000
2024-02-15,TSLA,189.16000366210935,200.8800048828125,188.8600006103516,200.4499969482422,120831800
2024-02-16,TSLA,202.05999755859372,203.1699981689453,197.3999938964844,199.9499969482422,111346700
2024-02-20,TSLA,196.1300048828125,198.6000061035156,189.1300048828125,193.75999450683597,104545800
2024-02-21,TSLA,193.3600006103516,199.44000244140625,191.9499969482422,194.7700042724609,103500300
2024-02-22,TSLA,194.0,198.32000732421875,191.3600006103516,197.41000366210935,92739500
2024-02-23,TSLA,195.30999755859372,197.57000732421875,191.5,191.97000122070312,78841900
2024-02-26,TSLA,192.2899932861328,201.77999877929688,192.0,199.3999938964844,111747100
2024-02-27,TSLA,204.0399932861328,205.6000061035156,198.25999450683597,199.72999572753903,108645400
2024-02-28,TSLA,200.4199981689453,205.3000030517578,198.44000244140625,202.0399932861328,99806200
2024-02-29,TSLA,204.17999267578125,205.27999877929688,198.4499969482422,201.8800048828125,85907000
2024-03-01,TSLA,200.5200042724609,204.5200042724609,198.5,202.63999938964844,82243100
2024-03-04,TSLA,198.72999572753903,199.75,186.72000122070312,188.13999938964844,134334900
2024-03-05,TSLA,183.0500030517578,184.58999633789065,177.57000732421875,180.7400054931641,119660800
2024-03-06,TSLA,179.99000549316406,181.5800018310547,173.6999969482422,176.5399932861328,107920900
2024-03-07,TSLA,174.35000610351562,180.0399932861328,173.6999969482422,178.64999389648438,102129000
2024-03-08,TSLA,181.5,182.72999572753903,174.6999969482422,175.33999633789062,85544600
2024-03-11,TSLA,175.4499969482422,182.8699951171875,174.8000030517578,177.77000427246094,85391500
2024-03-12,TSLA,177.77000427246094,179.42999267578125,172.41000366210938,177.5399932861328,87391700
2024-03-13,TSLA,173.0500030517578,176.0500030517578,169.14999389648438,169.47999572753906,106524500
2024-03-14,TSLA,167.77000427246094,171.1699981689453,160.50999450683594,162.5,126325700
2024-03-15,TSLA,163.16000366210938,165.17999267578125,160.75999450683594,163.57000732421875,97146800
2024-03-18,TSLA,170.02000427246094,174.72000122070312,165.89999389648438,173.8000030517578,108214400
2024-03-19,TSLA,172.36000061035156,172.82000732421875,167.4199981689453,171.32000732421875,77271400
2024-03-20,TSLA,173.0,176.25,170.82000732421875,175.66000366210938,83846700
2024-03-21,TSLA,176.38999938964844,178.17999267578125,171.8000030517578,172.82000732421875,73178000
2024-03-22,TSLA,166.69000244140625,171.1999969482422,166.3000030517578,170.8300018310547,75580600
2024-03-25,TSLA,168.75999450683594,175.24000549316406,168.72999572753906,172.6300048828125,74228600
2024-03-26,TSLA,178.5800018310547,184.25,177.3800048828125,177.6699981689453,113186200
2024-03-27,TSLA,181.41000366210935,181.91000366210935,176.0,179.8300018310547,81804000
2024-03-28,TSLA,177.4499969482422,179.57000732421875,175.3000030517578,175.7899932861328,77654800
2024-04-01,TSLA,176.1699981689453,176.75,170.2100067138672,175.22000122070312,81562100
2024-04-02,TSLA,164.75,167.69000244140625,163.42999267578125,166.6300048828125,116650600
2024-04-03,TSLA,164.02000427246094,168.82000732421875,163.27999877929688,168.3800048828125,82950100
2024-04-04,TSLA,170.07000732421875,177.19000244140625,168.00999450683594,171.11000061035156,123162000
2024-04-05,TSLA,169.0800018310547,170.86000061035156,160.50999450683594,164.89999389648438,143157600
2024-04-08,TSLA,169.33999633789062,174.5,167.7899932861328,172.97999572753906,104423300
2024-04-09,TSLA,172.91000366210938,179.22000122070312,171.9199981689453,176.8800048828125,102951700
2024-04-10,TSLA,173.0399932861328,174.92999267578125,170.00999450683594,171.75999450683594,84532400
2024-04-11,TSLA,172.5500030517578,175.8800048828125,168.50999450683594,174.60000610351562,94516000
2024-04-12,TSLA,172.33999633789062,173.80999755859375,170.36000061035156,171.0500030517578,64722700
2024-04-15,TSLA,170.24000549316406,170.69000244140625,161.3800048828125,161.47999572753906,100245300
2024-04-16,TSLA,156.74000549316406,158.19000244140625,153.75,157.11000061035156,97000000
2024-04-17,TSLA,157.63999938964844,158.3300018310547,153.77999877929688,155.4499969482422,82439700
2024-04-18,TSLA,151.25,152.1999969482422,148.6999969482422,149.92999267578125,96098800
2024-04-19,TSLA,148.97000122070312,150.94000244140625,146.22000122070312,147.0500030517578,87074500
2024-04-22,TSLA,140.55999755859375,144.44000244140625,138.8000030517578,142.0500030517578,107097600
2024-04-23,TSLA,143.3300018310547,147.25999450683594,141.11000061035156,144.67999267578125,124545100
2024-04-24,TSLA,162.83999633789062,167.97000122070312,157.50999450683594,162.1300048828125,181178000
2024-04-25,TSLA,158.9600067138672,170.8800048828125,158.36000061035156,170.17999267578125,126427500
2024-04-26,TSLA,168.85000610351562,172.1199951171875,166.3699951171875,168.2899932861328,109815700
2024-04-29,TSLA,188.4199981689453,198.8699951171875,184.5399932861328,194.0500030517578,243869700
2024-04-30,TSLA,186.97999572753903,190.9499969482422,182.83999633789065,183.27999877929688,127031800
2024-05-01,TSLA,182.0,185.8600006103516,179.00999450683594,179.99000549316406,92829700
2024-05-02,TSLA,182.8600006103516,184.6000061035156,176.02000427246094,180.00999450683594,89148000
2024-05-03,TSLA,182.1000061035156,184.77999877929688,178.4199981689453,181.19000244140625,75491500
2024-05-06,TSLA,183.8000030517578,187.55999755859372,182.1999969482422,184.75999450683597,84390300
2024-05-07,TSLA,182.3999938964844,183.25999450683597,177.39999389648438,177.80999755859375,75045900
2024-05-08,TSLA,171.58999633789062,176.05999755859375,170.14999389648438,174.72000122070312,79969500
2024-05-09,TSLA,175.00999450683594,175.6199951171875,171.3699951171875,171.97000122070312,65950300
2024-05-10,TSLA,173.0500030517578,173.05999755859375,167.75,168.47000122070312,72627200
2024-05-13,TSLA,170.0,175.39999389648438,169.0,171.88999938964844,67018900
2024-05-14,TSLA,174.5,179.49000549316406,174.07000732421875,177.5500030517578,86407400
2024-05-15,TSLA,179.89999389648438,180.0,173.11000061035156,173.99000549316406,79663000
2024-05-16,TSLA,174.10000610351562,175.7899932861328,171.42999267578125,174.83999633789062,59812200
2024-05-17,TSLA,173.5500030517578,179.6300048828125,172.75,177.4600067138672,77445800
2024-05-20,TSLA,177.55999755859375,177.75,173.52000427246094,174.9499969482422,61727400
2024-05-21,TSLA,175.50999450683594,186.8800048828125,174.7100067138672,186.6000061035156,115266500
2024-05-22,TSLA,182.8500061035156,183.8000030517578,178.1199951171875,180.11000061035156,88313500
2024-05-23,TSLA,181.8000030517578,181.8999938964844,173.25999450683594,173.74000549316406,71975500
2024-05-24,TSLA,174.83999633789062,180.0800018310547,173.72999572753906,179.24000549316406,65584500
2024-05-28,TSLA,176.39999389648438,178.25,173.16000366210938,176.75,59736600
2024-05-29,TSLA,174.19000244140625,178.14999389648438,173.92999267578125,176.19000244140625,54782600
2024-05-30,TSLA,178.5800018310547,182.6699981689453,175.3800048828125,178.7899932861328,77618400
2024-05-31,TSLA,178.5,180.32000732421875,173.82000732421875,178.0800018310547,67314600
2024-06-03,TSLA,178.1300048828125,182.63999938964844,174.49000549316406,176.2899932861328,68568900
2024-06-04,TSLA,174.77999877929688,177.75999450683594,174.0,174.77000427246094,60056300
2024-06-05,TSLA,175.35000610351562,176.14999389648438,172.1300048828125,175.0,57953800
2024-06-06,TSLA,174.60000610351562,179.72999572753906,172.72999572753906,177.94000244140625,69887000
2024-06-07,TSLA,176.1300048828125,179.35000610351562,175.5800018310547,177.47999572753906,56244900
2024-06-10,TSLA,176.05999755859375,178.57000732421875,173.1699981689453,173.7899932861328,50774600
2024-06-11,TSLA,173.9199981689453,174.75,167.41000366210938,170.66000366210938,64761900
2024-06-12,TSLA,171.1199951171875,180.5500030517578,169.8000030517578,177.2899932861328,90389400
2024-06-13,TSLA,188.38999938964844,191.0800018310547,181.22999572753903,182.47000122070312,118984100
2024-06-14,TSLA,185.8000030517578,186.0,176.9199981689453,178.00999450683594,82038200
2024-06-17,TSLA,177.9199981689453,188.80999755859372,177.0,187.44000244140625,109786100
2024-06-18,TSLA,186.55999755859372,187.1999969482422,182.3699951171875,184.8600006103516,68982300
2024-06-20,TSLA,184.67999267578125,185.2100067138672,179.66000366210938,181.57000732421875,55893100
2024-06-21,TSLA,182.3000030517578,183.9499969482422,180.69000244140625,183.00999450683597,61937300
2024-06-24,TSLA,184.97000122070312,188.8000030517578,182.5500030517578,182.5800018310547,61992100
2024-06-25,TSLA,184.3999938964844,187.97000122070312,182.00999450683597,187.3500061035156,62905700
2024-06-26,TSLA,186.5399932861328,197.75999450683597,186.3600006103516,196.3699951171875,95737100
2024-06-27,TSLA,195.1699981689453,198.72000122070312,194.0500030517578,197.4199981689453,72746500
2024-06-28,TSLA,199.5500030517578,203.1999969482422,195.25999450683597,197.8800048828125,95438100
2024-07-01,TSLA,201.0200042724609,213.22999572753903,200.8500061035156,209.8600006103516,135691400
2024-07-02,TSLA,218.88999938964844,231.3000030517578,218.05999755859372,231.25999450683597,205047900
2024-07-03,TSLA,234.55999755859372,248.3500061035156,234.25,246.38999938964844,166561500
2024-07-05,TSLA,249.80999755859372,252.3699951171875,242.4600067138672,251.5200042724609,154501200
2024-07-08,TSLA,247.7100067138672,259.44000244140625,244.57000732421875,252.94000244140625,157219600
2024-07-09,TSLA,251.0,265.6099853515625,250.3000030517578,262.3299865722656,160210900
2024-07-10,TSLA,262.79998779296875,267.5899963378906,257.8599853515625,263.260009765625,128519400
2024-07-11,TSLA,263.29998779296875,271.0,239.6499938964844,241.02999877929688,221707300
2024-07-12,TSLA,235.8000030517578,251.83999633789065,233.08999633789065,248.22999572753903,155955800
2024-07-15,TSLA,255.97000122070312,265.6000061035156,251.72999572753903,252.63999938964844,146912900
2024-07-16,TSLA,255.30999755859372,258.6199951171875,245.8000030517578,256.5599975585937,126332500
2024-07-17,TSLA,252.72999572753903,258.4700012207031,246.17999267578125,248.5,115584800
2024-07-18,TSLA,251.08999633789065,257.1400146484375,247.1999969482422,249.22999572753903,110869000
2024-07-19,TSLA,247.7899932861328,249.44000244140625,236.8300018310547,239.1999969482422,87403900
2024-07-22,TSLA,244.2100067138672,253.2100067138672,243.75,251.50999450683597,101225400
2024-07-23,TSLA,253.6000061035156,255.75999450683597,245.6300048828125,246.3800048828125,111928200
2024-07-24,TSLA,225.4199981689453,225.9900054931641,214.7100067138672,215.9900054931641,167942900
2024-07-25,TSLA,216.8000030517578,226.0,216.22999572753903,220.25,100636500
2024-07-26,TSLA,221.19000244140625,222.27999877929688,215.3300018310547,219.8000030517578,94604100
2024-07-29,TSLA,224.8999938964844,234.2700042724609,224.6999969482422,232.1000061035156,129201800
2024-07-30,TSLA,232.25,232.41000366210935,220.0,222.6199951171875,100560300
2024-07-31,TSLA,227.8999938964844,234.67999267578125,226.7899932861328,232.07000732421875,67497000
2024-08-01,TSLA,227.69000244140625,231.8699951171875,214.3300018310547,216.8600006103516,83861900
2024-08-02,TSLA,214.8800048828125,216.1300048828125,205.77999877929688,207.6699981689453,82880100
2024-08-05,TSLA,185.22000122070312,203.8800048828125,182.0,198.8800048828125,100308800
2024-08-06,TSLA,200.75,202.8999938964844,192.6699981689453,200.63999938964844,73783900
2024-08-07,TSLA,200.7700042724609,203.4900054931641,191.47999572753903,191.75999450683597,71159800
2024-08-08,TSLA,195.6999969482422,200.6999969482422,192.0399932861328,198.83999633789065,65033900
2024-08-09,TSLA,197.0500030517578,200.8800048828125,195.1100006103516,200.0,58648300
2024-08-12,TSLA,199.0200042724609,199.25999450683597,194.6699981689453,197.4900054931641,64044900
2024-08-13,TSLA,198.47000122070312,208.4900054931641,197.05999755859372,207.8300018310547,76247400
2024-08-14,TSLA,207.38999938964844,208.44000244140625,198.75,201.3800048828125,70250000
2024-08-15,TSLA,205.0200042724609,215.8800048828125,204.82000732421875,214.13999938964844,89848500
2024-08-16,TSLA,211.1499938964844,219.8000030517578,210.8000030517578,216.1199951171875,88765100
2024-08-19,TSLA,217.07000732421875,222.97999572753903,214.08999633789065,222.72000122070312,76435200
2024-08-20,TSLA,224.8800048828125,228.22000122070312,219.55999755859372,221.1000061035156,74001200
2024-08-21,TSLA,222.6699981689453,224.66000366210935,218.8600006103516,223.2700042724609,70146000
2024-08-22,TSLA,223.82000732421875,224.8000030517578,210.32000732421875,210.66000366210935,79514500
2024-08-23,TSLA,214.4600067138672,221.47999572753903,214.2100067138672,220.32000732421875,81525200
2024-08-26,TSLA,218.75,219.08999633789065,211.00999450683597,213.2100067138672,59301200
2024-08-27,TSLA,213.25,215.66000366210935,206.94000244140625,209.2100067138672,62821400
2024-08-28,TSLA,209.72000122070312,211.83999633789065,202.58999633789065,205.75,64116400
2024-08-29,TSLA,209.8000030517578,214.88999938964844,205.97000122070312,206.27999877929688,62308800
2024-08-30,TSLA,208.6300048828125,214.57000732421875,207.02999877929688,214.1100006103516,63370600
2024-09-03,TSLA,215.25999450683597,219.8999938964844,209.63999938964844,210.6000061035156,76714200
2024-09-04,TSLA,210.58999633789065,222.22000122070312,210.57000732421875,219.41000366210935,80651800
2024-09-05,TSLA,223.4900054931641,235.0,222.25,230.1699981689453,119355000
2024-09-06,TSLA,232.6000061035156,233.6000061035156,210.50999450683597,210.72999572753903,112177000
2024-09-09,TSLA,216.1999969482422,219.8699951171875,213.6699981689453,216.2700042724609,67443500
2024-09-10,TSLA,220.07000732421875,226.3999938964844,218.63999938964844,226.1699981689453,78891100
2024-09-11,TSLA,224.5500030517578,228.47000122070312,216.8000030517578,228.1300048828125,83548600
2024-09-12,TSLA,224.66000366210935,231.4499969482422,223.8300018310547,229.80999755859372,71894900
2024-09-13,TSLA,228.0,232.6699981689453,226.32000732421875,230.2899932861328,59515100
2024-09-16,TSLA,229.3000030517578,229.9600067138672,223.52999877929688,226.77999877929688,54323000
2024-09-17,TSLA,229.4499969482422,234.57000732421875,226.5500030517578,227.8699951171875,66761600
2024-09-18,TSLA,230.08999633789065,235.67999267578125,226.8800048828125,227.1999969482422,78010200
2024-09-19,TSLA,234.0,244.2400054931641,232.1300048828125,243.9199981689453,102694600
2024-09-20,TSLA,241.5200042724609,243.9900054931641,235.9199981689453,238.25,99879100
2024-09-23,TSLA,242.6100006103516,250.0,241.9199981689453,250.0,86927200
2024-09-24,TSLA,254.0800018310547,257.19000244140625,249.0500030517578,254.2700042724609,88491000
2024-09-25,TSLA,252.5399932861328,257.04998779296875,252.27999877929688,257.0199890136719,65034300
2024-09-26,TSLA,260.6000061035156,261.75,251.52999877929688,254.22000122070312,67142200
2024-09-27,TSLA,257.3800048828125,260.70001220703125,254.1199951171875,260.4599914550781,70988100
2024-09-30,TSLA,259.0400085449219,264.8599853515625,255.7700042724609,261.6300048828125,80705700
2024-10-01,TSLA,262.6700134277344,263.9800109863281,248.52999877929688,258.0199890136719,87397600
2024-10-02,TSLA,247.5500030517578,251.16000366210935,241.5,249.0200042724609,93983900
2024-10-03,TSLA,244.47999572753903,249.7899932861328,237.80999755859372,240.66000366210935,80729200
2024-10-04,TSLA,246.69000244140625,250.9600067138672,244.5800018310547,250.0800018310547,86573200
2024-10-07,TSLA,249.0,249.8300018310547,240.6999969482422,240.8300018310547,68113300
2024-10-08,TSLA,243.55999755859372,246.2100067138672,240.55999755859372,244.5,56303200
2024-10-09,TSLA,243.82000732421875,247.42999267578125,239.50999450683597,241.0500030517578,66289500
2024-10-10,TSLA,241.80999755859372,242.7899932861328,232.33999633789065,238.7700042724609,83087100
2024-10-11,TSLA,220.1300048828125,223.33999633789065,214.3800048828125,217.8000030517578,142628900
2024-10-14,TSLA,220.1300048828125,221.91000366210935,213.7400054931641,219.16000366210935,86291900
2024-10-15,TSLA,220.00999450683597,224.25999450683597,217.1199951171875,219.57000732421875,62988800
2024-10-16,TSLA,221.3999938964844,222.82000732421875,218.92999267578125,221.3300018310547,49632800
2024-10-17,TSLA,221.58999633789065,222.0800018310547,217.8999938964844,220.88999938964844,50791800
2024-10-18,TSLA,220.7100067138672,222.27999877929688,219.22999572753903,220.6999969482422,49611900
2024-10-21,TSLA,218.8999938964844,220.47999572753903,215.72999572753903,218.8500061035156,47329000
2024-10-22,TSLA,217.30999755859372,218.22000122070312,215.25999450683597,217.97000122070312,43268700
2024-10-23,TSLA,217.1300048828125,218.72000122070312,212.1100006103516,213.6499938964844,80938900
2024-10-24,TSLA,244.67999267578125,262.1199951171875,242.6499938964844,260.4800109863281,204491900
2024-10-25,TSLA,256.010009765625,269.489990234375,255.32000732421875,269.19000244140625,161611900
2024-10-28,TSLA,270.0,273.5400085449219,262.239990234375,262.510009765625,107653600
2024-10-29,TSLA,264.510009765625,264.9800109863281,255.50999450683597,259.5199890136719,80521800
2024-10-30,TSLA,258.0400085449219,263.3500061035156,255.82000732421875,257.54998779296875,53993600
2024-10-31,TSLA,257.989990234375,259.75,249.25,249.8500061035156,66575300
2024-11-01,TSLA,252.0399932861328,254.0,246.6300048828125,248.97999572753903,57544800
2024-11-04,TSLA,244.55999755859372,248.8999938964844,238.8800048828125,242.83999633789065,68802400
2024-11-05,TSLA,247.33999633789065,255.27999877929688,246.2100067138672,251.44000244140625,69282500
2024-11-06,TSLA,284.6700134277344,289.5899963378906,275.6199951171875,288.5299987792969,165228700
2024-11-07,TSLA,288.8900146484375,299.75,285.5199890136719,296.9100036621094,117309200
2024-11-08,TSLA,299.1400146484375,328.7099914550781,297.6600036621094,321.2200012207031,204782800
2024-11-11,TSLA,346.29998779296875,358.6400146484375,336.0,350.0,210521600
2024-11-12,TSLA,342.739990234375,345.8399963378906,323.3099975585937,328.489990234375,155726000
2024-11-13,TSLA,335.8500061035156,344.6000061035156,322.5,330.239990234375,125405600
2024-11-14,TSLA,327.69000244140625,329.9800109863281,310.3699951171875,311.17999267578125,120726100
2024-11-15,TSLA,310.57000732421875,324.67999267578125,309.2200012207031,320.7200012207031,114440300
2024-11-18,TSLA,340.7300109863281,348.54998779296875,330.010009765625,338.739990234375,126085600
2024-11-19,TSLA,335.760009765625,347.3800048828125,332.75,346.0,88852500
2024-11-20,TSLA,345.0,346.6000061035156,334.29998779296875,342.0299987792969,66340700
2024-11-21,TSLA,343.8099975585937,347.989990234375,335.2799987792969,339.6400146484375,58011700
2024-11-22,TSLA,341.0899963378906,361.5299987792969,337.70001220703125,352.5599975585937,89140700
2024-11-25,TSLA,360.1400146484375,361.9299926757813,338.20001220703125,338.5899963378906,95890900
2024-11-26,TSLA,341.0,346.9599914550781,335.6600036621094,338.2300109863281,62295900
2024-11-27,TSLA,341.79998779296875,342.54998779296875,326.5899963378906,332.8900146484375,57896400
2024-11-29,TSLA,336.0799865722656,345.45001220703125,334.6499938964844,345.1600036621094,37167600
2024-12-02,TSLA,352.3800048828125,360.0,351.1499938964844,357.0899963378906,77986500
2024-12-03,TSLA,351.79998779296875,355.69000244140625,348.20001220703125,351.4200134277344,58267200
2024-12-04,TSLA,353.0,358.1000061035156,348.6000061035156,357.92999267578125,50810900
2024-12-05,TSLA,359.8699951171875,375.4299926757813,359.5,369.489990234375,81403600
2024-12-06,TSLA,377.4200134277344,389.489990234375,370.7999877929688,389.2200012207031,81455800
2024-12-09,TSLA,397.6099853515625,404.7999877929688,378.010009765625,389.7900085449219,96359200
2024-12-10,TSLA,392.6799926757813,409.7300109863281,390.8500061035156,400.989990234375,97563600
2024-12-11,TSLA,409.7000122070313,424.8800048828125,402.3800048828125,424.7699890136719,104287600
2024-12-12,TSLA,424.8399963378906,429.2999877929688,415.0,418.1000061035156,87752200
2024-12-13,TSLA,420.0,436.2999877929688,415.7099914550781,436.2300109863281,89000200
2024-12-16,TSLA,441.0899963378906,463.1900024414063,436.1499938964844,463.0199890136719,114083800
2024-12-17,TSLA,475.8999938964844,483.989990234375,457.510009765625,479.8599853515625,131223000
2024-12-18,TSLA,466.5,488.5400085449219,427.010009765625,440.1300048828125,149340800
2024-12-19,TSLA,451.8800048828125,456.3599853515625,420.0199890136719,436.1700134277344,118566100
2024-12-20,TSLA,425.510009765625,447.0799865722656,417.6400146484375,421.05999755859375,132216200
2024-12-23,TSLA,431.0,434.510009765625,415.4100036621094,430.6000061035156,72698100
2024-12-24,TSLA,435.8999938964844,462.7799987792969,435.1400146484375,462.2799987792969,59551800
2024-12-26,TSLA,465.1600036621094,465.3299865722656,451.0199890136719,454.1300048828125,76366400
2024-12-27,TSLA,449.5199890136719,450.0,426.5,431.6600036621094,82666800
2024-12-30,TSLA,419.3999938964844,427.0,415.75,417.4100036621094,64941000
