Date,Ticker,Open,High,Low,Close,Volume,Daily_Return,Target_Next_Return,SMA_10,SMA_20,SMA_50,EMA_12,EMA_26,MACD,MACD_Signal,Volatility_10,Volatility_20,Bollinger_Upper,Bollinger_Lower,Bollinger_Width,RSI_14,Volume_Change,Volume_SMA_10,High_Low_Spread,Close_to_SMA20_Ratio,Return_Lag_1,Return_Lag_2,Return_Lag_3,Ticker_AAPL,Ticker_MSFT,Ticker_TSLA
2023-03-16,AAPL,149.71992520737962,153.95097226183628,149.20825986230471,153.3507537841797,76161100,1.8694110536170871,-0.5453833559121213,149.5939712524414,147.92074813842774,142.96767837524413,149.1997297677711,147.25186321113623,1.9478665566348639,1.8800497986353657,1.6822982206713304,1.5424680879924402,153.66220739374705,142.17928888310843,0.0776288563649816,63.44992817466066,-1.3046875708682015,69556510.0,0.03092721934843758,1.0367088844133645,0.2621401936812928,1.408915636450958,1.326593588365954,1.0,0.0,0.0
2023-03-16,MSFT,258.028987963125,269.0716736937698,256.1512530626568,268.721435546875,54768800,4.053672558397858,1.169398909586139,250.74856567382812,248.22237167358398,243.17423217773438,252.0749925525566,249.10102267026411,2.9739698822924936,1.356487913671939,1.7914818143253803,1.8370490802515278,261.648141191719,234.79660215544897,0.10817533832760325,64.97347958075343,18.990179890501423,31642740.0,0.048081094107058,1.0825834663293266,1.7830564980051866,2.705555091286338,2.144087705658726,0.0,1.0,0.0
2023-03-16,TSLA,180.3699951171875,185.80999755859372,178.83999633789062,184.1300048828125,121136800,2.0393505108375454,-2.172378153438792,182.9989990234375,192.22649993896485,171.90419967651368,184.8274142973555,184.69542251318916,0.13199178416633117,3.5892402809296615,3.2045029659151556,3.482357012393117,215.578333006894,168.87466687103569,0.2429616423889918,51.09660172119338,-17.027088487598252,152247030.0,0.0378536959532428,0.9578804428175973,-1.5333393227232484,5.0320947926932424,0.5996271168666301,0.0,0.0,1.0
2023-03-17,AAPL,153.5770871091514,154.2265068856699,151.80594908869074,152.514404296875,98944600,-0.5453833559121213,1.5483857025543557,149.98460998535157,147.98421401977538,143.53508377075195,149.70967969532555,147.64168106933909,2.067998625986462,1.9176395641055852,1.3854812250583113,1.5282329044137624,153.90563943806063,142.06278860149013,0.08002779833657073,61.380133846586475,29.914877805073715,72377740.0,0.015871011057207732,1.0306126589724918,1.8694110536170871,0.2621401936812928,1.408915636450958,1.0,0.0,0.0
2023-03-17,MSFT,270.72555782486927,275.6582547664565,268.8380848690044,271.8638610839844,69527400,1.169398909586139,-2.5766590877073225,253.09719848632812,249.0629737854004,244.1647134399414,255.11943386508398,250.7871588490582,4.33227501602579,1.9516453341427091,1.7769695583870577,1.7256080637018025,265.94859550213243,232.17735206866834,0.13559319123268132,66.85861268999582,26.947093965907598,35519470.0,0.02508671020215229,1.0915466757344263,4.053672558397858,1.7830564980051866,2.705555091286338,0.0,1.0,0.0
2023-03-17,TSLA,184.5200042724609,186.22000122070312,177.3300018310547,180.1300048828125,133197100,-2.172378153438792,1.7320796272765726,181.23300018310547,191.13100051879883,173.23399978637696,184.10473592588733,184.35724342945755,-0.25250750357022866,2.8208907240296837,2.927559099495222,3.300615989678424,214.59982271529455,167.6621783223031,0.24557839526599903,48.40186324712625,9.955934117460586,150147410.0,0.049353240152477766,0.9424426408791581,2.0393505108375454,-1.5333393227232484,5.0320947926932424,0.0,0.0,1.0
2023-03-20,AAPL,152.5832927983786,155.28919358755078,151.6780327765039,154.87591552734375,73641400,1.5483857025543557,1.194400207764601,150.3358901977539,148.2228256225586,144.1760498046875,150.50448520794373,148.17755028845053,2.3269349194931976,1.9994986351831079,1.3495329340547608,1.5507846116279778,154.84678952005274,141.59886172506444,0.08937845935229592,64.86526877695331,-25.5730984813724,70986080.0,0.023316477573359858,1.044885731174272,-0.5453833559121213,1.8694110536170871,0.2621401936812928,1.0,0.0,0.0
2023-03-20,MSFT,269.4802407516752,269.96670228330714,262.543294560003,264.8588562011719,43466600,-2.5766590877073225,0.5693812403537502,254.59160919189452,249.7522880554199,245.1468878173828,256.6178065321744,251.8295068010666,4.788299731107827,2.518976213535733,2.0961323164017305,1.7977849309242464,268.04987711998376,231.45469899085606,0.1465258973763926,59.208665641557154,-37.48277657441527,37455150.0,0.028027787440363085,1.0604862052050543,1.169398909586139,4.053672558397858,1.7830564980051866,0.0,1.0,0.0
2023-03-20,TSLA,178.0800018310547,186.44000244140625,176.35000610351562,183.25,129684400,1.7320796272765726,7.8199191438224736,180.1770004272461,189.87800064086915,174.69219985961914,183.97323809113544,184.2752253976459,-0.3019873065104548,2.1963151179216562,3.0068011872069027,3.234966771926915,212.12931037704874,167.62669090468955,0.23437480551804635,50.59069295709809,-2.6372195791049546,150305840.0,0.05506137155738404,0.9650933724891848,-2.172378153438792,2.0393505108375454,-1.5333393227232484,0.0,0.0,1.0
2023-03-21,AAPL,154.7971931327365,156.84382463636302,154.02968755125636,156.7257537841797,73938300,1.194400207764601,-0.9103433987471155,151.0915725708008,148.7541648864746,144.76362564086915,151.46160345044157,148.81075054739344,2.6508529030481327,2.129769488756113,1.2364530703266725,1.413442198779321,156.30131986315507,141.20700990979412,0.1014715115027572,67.35074989603481,0.40316995603015826,72761710.0,0.017955805074524593,1.0535890131465482,1.5483857025543557,-0.5453833559121213,1.8694110536170871,1.0,0.0,0.0
2023-03-21,MSFT,267.4371343013886,267.5538803349331,262.2222505034053,266.3669128417969,34558700,0.5693812403537502,-0.5442404607260198,256.50145721435547,250.77920837402343,246.108369140625,258.1176690413471,252.90635169297252,5.211317348374564,3.0574444405034993,2.0144208133717436,1.709309323882245,270.40661549842866,231.15180124961822,0.1565313747631903,60.262791147089054,-20.493666401328838,38763700.0,0.020016111515676296,1.062157084587831,-2.5766590877073225,1.169398909586139,4.053672558397858,0.0,1.0,0.0
2023-03-21,TSLA,188.27999877929688,198.0,188.0399932861328,197.5800018310547,153391400,7.8199191438224736,-3.2543819591966616,181.16399993896485,189.8885009765625,176.38259994506836,186.06658635881533,185.2607643927132,0.8058219661021155,1.9182164875577483,3.8289394215209103,3.548614052746217,212.1548899239499,167.62211202917513,0.23452066694797566,59.159918452538825,18.28053335636359,150832400.0,0.050409994035650024,1.0405053534834188,1.7320796272765726,-2.172378153438792,2.0393505108375454,0.0,0.0,1.0
2023-03-22,AAPL,156.7454392443716,159.53989288471735,155.27932775015748,155.29901123046875,75701800,-0.9103433987471155,0.6969371003753722,151.57962036132812,149.19301376342773,145.3122528076172,152.05197387813806,149.29136244984346,2.7606114282945953,2.2559378766638094,1.3054068273959916,1.4418205911834607,157.20036159175442,141.18566593510104,0.10734212851311888,63.61295111899625,2.385096763111938,75611410.0,0.027434592794908737,1.040926832383205,1.194400207764601,1.5483857025543557,-0.5453833559121213,1.0,0.0,0.0
2023-03-22,MSFT,265.9971667055635,273.43031336043435,264.81019934883693,264.917236328125,34873300,-0.5442404607260198,1.9721896855684484,258.31012268066405,251.79007568359376,246.998349609375,259.163756316236,253.79604685113196,5.367709465104042,3.519497445423608,2.0367208561311827,1.7117071117321372,272.16733568419943,231.41281568298808,0.1618591197074208,58.692623358069696,0.9103351688576344,40517010.0,0.03253889452825409,1.0521353377764864,0.5693812403537502,-2.5766590877073225,1.169398909586139,0.0,1.0,0.0
2023-03-22,TSLA,199.3000030517578,200.66000366210935,190.9499969482422,191.1499938964844,150376400,-3.2543819591966616,0.5597736638161654,182.0789993286133,189.40300064086915,177.81019989013672,186.84864905691828,185.69700361521478,1.1516454417034936,1.7649022783868975,3.8517823100890887,3.599064733206115,211.07770436977955,167.72829691195875,0.22887392127443898,54.585265219474785,-1.965559998800459,150680260.0,0.05079783951824517,1.0092236830974382,7.8199191438224736,1.7320796272765726,-2.172378153438792,0.0,0.0,1.0
2023-03-23,AAPL,156.28296029217628,158.95934282613845,155.15139299961646,156.38134765625,67622100,0.6969371003753722,0.8305615748011919,152.4002456665039,149.66187286376953,145.87112976074218,152.71803138246298,149.8165465392069,2.901484843256071,2.3850472699822616,1.139484189431216,1.4445396538640567,158.20948813448865,141.1142575930504,0.11422568897690637,65.1911596290876,-10.67306193511911,76990260.0,0.024350409326900316,1.0448977061686038,-0.9103433987471155,1.194400207764601,1.5483857025543557,1.0,0.0,0.0
2023-03-23,MSFT,270.414324094494,273.4498402612258,267.7485235593219,270.14190673828125,36610900,1.9721896855684484,1.0480218617014758,260.77551727294923,252.9035888671875,247.95924377441406,260.8527025350122,255.00685128721707,5.845851247795139,3.9847682058979146,2.017427737395227,1.736588505592052,274.7595421742481,231.0476355601269,0.1728401989466292,62.48629120152318,4.982608471237304,41512760.0,0.021104895463062927,1.0681616182210307,-0.5442404607260198,0.5693812403537502,-2.5766590877073225,0.0,1.0,0.0
2023-03-23,TSLA,195.25999450683597,199.30999755859372,188.6499938964844,192.22000122070312,144193900,0.5597736638161654,-0.9416281069083876,184.00899963378907,188.91050033569337,179.27759994506835,187.6750109282698,186.18018862302876,1.4948223052410583,1.7108862837577297,3.3280575945563955,3.598585366601544,209.80697204082,168.01402863056674,0.2212314473572794,55.20600606649312,-4.111349919269247,148097270.0,0.05545730722303824,1.0175188826408736,-3.2543819591966616,7.8199191438224736,1.7320796272765726,0.0,0.0,1.0
2023-03-24,AAPL,156.31248202721346,157.76874417421377,155.3186840441415,157.68019104003906,59196500,0.8305615748011919,-1.2293142194845674,153.55640258789063,150.3280143737793,146.40175170898436,153.48144056055162,150.39903872445373,3.082401836097887,2.524518183205387,0.9149010336753349,1.3585546125219095,159.2052340750128,141.45079467254578,0.11810466250370308,67.03872874929725,-12.459831918854935,76052670.0,0.015538160588923565,1.0489075618864967,0.6969371003753722,-0.9103433987471155,1.194400207764601,1.0,0.0,0.0
2023-03-24,MSFT,269.7332022897182,273.03142599171395,267.8262812456373,272.9730529785156,28172000,1.0480218617014758,-1.4933959814108388,263.8869232177734,254.42864761352538,248.84244567871093,262.71737183401274,256.3376810421281,6.379690791884627,4.463752723095258,1.8243535035060454,1.62638431314707,277.4455270793959,231.41176814765484,0.1809299360096662,64.39454575355927,-23.050239136432047,41496570.0,0.01906834645134854,1.0728864675378813,1.9721896855684484,-0.5442404607260198,0.5693812403537502,0.0,1.0,0.0
2023-03-24,TSLA,191.6499938964844,192.3600006103516,187.1499938964844,190.41000366210935,116312400,-0.9416281069083876,0.7352522816861606,185.70599975585938,188.5870002746582,180.6213999938965,188.09577904116819,186.49350825555322,1.6022707856149623,1.6891631841291763,3.384432281403102,3.56014513563534,209.16184172263505,168.01215882668137,0.21819999700946116,53.86480299297816,-19.33611616025366,140579620.0,0.027362043031691582,1.0096666439616522,0.5597736638161654,-3.2543819591966616,7.8199191438224736,0.0,0.0,1.0
2023-03-27,AAPL,157.37518971960662,158.19188156427322,155.33837722493854,155.74180603027344,52390300,-1.2293142194845674,-0.39803285980427594,154.32488098144532,150.83770828247071,146.89517791748048,153.82918909435497,150.79479926562556,3.0343898287294166,2.626492512310193,1.083112448331721,1.405644373264268,159.72990528871023,141.9455112762312,0.1179041647806963,61.76943166863044,-11.497639218534882,72845990.0,0.018322019065195677,1.032512412205434,0.8305615748011919,0.6969371003753722,-0.9103433987471155,1.0,0.0,0.0
2023-03-27,MSFT,272.90492269572303,273.8389205347129,268.0597550905618,268.896484375,26840200,-1.4933959814108388,-0.41608407481387166,266.07210540771484,255.70414962768555,249.5909329223633,263.6680045326261,257.267962770489,6.400041762137107,4.851010530903627,1.9785064348330288,1.6927101231075388,278.97052224806595,232.4377770073052,0.181978842770108,59.686511275261275,-4.72738889677694,40846620.0,0.021492156945018034,1.0515921809111153,1.0480218617014758,1.9721896855684484,-0.5442404607260198,0.0,1.0,0.0
2023-03-27,TSLA,194.4199981689453,197.38999938964844,189.94000244140625,191.80999755859372,120851600,0.7352522816861606,-1.365932511618495,187.43899993896486,187.79599990844727,181.9863999938965,188.66719727461827,186.88732227800065,1.7798749966176217,1.7073055466268656,3.3829739545373676,3.3199104241033166,206.41137291766643,169.18062689922812,0.1982510066060445,54.77991121724256,3.902593360639117,135885750.0,0.03884050384791011,1.0213742446702982,-0.9416281069083876,0.5597736638161654,-3.2543819591966616,0.0,0.0,1.0
2023-03-28,AAPL,155.4367781198492,155.94844355059743,153.47868455836303,155.1219024658203,45992200,-0.39803285980427594,1.9790540473412,154.82276916503906,151.34149703979492,147.3496792602539,154.0280680745804,151.11532542860294,2.9127426459774597,2.6837425390436467,1.0675752773816611,1.4070765463582173,159.9904871676094,142.69250691198044,0.1142976684780677,60.14137673640136,-12.212375191590807,70075620.0,0.01592140731241091,1.024979305081351,-1.2293142194845674,0.8305615748011919,0.6969371003753722,1.0,0.0,0.0
2023-03-28,MSFT,268.32248351379377,268.6630125541161,264.68373074732534,267.77764892578125,21878600,-0.41608407481387166,1.9183802041771392,267.4770111083984,256.95970687866213,250.30306854248047,264.3002575161885,258.0464580412514,6.253799474937068,5.131568319710316,1.901243672161286,1.695946155654914,279.97251864198984,233.9468951153344,0.17911611157148855,58.42399226286723,-18.485704279401794,39672450.0,0.0148603956407642,1.0420997602251603,-1.4933959814108388,1.0480218617014758,1.9721896855684484,0.0,1.0,0.0
2023-03-28,TSLA,192.0,192.3500061035156,185.42999267578125,189.19000244140625,98654600,-1.365932511618495,2.4789906342217005,188.03200073242186,186.96999969482422,183.32220001220702,188.7476288387395,187.05789117899366,1.6897376597458447,1.7037919692506616,3.1317090054509973,3.325436439400041,203.59853325344213,170.34146613620632,0.1778738148982114,52.67420820669016,-18.367154427413457,131379420.0,0.036577056601484706,1.0118735773129677,0.7352522816861606,-0.9416281069083876,0.5597736638161654,0.0,0.0,1.0
2023-03-29,AAPL,156.8142905620551,158.46735739062942,156.79462209814082,158.1918487548828,51305700,1.9790540473412,0.9889979619496447,155.58829345703126,152.10210189819335,147.84239349365234,154.66864971770383,151.63951234166072,3.02913737604311,2.7528215064435395,1.1865451805037681,1.3873838955425786,160.31969573461203,143.88450806177468,0.10805365256449857,65.0537102960003,11.553045951270002,67489400.0,0.010574092822446802,1.0400372301282563,-0.39803285980427594,-1.2293142194845674,0.8305615748011919,1.0,0.0,0.0
2023-03-29,MSFT,271.4065938576128,273.52758857930763,270.8714980799914,272.9146423339844,25087000,1.9183802041771392,1.261989024325194,268.9432037353516,258.6253494262695,251.09620544433594,265.6255474881571,259.1478050258983,6.477742462258789,5.40080314822001,1.9113980884414135,1.6701854961345373,281.1657252836818,236.08497356885718,0.17430909930071076,62.360680059267494,14.664558061301914,37578350.0,0.009732312185968369,1.0552509370771814,-0.41608407481387166,-1.4933959814108388,1.0480218617014758,0.0,1.0,0.0
2023-03-29,TSLA,193.1300048828125,195.2899932861328,189.44000244140625,193.8800048828125,123660000,2.4789906342217005,0.7220929756684091,189.3750015258789,186.5254997253418,184.57,189.53722515321226,187.5632329348321,1.9739922183801752,1.7578320190765644,3.1189190027549922,3.3741221298834327,201.7954911571815,171.25550829350212,0.1637308727688675,55.93922343696911,25.346410608324387,129145860.0,0.030173255092821413,1.0394289529758676,-1.365932511618495,0.7352522816861606,-0.9416281069083876,0.0,0.0,1.0
2023-03-30,AAPL,158.93967116064357,159.86459953343115,158.68384597812414,159.75636291503906,49501700,0.9889979619496447,1.5644435377089039,156.22885437011718,152.9114128112793,148.38074157714843,155.45137482498617,152.24076053228134,3.2106142927048325,2.844380063695798,1.1037112513764775,1.3911085024954786,160.77144849342008,145.0513771291385,0.1028050887456192,67.26769945244929,-3.5161785142781454,64823460.0,0.007390964176712949,1.0447641544729411,1.9790540473412,-0.39803285980427594,-1.2293142194845674,1.0,0.0,0.0
2023-03-30,MSFT,276.53394388967973,276.7576972006701,273.8584053599599,276.3587951660156,25053400,1.261989024325194,1.496235806630608,269.7069396972656,260.2277526855469,252.04634521484374,267.2768163616738,260.42269318442555,6.854123177248255,5.691467154025659,1.5072004845522338,1.648658067183598,283.03836160627446,237.41714376481926,0.17531265351464193,64.76929622984791,-0.1339339099932224,34606810.0,0.010491042410894037,1.0619881711846513,1.9183802041771392,-0.41608407481387166,-1.4933959814108388,0.0,1.0,0.0
2023-03-30,TSLA,195.5800018310547,197.3300018310547,194.4199981689453,195.27999877929688,110252200,0.7220929756684091,6.237201971890638,190.49000091552733,186.74449996948243,185.9,190.4207287879945,188.13484521960726,2.2858835683872485,1.8634423289387012,3.086678600942533,3.100418253236668,202.39943606243705,171.08956387652782,0.16766154928806926,56.89520747003464,-10.842471292252952,128057400.0,0.014901698485763646,1.0457068283735762,2.4789906342217005,-1.365932511618495,0.7352522816861606,0.0,0.0,1.0
2023-03-31,AAPL,159.83511792767183,162.35406341845376,159.3136181978193,162.2556610107422,68749800,1.5644435377089039,0.7701446369884346,157.2029800415039,153.59379501342772,148.96789764404298,156.49818808433326,152.98260501216734,3.5155830721659242,2.9786206653898235,1.1012686289925455,1.2318627936681716,162.21370603534703,144.97388399150842,0.11224295904877829,70.48465810074197,38.88371510473378,61803980.0,0.018738607957926187,1.0563946349301234,0.9889979619496447,1.9790540473412,-0.39803285980427594,1.0,0.0,0.0
2023-03-31,MSFT,276.04753751584985,281.4375111990139,275.3372928207792,280.4937744140625,32766000,1.496235806630608,-0.37114768224457695,270.56993103027344,261.8335647583008,253.15449462890626,269.31019452357975,261.90943994217645,7.400754581403305,6.033324639501188,1.5317119240168642,1.643524577059787,285.63205965856974,238.03506985803182,0.18178337771352893,67.46144866099195,30.784644000415117,30930670.0,0.021748141793798182,1.0712674468339727,1.261989024325194,1.9183802041771392,-0.41608407481387166,0.0,1.0,0.0
2023-03-31,TSLA,197.52999877929688,207.7899932861328,197.1999969482422,207.4600067138672,170222100,6.237201971890638,-6.11684277968263,193.2230010986328,187.22800064086914,187.50580017089842,193.04215616120567,189.5663386636265,3.4758174975791576,2.1859173626667925,3.3704658488171995,3.3034024131634547,204.7993271847929,169.65667409694538,0.1876997722966465,64.17739373791277,54.39338171936705,131759900.0,0.05104596546406436,1.108060792209206,0.7220929756684091,2.4789906342217005,-1.365932511618495,0.0,0.0,1.0
2023-04-03,AAPL,161.63573905142377,163.62333513475417,161.58653785817188,163.50526428222656,56976200,0.7701446369884346,-0.3249597474905719,158.0659149169922,154.20090255737304,149.52895751953125,157.57619980708608,153.76206125439396,3.8141385526921283,3.1457242428502843,1.0554273442508992,1.189858113650239,163.81260928839356,144.58919582635252,0.12466472726959975,71.96806665341713,-17.12528618265071,60137460.0,0.012457074611778701,1.0603392170249566,1.5644435377089039,0.9889979619496447,1.9790540473412,1.0,0.0,0.0
2023-04-03,MSFT,278.761931454292,280.4645469741528,276.26154151333856,279.4527282714844,24883300,-0.37114768224457695,-0.017407244449585413,272.02931823730466,263.3104637145996,254.0809161376953,270.8705843309497,263.20894278138445,7.6616415495652745,6.358988021514006,1.1879064898749423,1.6584842464890512,287.6544972620683,238.966430167131,0.18490745262486014,66.09211493341493,-24.057559665506922,29072340.0,0.01504013035339239,1.061305062963169,1.496235806630608,1.261989024325194,1.9183802041771392,0.0,1.0,0.0
2023-04-03,TSLA,199.91000366210935,202.69000244140625,192.1999969482422,194.7700042724609,169545900,-6.11684277968263,-1.1244043709844886,194.3750015258789,187.2760009765625,188.73280029296876,193.3079789475526,189.951795375392,3.356183572160603,2.4199706045655547,4.131289574901188,3.5706506892718894,204.92809349094296,169.62390846218204,0.1885141974661196,53.950761844412334,-0.3972457160380416,135746050.0,0.053858424105642816,1.0400158229395142,6.237201971890638,0.7220929756684091,2.4789906342217005,0.0,0.0,1.0
2023-04-04,AAPL,163.92838412805693,164.16452584406122,162.4622725801105,162.97393798828125,46278300,-0.3249597474905719,-1.129021989277812,158.69073333740235,154.89115295410156,150.01572662353516,158.40662106573149,154.44442249394118,3.96219857179031,3.3090191086382896,1.0614875845849994,1.1228684448176127,164.95353517738735,144.82877073081576,0.12992843078994384,70.34907288552391,-18.776085453224333,57371460.0,0.010444941595957049,1.0521836456119276,0.7701446369884346,1.5644435377089039,0.9889979619496447,1.0,0.0,0.0
2023-04-04,MSFT,279.4527472277195,282.5855611844231,277.93498937950386,279.4040832519531,25824300,-0.017407244449585413,-0.9889451306551611,273.3330352783203,264.91724624633787,254.9605569458008,272.1834303187964,264.4085828162414,7.774847502555019,6.642159917722209,1.2009419596444024,1.620459372449174,289.044211638691,240.7902808539847,0.18214718546423575,66.02467564102298,3.781652755060616,28198900.0,0.016644609308467374,1.054684386203171,-0.37114768224457695,1.496235806630608,1.261989024325194,0.0,1.0,0.0
2023-04-04,TSLA,197.32000732421875,198.7400054931641,190.32000732421875,192.5800018310547,126463800,-1.1244043709844886,-3.6660076287606036,193.8750015258789,187.51950073242188,189.70940032958984,193.1959824680914,190.14647733507073,3.0495051330206593,2.5458775102565756,3.3001429598514744,3.5022708112492413,205.3304434339691,169.70855803087466,0.18996363185674514,52.39894428652781,-25.41028712578718,133053290.0,0.043722079597506604,1.0269865324879135,-6.11684277968263,6.237201971890638,0.7220929756684091,0.0,0.0,1.0
2023-04-05,AAPL,162.09822184489292,162.40324825832465,159.20536551321473,161.13392639160156,51511700,-1.129021989277812,0.5495700645251178,159.27422485351562,155.4269226074219,150.43779388427734,158.82620650048074,154.93994130117525,3.886265199305484,3.424468326771729,1.0931863473635075,1.172121899311812,165.62673382811363,145.22711138673014,0.13124896317293083,64.90380287164413,11.308539855612665,54952450.0,0.019846116933426868,1.0367182447444736,-0.3249597474905719,0.7701446369884346,1.5644435377089039,1.0,0.0,0.0
2023-04-05,MSFT,278.1100534490355,279.37484150873803,275.25939610333745,276.64093017578125,22064800,-0.9889451306551611,2.5533123661743984,274.5054046630859,266.407763671875,255.79541625976563,272.8691995275633,265.31468262065175,7.5545169069115445,6.824631315560076,1.2505181283893756,1.6514861717671843,289.4907223700487,243.3248049737013,0.17329043553403456,62.14562741719307,-14.557993827519045,26918050.0,0.014876487737319168,1.0384116677489552,-0.017407244449585413,-0.37114768224457695,1.496235806630608,0.0,1.0,0.0
2023-04-05,TSLA,190.5200042724609,190.67999267578125,183.75999450683597,185.5200042724609,133882500,-3.6660076287606036,-0.2479553165553039,193.31200256347657,187.69550094604492,190.54200042724608,192.0150627456867,189.80377562672928,2.211287118957415,2.4789594319967434,3.3446434028097287,3.535168443052264,205.34563621234528,170.04536567974455,0.18807201214028127,47.641505671003834,5.866263705503072,131403900.0,0.03730054985759025,0.9884094362271935,-1.1244043709844886,-6.11684277968263,6.237201971890638,0.0,0.0,1.0
2023-04-06,AAPL,159.8252203026454,162.31466233453045,159.40212310856722,162.01947021484375,45390100,0.5495700645251178,-1.5972337067959752,159.838037109375,156.11914138793946,150.8907373046875,159.31747784115197,155.46435085033588,3.8531269908160937,3.510200059580602,1.0893490382883801,1.08916324732934,166.12399331850247,146.11428945737646,0.1281694459964011,66.25747294499743,-11.883902103793897,52729250.0,0.017976476667286318,1.0377937565787823,-1.129021989277812,-0.3249597474905719,0.7701446369884346,1.0,0.0,0.0
2023-04-06,MSFT,275.5415966022882,284.171421432575,274.3935542461789,283.7044372558594,29770300,2.5533123661743984,-0.7579040850855923,275.8616577148438,268.3185874938965,256.79930236816404,274.53615917807036,266.6768866677042,7.859272510366168,7.031559554521295,1.3398893251691155,1.6849696083122099,290.4160795053625,246.22109548243043,0.16471085524008808,67.41581306651415,34.922138428628415,26233990.0,0.03446497799249412,1.0573417216662744,-0.9889451306551611,-0.017407244449585413,-0.37114768224457695,0.0,1.0,0.0
2023-04-06,TSLA,183.0800018310547,186.38999938964844,179.74000549316406,185.05999755859372,123857900,-0.2479553165553039,-0.29720256079848184,192.59600219726562,188.30250091552733,191.35460052490234,190.94505271690318,189.45238465871924,1.4926680581839378,2.281701157234182,3.3326961321480537,3.324801305563054,204.59596729993387,172.0090345311208,0.173056292988013,47.33991187451633,-7.487610404645862,129370300.0,0.03593425907389226,0.9827803489535798,-3.6660076287606036,-1.1244043709844886,-6.11684277968263,0.0,0.0,1.0
2023-04-10,AAPL,158.8314221542027,159.431640625,157.5129143705151,159.431640625,47716900,-1.5972337067959752,-0.7591128765512267,160.0131820678711,156.78479232788087,151.2506594848633,159.33504134635936,155.75822416697767,3.576817179381692,3.5235234835408202,1.2338174367306292,1.1086223876398942,165.70031966343905,147.86926499232268,0.11372949127506346,59.08542137464012,5.126227966010211,51581290.0,0.012034789624965066,1.016882047409189,0.5495700645251178,-1.129021989277812,-0.3249597474905719,1.0,0.0,0.0
2023-04-10,MSFT,281.37908101323706,281.7585352734682,277.00092706983764,281.5542297363281,23103000,-0.7579040850855923,-2.2668296414176115,276.719775390625,270.30334930419923,257.61674438476564,275.61586234087923,267.77891208019486,7.836950260684375,7.192637695753912,1.3788208765237853,1.6422252907268486,289.30865328222734,251.29804532617112,0.14062203836504852,64.47319608889882,-22.395810589748844,25727090.0,0.016897661981800167,1.0416231632389696,2.5533123661743984,-0.9889451306551611,-0.017407244449585413,0.0,1.0,0.0
2023-04-10,TSLA,179.94000244140625,185.1000061035156,176.11000061035156,184.50999450683597,142154600,-0.29720256079848184,1.235704757019196,192.0060012817383,188.85600051879882,191.83940032958984,189.95504376150822,189.08628168450565,0.8687620770025717,1.99911334118786,3.3257554222955115,3.3283488742345324,203.71235113779616,173.99964989980148,0.15732992945086255,46.95715385063566,14.772331841570052,131954520.0,0.04872367763704508,0.9769877260980635,-0.2479553165553039,-3.6660076287606036,-1.1244043709844886,0.0,0.0,1.0
2023-04-11,AAPL,159.74652133194326,159.7563555644006,157.93601661540757,158.22137451171875,47644200,-0.7591128765512267,-0.4353182252510246,160.26113891601562,157.29300994873046,151.5476678466797,159.1637079871839,155.9406797480696,3.223028239114285,3.463424434655513,1.1847788840167108,1.1191554655974734,165.21746342233783,149.36855647512309,0.10076040220974017,56.03074760646472,-0.1523569217614762,51106680.0,0.011505012863215909,1.0059021348964643,-1.5972337067959752,0.5495700645251178,-1.129021989277812,1.0,0.0,0.0
2023-04-11,MSFT,278.0128240085293,278.2366070491665,274.0141236263016,275.171875,27276600,-2.2668296414176115,0.23334137754811302,277.347314453125,271.70970993041993,258.3034344482422,275.5475565961286,268.3265389631434,7.221017632985195,7.198313683200168,1.5074434047436467,1.741911837949245,287.3294445929107,256.08997526792916,0.11497369502540568,56.57892721237867,18.065186339436433,25770730.0,0.015344894614919693,1.0127421470158968,-0.7579040850855923,2.5533123661743984,-0.9889451306551611,0.0,1.0,0.0
2023-04-11,TSLA,186.69000244140625,189.19000244140625,185.6499938964844,186.7899932861328,115770900,1.235704757019196,-3.3460036536464677,191.50400085449218,189.47150039672852,192.01720031738282,189.46811291914278,188.91618624758914,0.5519266715536446,1.709676007261017,3.3461733914967366,3.3337754531890638,202.75702913074858,176.18597166270845,0.14023775297289465,48.80505254573215,-18.559863697692514,131446450.0,0.018951810440397156,0.9858474382427912,-0.29720256079848184,-0.2479553165553039,-3.6660076287606036,0.0,0.0,1.0
2023-04-12,AAPL,158.6346426672523,159.4611686435216,157.21773241416443,157.53260803222656,50133100,-0.4353182252510246,3.410364743239991,160.50220947265626,157.66248931884766,151.88847381591796,158.91276953257508,156.05860036171086,2.8541691708642247,3.3415733818972555,1.1868024322459154,1.102163757647033,164.8368637965672,150.48811484112812,0.09100927568396426,54.30991189757817,5.223930719793812,51520770.0,0.014241091145385156,0.9991762067998404,-0.7591128765512267,-1.5972337067959752,0.5495700645251178,1.0,0.0,0.0
2023-04-12,MSFT,277.07878271017614,279.2386732168352,274.32539366289427,275.81396484375,27403400,0.23334137754811302,2.239918865856927,278.15094604492185,272.81397857666013,259.1087496948242,275.588542480378,268.88116310244754,6.707379377930465,7.100126822146228,1.4898689965195573,1.667388663046422,286.017029623501,259.61092752981926,0.09679160221719241,57.14739968522231,0.46486732217358995,26323210.0,0.017813744698258197,1.0109964536375355,-2.2668296414176115,-0.7579040850855923,2.5533123661743984,0.0,1.0,0.0
2023-04-12,TSLA,190.7400054931641,191.5800018310547,180.30999755859372,180.5399932861328,150256300,-3.3460036536464677,2.9688716127604264,190.63899993896484,189.33550033569335,192.29480010986327,188.09455605252586,188.29572750970348,-0.20117145717762241,1.3275065143732894,3.4778759948749207,3.245456875749638,202.94060111128226,175.73039956010444,0.14371420839163238,44.2537899300057,29.787623660177132,136606620.0,0.062423865578633594,0.9535453888258354,1.235704757019196,-0.29720256079848184,-0.2479553165553039,0.0,0.0,1.0
2023-04-13,AAPL,159.03807402297244,163.14120127307194,158.83143501847854,162.90504455566406,68445600,3.410364743239991,-0.21139652936523756,160.97352905273436,158.28091125488282,152.31138061523438,159.5269656899734,156.56574437607776,2.961221313895635,3.2655029682969317,1.4804529894254745,1.3098058354671525,164.9859382709888,151.57588423877684,0.08472312880873868,63.67998509719675,36.527763094642054,53234760.0,0.026455695502546374,1.029214725036141,-0.4353182252510246,-0.7591128765512267,-1.5972337067959752,1.0,0.0,0.0
2023-04-13,MSFT,275.91120566345813,282.0503468765026,275.50259466661186,281.9919738769531,24222700,2.239918865856927,-1.276536844585241,279.0586791992188,274.00094146728514,259.9386343383789,276.5736857721588,269.8523342709294,6.721351501229378,7.024371757962859,1.5314210637983339,1.6898601281668846,285.8956573148629,262.1062256197074,0.08682244509001392,62.26628995744591,-11.606953881635128,26236780.0,0.023219640331848063,1.0291642516513837,0.23334137754811302,-2.2668296414176115,-0.7579040850855923,0.0,1.0,0.0
2023-04-13,TSLA,182.9600067138672,186.5,180.94000244140625,185.8999938964844,112933000,2.9688716127604264,-0.484127986031857,189.84099884033202,189.60800018310547,192.5483999633789,187.75693110544256,188.11826576057615,-0.3613346551335894,0.9897382804719137,3.5262427949259676,3.2911689811904674,202.6712838397784,176.54471652643255,0.13779253664463142,48.674291689208886,-24.839757134975372,135533920.0,0.029908540834540052,0.9804438299911384,-3.3460036536464677,1.235704757019196,-0.29720256079848184,0.0,0.0,1.0
2023-04-14,AAPL,161.9506011686896,163.65286938363687,161.19295983913122,162.5606689453125,49386500,-0.21139652936523756,0.012117996811578102,161.25395965576172,158.74140701293945,152.705,159.99368926771785,157.00981286268774,2.9838764050301165,3.2091776556435687,1.4673284815262344,1.2692660220467666,165.28384074570076,152.19897328017814,0.08242882378166169,62.79106118825191,-27.845617541522028,53223240.0,0.015132255301761795,1.024059645206885,3.410364743239991,-0.4353182252510246,-0.7591128765512267,1.0,0.0,0.0
2023-04-14,MSFT,279.22894208294247,280.66887902365164,276.00856885442937,278.3922424316406,20987900,-1.276536844585241,0.9296062410186323,279.26202392578125,274.48448181152344,260.60064025878904,276.8534637197714,270.4849200606117,6.368543659159684,6.893206138202224,1.5711679307765394,1.5021948380146306,286.2612151205814,262.70774850246545,0.08580982962194969,57.92451515875473,-13.354415486300041,25830230.0,0.016740086320352884,1.0142367269520194,2.239918865856927,0.23334137754811302,-2.2668296414176115,0.0,1.0,0.0
2023-04-14,TSLA,183.9499969482422,186.27999877929688,182.00999450683597,185.0,96438700,-0.484127986031857,1.1026990735853115,188.81299896240233,189.65149993896483,192.62019989013672,187.33278785845138,187.88728311164456,-0.5544952531931813,0.6808915737388948,3.5055534688711245,3.2652042123837424,202.6435780361997,176.65942184172997,0.13701002208172444,47.98622237295186,-14.605385494054001,134152570.0,0.023081104175464374,0.9754734344813417,2.9688716127604264,-3.3460036536464677,1.235704757019196,0.0,0.0,1.0
2023-04-17,AAPL,162.44261368211053,162.73780588588528,161.39961424099232,162.5803680419922,41516200,0.012117996811578102,0.7504551675774129,161.28643035888672,159.2447052001953,152.9931036376953,160.39163984837543,157.42244657967325,2.9691932687021847,3.161180778255292,1.3848241387462763,1.2557814865720938,165.30079762808242,153.1886127723082,0.0760602045797838,62.82303056927188,-15.93613639354885,50499880.0,0.008230954702644806,1.0209467739451898,-0.21139652936523756,3.410364743239991,-0.4353182252510246,1.0,0.0,0.0
2023-04-17,MSFT,282.07960200286976,283.7043967289592,278.4116924129814,280.9801940917969,23836200,0.9296062410186323,-0.1488950065921535,279.3106658935547,274.94029846191404,261.0843981933594,277.48834531546765,271.26234776662545,6.2259975488422015,6.75976442033022,1.524106609757171,1.4948858585177713,286.9924275506093,262.8881693732188,0.08767088095937876,60.0796732471389,13.571152902386618,24937250.0,0.018836574346762187,1.0219680260175448,-1.276536844585241,2.239918865856927,0.23334137754811302,0.0,1.0,0.0
2023-04-17,TSLA,186.32000732421875,189.69000244140625,182.69000244140625,187.0399932861328,116662200,1.1026990735853115,-1.4595786064656058,186.7709976196289,189.99699935913085,192.59559967041017,187.28774253963314,187.8245209023474,-0.5367783627142444,0.4373575864482669,2.693739770292744,3.228553516123679,202.27059656707743,177.72340215118427,0.1291978004847026,49.721190088402714,20.970315858674994,128796580.0,0.03742515104398788,0.9844365643511626,-0.484127986031857,2.9688716127604264,-3.3460036536464677,0.0,0.0,1.0
2023-04-18,AAPL,163.43639900098648,164.7253892225956,162.99360326395418,163.8004608154297,49923000,0.7504551675774129,0.6968160735147277,161.31595001220703,159.6909324645996,153.23330017089845,160.91607384330686,157.89489207861817,3.0211817646886914,3.1331809755419724,1.3836660400732124,1.2273049140221959,165.70667364380162,153.67519128539757,0.07534230136123224,64.83810214939678,20.24944479504387,49794560.0,0.010572534106560214,1.0257342623491856,0.012117996811578102,-0.21139652936523756,3.410364743239991,1.0,0.0,0.0
2023-04-18,MSFT,283.6751943988744,283.86005216252715,279.2386674537209,280.56182861328125,20161800,-0.1488950065921535,0.02776977086946797,279.42157592773435,275.7254470825195,261.68110107421876,277.9611888997467,271.9511981997111,6.009990700035587,6.609809676271294,1.5192562936806338,1.3513026487319386,287.03536429583744,264.4155298692016,0.08203752923779344,59.54865878071368,-15.415208800060409,24465100.0,0.016471894026525793,1.0175405700922278,0.9296062410186323,-1.276536844585241,2.239918865856927,0.0,1.0,0.0
2023-04-18,TSLA,187.1499938964844,187.69000244140625,183.5800018310547,184.30999755859372,92067000,-1.4595786064656058,-2.0183393575926023,185.7249969482422,190.04999923706055,192.48219970703124,186.82962792716555,187.5641858398471,-0.7345579126815664,0.20297448662230025,2.0315071350885185,3.229664843021395,202.2095478297452,177.8904506443759,0.127961574759254,47.44063079183984,-21.082407155016792,121048690.0,0.022299390509432124,0.9697974127781659,1.1026990735853115,-0.484127986031857,2.9688716127604264,0.0,0.0,1.0
2023-04-19,AAPL,163.14119328481948,165.46334834295578,162.8853530999642,164.9418487548828,47720200,0.6968160735147277,-0.5846269099522239,161.5127410888672,160.10173721313475,153.55075256347655,161.53542382970315,158.41688886945258,3.118534960250571,3.1302517724836925,1.3925231891683711,1.212914648920379,166.38124525025643,153.82222917601308,0.07844397127011939,66.6587401679399,-4.4123950884361935,49938750.0,0.015629722004769718,1.0302314742238223,0.7504551675774129,0.012117996811578102,-0.21139652936523756,1.0,0.0,0.0
2023-04-19,MSFT,278.2463272755176,281.2234702218599,276.8356062940719,280.6397399902344,17150300,0.02776977086946797,-0.8112546287773026,279.5451416015625,276.43908843994143,262.3100299072266,278.3732736828986,272.594793887898,5.778479795000635,6.4435437000171625,1.5191008520075466,1.3509847869276692,287.0417198107015,265.83645706918134,0.07670862634220847,59.6202355831728,-14.936662401174495,23597700.0,0.015635219473694863,1.0151955773476136,-0.1488950065921535,0.9296062410186323,-1.276536844585241,0.0,1.0,0.0
2023-04-19,TSLA,179.10000610351562,183.5,177.64999389648438,180.58999633789065,125732700,-2.0183393575926023,-9.745828230593878,184.52599639892577,189.20049896240235,192.19879974365233,185.86968460573863,187.04757921007257,-1.177894604333943,-0.07319933156894842,2.0795805578068016,2.6930536700530405,201.51794192883418,176.88305599597052,0.13020518480640508,44.44887315972037,36.56652220665384,120975580.0,0.03239385471036859,0.9544900638648803,-1.4595786064656058,1.1026990735853115,-0.484127986031857,0.0,0.0,1.0
2023-04-20,AAPL,163.4265370188754,165.17799130758831,162.9050374280842,163.97755432128906,52456400,-0.5846269099522239,-0.9780919864293525,161.79710388183594,160.5356643676758,153.7915426635742,161.91113621302404,158.82879001403307,3.0823461989909617,3.1206706577851464,1.3478128521616473,1.1984349602486886,166.6139774391686,154.457351296183,0.0757253921791684,63.65973516015881,9.924937447873216,50033220.0,0.013861371996380724,1.0214400330740856,0.6968160735147277,0.7504551675774129,0.012117996811578102,1.0,0.0,0.0
2023-04-20,MSFT,277.52633742538336,281.20398586251105,277.3609274204324,278.363037109375,23244400,-0.8112546287773026,-0.12233867608042459,279.71735229492185,277.1113784790039,262.6839923095703,278.37169882543344,273.02207116356294,5.3496276618705,6.22476049238783,1.506526847955827,1.3607385887541428,286.24067240902787,267.98208454897997,0.06588898644387967,56.475462426436174,35.53348921010129,23715660.0,0.013805922230143725,1.0045168070587398,0.02776977086946797,-0.1488950065921535,0.9296062410186323,0.0,1.0,0.0
2023-04-20,TSLA,166.1699981689453,169.6999969482422,160.55999755859375,162.99000549316406,210970800,-9.745828230593878,1.2822849668400638,182.2729965209961,187.79249954223633,191.52239990234375,182.34973397303486,185.26553671252378,-2.9158027394889245,-0.6417200131529437,3.483509342066881,3.3615891290892765,204.73952130144,170.84547778303266,0.1804866733284214,33.639895230467374,67.79310394193396,128684410.0,0.056077054307675185,0.8679260667517025,-2.0183393575926023,-1.4595786064656058,1.1026990735853115,0.0,0.0,1.0
2023-04-21,AAPL,162.40322071444277,163.78076396537094,161.85220341407148,162.3737030029297,58337300,-0.9780919864293525,0.1878713765196327,161.83252716064453,160.83528213500978,154.05389862060548,161.982300334548,159.09137616135874,2.890924173189262,3.07472136086597,1.3876551366264123,1.2259062839817483,166.63578300417143,155.03478126584812,0.0721297067678539,58.91223773345335,11.211024774860645,51327940.0,0.011877296111579462,1.009565195195346,-0.5846269099522239,0.6968160735147277,0.7504551675774129,1.0,0.0,0.0
2023-04-21,MSFT,277.2927991907115,278.5186620047946,275.3955874268566,278.0224914550781,21676400,-0.12233867608042459,-1.3962638310007547,279.14915771484374,277.5054077148437,263.0672546386719,278.31797461460957,273.3924726666381,4.925501947971441,5.964908783504553,1.2289519896713894,1.3010451498220819,286.02826177258225,268.9825536571052,0.06142477819024239,55.99965126283248,-6.745710794858118,22906270.0,0.01123317240124294,1.0018633285185048,-0.8112546287773026,0.02776977086946797,-0.1488950065921535,0.0,1.0,0.0
2023-04-21,TSLA,164.8000030517578,166.0,161.32000732421875,165.0800018310547,123539000,1.2822849668400638,-1.5325895028073244,180.27499694824218,186.4354995727539,190.79820007324219,179.69285210503793,183.77031190648904,-4.077459801451113,-1.3288679708125777,3.5640802886325638,3.3801085319545168,206.02944680535865,166.84155234014918,0.2101954539506406,35.64136245590039,-41.4426072233693,128652520.0,0.028349846279810582,0.8854536942232639,-9.745828230593878,-2.0183393575926023,-1.4595786064656058,0.0,0.0,1.0
2023-04-24,AAPL,162.35404681853836,162.94443117624493,161.26184626664974,162.6787567138672,41949600,0.1878713765196327,-0.9435702819023728,162.15723876953126,161.08521041870117,154.34298736572265,162.0894474698279,159.35710805413714,2.7323394156907455,3.006244971830925,1.264350343143874,1.2167663362122283,166.74229009767984,155.4281307397225,0.07023710822706189,59.53043255586943,-28.091289792294127,50751210.0,0.010342990957047092,1.0098925673624786,-0.9780919864293525,-0.5846269099522239,0.6968160735147277,1.0,0.0,0.0
2023-04-24,MSFT,274.45190651995864,277.234482358,271.173160031667,274.1405639648437,26611000,-1.3962638310007547,-2.253613977810154,278.4077911376953,277.5637832641602,263.43324127197263,277.6752960531071,273.44788683687557,4.2274092162315355,5.61740887004995,1.2770596318841405,1.3269803755779426,285.97113876597507,269.1564277623453,0.06057962896271325,50.75068808303966,22.764850251886838,23257070.0,0.022110271601798723,0.9876669093530168,-0.12233867608042459,-0.8112546287773026,0.02776977086946797,0.0,1.0,0.0
2023-04-24,TSLA,164.64999389648438,165.64999389648438,158.61000061035156,162.5500030517578,140006600,-1.5325895028073244,-1.1565701922588656,178.07899780273436,185.04249954223633,189.90279998779297,177.0554907122256,182.19843717650895,-5.142946464283341,-2.0916836695067307,3.5554804271963274,3.384888244605709,207.23564418471656,162.8493548997561,0.23987078317016144,34.29300084329799,13.329879633152286,128437720.0,0.043309708729388316,0.8784468619580846,1.2822849668400638,-9.745828230593878,-2.0183393575926023,0.0,0.0,1.0
2023-04-25,AAPL,162.54099521393778,163.6430299514636,161.10440134757968,161.14376831054688,48714100,-0.9435702819023728,-0.006107539279054386,162.44947814941406,161.35530853271484,154.59409545898438,161.94395836840005,159.48945325831562,2.454505110084426,2.8958969994816255,1.2812743390898949,1.2011328980172336,166.42336148787666,156.28725557755303,0.06281854624118882,55.04270854677544,16.125302744245484,50858200.0,0.015753811832125115,0.9986889788498958,0.1878713765196327,-0.9780919864293525,-0.5846269099522239,1.0,0.0,0.0
2023-04-25,MSFT,271.941745821894,273.9751515427264,267.91382992661585,267.9624938964844,45772200,-2.253613977810154,7.243484069132,277.6868530273438,277.5170837402344,263.6857601928711,276.18101879824206,273.04156143388366,3.1394573643584067,5.121818568911642,1.2747558909996815,1.382625878194912,286.1348902338067,268.8992772466621,0.06210649360699433,43.72612538012306,72.0048100409605,25106630.0,0.02262003733422512,0.9655711651514274,-1.3962638310007547,-0.12233867608042459,-0.8112546287773026,0.0,1.0,0.0
2023-04-25,TSLA,159.82000732421875,163.47000122070312,158.75,160.6699981689453,121999300,-1.1565701922588656,-4.306963495243776,175.4669982910156,183.4854995727539,189.1783999633789,174.53464570556707,180.60373799076348,-6.069092285196405,-2.8871653926446657,3.452396591924205,3.3681172064795364,207.93428274781309,159.0367163976947,0.26649280986223106,33.2853083666632,-12.86175080317642,129060560.0,0.02937699181237321,0.8756550165711487,-1.5325895028073244,1.2822849668400638,-9.745828230593878,0.0,0.0,1.0
2023-04-26,AAPL,160.44515464932056,162.62955575633885,160.18932943478703,161.13392639160156,45498800,-0.006107539279054386,2.8395163556161007,162.80960998535156,161.6559097290039,154.78911712646484,161.81933806427722,159.61126608300344,2.2080719812737755,2.758331995840056,1.265068806997795,1.194428686674019,165.79534652939205,157.51647292861574,0.05121293502139707,55.01407202529514,-6.600347743261192,50394770.0,0.015144087754811924,0.9967710222392898,-0.9435702819023728,0.1878713765196327,-0.9780919864293525,1.0,0.0,0.0
2023-04-26,MSFT,288.66631890750085,291.45860367890464,284.80381270160626,287.372314453125,64599200,7.243484069132,3.2027535157003406,278.8426879882812,278.49681701660154,264.16692596435547,277.902756591301,274.1030986945682,3.7996578967328105,4.857386434475876,2.7026577443239317,2.1251696924088654,286.9053056179591,270.088328415244,0.06038480935928465,61.6743152674299,41.13195345646483,28826210.0,0.02315738379308588,1.0318692957844269,-2.253613977810154,-1.3962638310007547,-0.12233867608042459,0.0,1.0,0.0
2023-04-26,TSLA,160.2899932861328,160.6699981689453,153.13999938964844,153.75,153364100,-4.306963495243776,4.1886194740853755,172.78799896240236,181.7134994506836,188.36059997558593,171.33700790471062,178.61457221366987,-7.277564308959256,-3.765245175907584,3.5240088375078966,3.455957268587488,209.35076695683208,154.07623194453512,0.304185078045334,29.812702046102046,25.708999969671954,129371340.0,0.04897560181656504,0.8461121516276077,-1.1565701922588656,-1.5325895028073244,1.2822849668400638,0.0,0.0,1.0
2023-04-27,AAPL,162.5409858833323,165.85693915334917,162.5409858833323,165.7093505859375,64902300,2.8395163556161007,0.7541026054684652,163.0900405883789,162.03178482055665,155.0884393310547,162.41780152914802,160.06297604618376,2.3548254829642588,2.6776306932648968,1.1090397899454738,1.2747891486749636,166.21183703693077,157.85173260418253,0.0515954597550518,64.31017877402536,42.64617967946407,50040440.0,0.02001065877267566,1.0226965701171138,-0.006107539279054386,-0.9435702819023728,0.1878713765196327,1.0,0.0,0.0
2023-04-27,MSFT,287.9560567732343,296.936147852177,287.2555509397699,296.5761413574219,46462600,3.2027535157003406,0.7971635096885699,280.3011047363281,279.6798919677734,264.8156704711914,280.7755850168581,275.7677685214462,5.007816495411873,4.887472446663075,2.7895337263727757,2.1926093171983627,290.95208131554915,268.4077026199977,0.08060779249067068,67.04220504717554,-28.075579883342204,31050200.0,0.032641185727547914,1.0604128143456069,7.243484069132,-2.253613977810154,-1.3962638310007547,0.0,1.0,0.0
2023-04-27,TSLA,152.63999938964844,160.47999572753906,152.3699951171875,160.19000244140625,127015200,4.1886194740853755,2.5719427270091355,170.21699981689454,180.02899932861328,187.37940002441405,169.62208398727915,177.2497892675763,-7.6277052802971355,-4.5377371967854945,3.7132489674569653,3.5652681116863874,208.63383658271084,151.42416207451572,0.31778032828904573,36.45681049432212,-17.1806178890627,130779560.0,0.05062738302484271,0.8898011044820939,-4.306963495243776,-1.1565701922588656,-1.5325895028073244,0.0,0.0,1.0
2023-04-28,AAPL,165.78806481489534,167.12625617335198,165.1878463008649,166.95896911621094,55275900,0.7541026054684652,-0.05301675963867991,163.52987060546874,162.39191513061525,155.3708361816406,163.11644269638845,160.57379034766726,2.542652348721191,2.6506350243561556,1.1135556084639144,1.2685927762147409,166.96878367525738,157.8150465859731,0.0563681823810116,66.35509047062655,-14.832140001201811,50629380.0,0.011610097275683734,1.0281236537048184,2.8395163556161007,-0.006107539279054386,-0.9435702819023728,1.0,0.0,0.0
2023-04-28,MSFT,295.7783383038111,300.5651029592613,295.097280309873,298.9403381347656,36469600,0.7971635096885699,-0.5532746741241046,282.3559143066406,280.80896911621096,265.5539242553711,283.5701624196131,277.48425515946985,6.0859072601432445,5.127159409359109,2.715633403812082,2.185878326042366,294.86138601812723,266.7565522142947,0.10008524261987353,68.27151899696861,-21.507621183489512,32598370.0,0.018290681958496244,1.0645683400911996,3.2027535157003406,7.243484069132,-2.253613977810154,0.0,1.0,0.0
2023-04-28,TSLA,160.89999389648438,165.0,157.32000732421875,164.30999755859375,122515800,2.5719427270091355,-1.509339519437758,168.14799957275392,178.48049926757812,186.38079986572265,168.80483992132753,176.29128617802203,-7.4864462566945065,-5.127479008767297,3.9182934249836894,3.632602504423065,206.9619295122103,149.99906902294595,0.31915453353738993,40.34729494733668,-3.5424106721085313,133387270.0,0.04674087267905002,0.9206047620488783,4.1886194740853755,-4.306963495243776,-1.1565701922588656,0.0,0.0,1.0
2023-05-01,AAPL,166.56542643996343,167.71666253016707,165.93569007402044,166.87045288085938,52472900,-0.05301675963867991,-0.619164811482642,163.95887908935546,162.6226547241211,155.68334350585937,163.6939827247686,161.04020979457036,2.653772930198244,2.651262605524573,1.1154390430511216,1.2298966507315638,167.616874898238,157.62843455000421,0.06142096477995965,66.06632815336992,-5.070926027436917,51725050.0,0.01067278493825501,1.0261205805792826,0.7541026054684652,2.8395163556161007,-0.006107539279054386,1.0,0.0,0.0
2023-05-01,MSFT,298.65820207273595,300.2440714597597,296.887474923344,297.286376953125,21294100,-0.5532746741241046,-0.04908905012379616,283.9865325927734,281.6485992431641,266.39861541748047,285.6803492709226,278.9510789960369,6.729270274885664,5.44758158246442,2.7448737554352953,2.18058694141967,297.51176773964625,265.7854307466819,0.11264510840181056,66.4054204778204,-41.61136946936627,32344160.0,0.011290784901808642,1.0555222988929545,0.7971635096885699,3.2027535157003406,7.243484069132,0.0,1.0,0.0
2023-05-01,TSLA,163.1699981689453,163.27999877929688,158.8300018310547,161.8300018310547,109015000,-1.509339519437758,-0.939259874721976,165.6270004272461,176.1989990234375,185.5766000366211,167.7317879074394,175.22007993009854,-7.488292022659124,-5.599641611545662,3.840887981340951,3.234407945796883,202.09955265490356,150.29844539197143,0.29399206323551075,38.80706901344791,-11.01963991583127,132622550.0,0.027497972550774862,0.9184501769475348,2.5719427270091355,4.1886194740853755,-4.306963495243776,0.0,0.0,1.0
2023-05-02,AAPL,167.3623966257795,167.6182368189597,164.85328597063295,165.83724975585938,48425700,-0.619164811482642,-0.6467334847828243,164.16255798339844,162.73925399780273,155.99801483154297,164.02371611416717,161.39554608799918,2.628170026167993,2.646644089653257,1.1333328186075111,1.2321064794352077,167.9254366670529,157.55307132855256,0.06373609982653841,62.639726762248905,-7.712933723884142,51575320.0,0.016672676689930797,1.0190365611366172,-0.05301675963867991,0.7541026054684652,2.8395163556161007,1.0,0.0,0.0
2023-05-02,MSFT,299.42681707438953,300.8083512230657,295.6810572722288,297.14044189453125,26404400,-0.04908905012379616,-0.3306973267528712,285.64439392089844,282.5329849243164,267.31997283935544,287.44344044378545,280.2984392107402,7.145001233045264,5.787065512580589,2.742033976969876,2.1764529144001212,299.7915335234241,265.2744363252087,0.12217015017719683,66.23339568974606,23.998666297237257,32968420.0,0.01725545643718462,1.0517017755435807,-0.5532746741241046,0.7971635096885699,3.2027535157003406,0.0,1.0,0.0
2023-05-02,TSLA,161.8800048828125,165.49000549316406,158.92999267578125,160.30999755859375,128259700,-0.939259874721976,0.18713932775662467,163.22700042724608,174.47599868774415,184.6166000366211,166.589974007617,174.11562938406115,-7.525655376444149,-5.98484436452536,3.843042843728782,3.018744782061669,199.75210452927254,149.19989284621576,0.28973733959551057,37.853280493501536,17.65325872586341,136241820.0,0.040920796689458555,0.9188083103940102,-1.509339519437758,2.5719427270091355,4.1886194740853755,0.0,0.0,1.0
2023-05-03,AAPL,166.7818533947913,168.17908009941613,164.47938185396285,164.7647247314453,65136000,-0.6467334847828243,-0.9913483220675312,164.14484558105468,162.82879333496095,156.3713299560547,164.13771743990227,161.64511487640257,2.4926025634997018,2.615835784422546,1.1382162500820274,1.2397219624433578,168.09328091404217,157.56430575587973,0.06466285810091896,59.206823357437784,34.507090243403816,53316900.0,0.022454431623537864,1.0118893677023197,-0.619164811482642,-0.05301675963867991,0.7541026054684652,1.0,0.0,0.0
2023-05-03,MSFT,298.3176970170622,300.25380462015016,295.8562025897096,296.1578063964844,22360800,-0.3306973267528712,0.3317945625013641,287.1962005615234,283.370671081543,268.3265588378906,288.78411212881605,281.47320715042497,7.310904978391079,6.091833405742687,2.7527919407640535,2.1802033956571276,301.589426578441,265.15191558464494,0.1285860348734213,65.01215971312571,-15.314114314280957,33489470.0,0.01484884725460598,1.045125119216243,-0.04908905012379616,-0.5532746741241046,0.7971635096885699,0.0,1.0,0.0
2023-05-03,TSLA,160.00999450683594,165.0,159.91000366210938,160.61000061035156,119728000,0.18713932775662467,0.3673471985857102,161.2290008544922,172.87749862670898,183.88140014648437,165.6699781003454,173.11521243786044,-7.445234337515046,-6.276922359123297,3.861536882792609,3.0283969473780226,197.36420468659014,148.39079256682783,0.2832839005006062,38.176250458286404,-6.651894554563908,135641350.0,0.031691652565516315,0.9290393595823225,-0.939259874721976,-1.509339519437758,2.5719427270091355,0.0,0.0,1.0
2023-05-04,AAPL,162.2457710884036,164.3612870012041,161.67507035057545,163.13133239746094,81235400,-0.9913483220675312,4.692724470873788,164.0602233886719,162.9286636352539,156.70351593017577,163.98288897183437,161.75520506314766,2.227683908686714,2.53820540927538,1.1681045443949925,1.2331260548432905,168.13321456638414,157.72411270412368,0.06388748075392778,54.32399774885011,24.716592974699083,56194800.0,0.016466589288217245,1.001243911032504,-0.6467334847828243,-0.619164811482642,-0.05301675963867991,1.0,0.0,0.0
2023-05-04,MSFT,297.9479549880525,299.42681707438953,295.1848569994441,297.14044189453125,22519900,0.3317945625013641,1.7157253927358118,289.0739410400391,284.3956466674805,269.37536987304685,290.06970132354144,282.6337430573958,7.435958266145633,6.360658377823277,2.7123759583738303,2.1585689503944208,303.31341983599503,265.47787349896595,0.13303841595461183,65.69337632579136,0.7115130049014429,33417020.0,0.014275943213583511,1.0448136087046092,-0.3306973267528712,-0.04908905012379616,-0.5532746741241046,0.0,1.0,0.0
2023-05-04,TSLA,162.7100067138672,162.9499969482422,159.64999389648438,161.1999969482422,95108500,0.3673471985857102,5.496278398315546,161.05,171.66149826049804,183.08820007324218,164.98228869232952,172.23260388307392,-7.250315190744402,-6.471600925447519,2.3874340052627576,2.965244180979248,195.9191162002822,147.40388032071388,0.2826215334899731,38.849310200023616,-20.56285914740078,124055120.0,0.02047148333890708,0.9390573808438953,0.18713932775662467,-0.939259874721976,-1.509339519437758,0.0,0.0,1.0
2023-05-05,AAPL,168.23815821665508,171.50492585877407,168.0216849384858,170.78663635253906,113453200,4.692724470873788,-0.04034782397377423,164.90151672363282,163.36702194213868,157.17916534423827,165.02961933809664,162.42419997347292,2.605419364623714,2.5516482003450465,1.8453301804904505,1.6089065347899703,169.6203218174557,157.11372206682165,0.0765552288457804,67.74867000268904,39.659803484687714,61706390.0,0.020395277960145168,1.0454168431437054,-0.9913483220675312,-0.6467334847828243,-0.619164811482642,1.0,0.0,0.0
2023-05-05,MSFT,297.4420521379096,303.5228215296377,296.031301762526,302.2385559082031,28197100,1.7157253927358118,-0.6438064438804125,291.49554748535155,285.32235260009764,270.4627081298828,291.94183279810477,284.08595141671486,7.855881381389906,6.659702978536603,2.7137157602068096,2.1219919115025934,305.8452852666692,264.7994199335261,0.14385786798369832,69.05927025328276,25.20970341786597,34069090.0,0.024786777268043347,1.0592880408911212,0.3317945625013641,-0.3306973267528712,-0.04908905012379616,0.0,1.0,0.0
2023-05-05,TSLA,163.97000122070312,170.7899932861328,163.50999450683594,170.05999755859375,107607300,5.496278398315546,1.0172855182730478,161.5479995727539,170.91149826049804,182.44799987792967,165.76347467175478,172.07167008126058,-6.3081954095057995,-6.438919822259176,2.959012519975663,3.269524395689184,194.33819088413696,147.4848056368591,0.2741382863303051,48.003886985616184,13.1416224627662,122461950.0,0.04280841399394099,0.9950178852179596,0.3673471985857102,0.18713932775662467,-0.939259874721976,0.0,0.0,1.0
2023-05-08,AAPL,169.71408033203093,171.06212101363838,169.35001851271124,170.7177276611328,55962800,-0.04034782397377423,-0.9971168620533266,165.70541381835938,163.93132629394532,157.70637268066406,165.90471292625605,163.03853535774402,2.866177568512029,2.614554073978443,1.851315287349082,1.550096331906474,170.70464418179952,157.1580084060911,0.08263604084687226,67.55619380713424,-50.673229137653244,63107710.0,0.010028850104691992,1.0413978311565588,4.692724470873788,-0.9913483220675312,-0.6467334847828243,1.0,0.0,0.0
2023-05-08,MSFT,301.7326615616671,301.8007733081372,297.8020437181864,300.292724609375,21318600,-0.6438064438804125,-0.5345837679542775,294.1107635498047,286.25927734375,271.61912506103516,293.22658538445404,285.2864531346897,7.9401322497643605,6.915788832782155,2.6536372685865577,2.1190426046273894,307.74617843817845,264.77237624932155,0.15012195443102608,66.38223173273164,-24.394352610729474,33539850.0,0.013316105460604868,1.0490235544358382,1.7157253927358118,0.3317945625013641,-0.3306973267528712,0.0,1.0,0.0
2023-05-08,TSLA,173.72000122070312,173.8000030517578,169.19000244140625,171.7899932861328,112249400,1.0172855182730478,-1.5367597024416146,162.4719985961914,170.2754981994629,181.9461996459961,166.6906313816591,172.05080513347332,-5.360173751814216,-6.223170608170184,2.889074527989118,3.2842383162759803,192.82187093323023,147.72912546569557,0.26482227886194426,49.590763005783934,4.313926657392209,119686230.0,0.02683509395493812,1.0088943805931245,5.496278398315546,0.3673471985857102,0.18713932775662467,0.0,0.0,1.0
2023-05-09,AAPL,170.27494492179522,170.7570775926942,168.84820036158354,169.01547241210938,45326900,-0.9971168620533266,1.0420979437910427,166.49258422851562,164.47103118896484,158.17572357177735,166.38329130869502,163.48127143584517,2.9020198728498485,2.672047233752724,1.8560215009242151,1.559971701816219,171.0459289415174,157.8961334364123,0.0799520463272159,62.809035250843145,-19.005303523054597,62768990.0,0.01129409753952148,1.0276306483293298,-0.04034782397377423,4.692724470873788,-0.9913483220675312,1.0,0.0,0.0
2023-05-09,MSFT,299.6603316018169,301.6451031506541,298.0160890953245,298.6874084472656,21340800,-0.5345837679542775,1.7296339197307775,297.1832550048828,287.43505401611327,272.7251443481445,294.066712009502,286.2791164911768,7.78759551832519,7.090150169890763,2.4728539034556842,2.040689341227518,308.94094941286835,265.9291586193582,0.14964003239180065,64.17209604605709,0.10413441783232447,31096710.0,0.012149872919635719,1.0391474674850256,-0.6438064438804125,1.7157253927358118,0.3317945625013641,0.0,1.0,0.0
2023-05-09,TSLA,168.9499969482422,169.82000732421875,166.55999755859375,169.14999389648438,88965000,-1.5367597024416146,-0.36062703657255835,163.31999816894532,169.39349822998048,181.17659942626952,167.0689948454784,171.8359302270297,-4.7669353815513205,-5.9319235628464115,2.9170030799302973,3.2743240712255175,190.55746770857843,148.22952875138253,0.2498793601849377,47.22232010817084,-20.74345163537622,116382800.0,0.01927289319099855,0.9985624930352078,1.0172855182730478,5.496278398315546,0.3673471985857102,0.0,0.0,1.0
2023-05-10,AAPL,170.24544525293916,171.23924342814053,169.14339542958015,170.7767791748047,53724500,1.0420979437910427,0.10946185172713285,167.45686950683594,165.13323974609375,158.69033660888672,167.05921251886573,164.02167941650885,3.037533102356889,2.745144407473557,1.8542846271306839,1.5562086554792822,171.42758843050873,158.83889106167877,0.07623357591836841,65.50964155064868,18.526746810392947,63591560.0,0.012272441304301053,1.0341756719445967,-0.9971168620533266,-0.04034782397377423,4.692724470873788,1.0,0.0,0.0
2023-05-10,MSFT,300.26351860842567,304.5249264836218,299.33925948976275,303.8536071777344,30078000,1.7296339197307775,-0.7044419949430947,298.8313842773438,288.8370361328125,273.9488864135742,295.5723881892301,287.58093061610697,7.991457573123114,7.270411650537233,1.284383110507101,2.0604304083825653,310.8039964770485,266.8700757885765,0.15210625782861986,67.87854107913375,40.9412955465587,27644590.0,0.017066333495345948,1.0519897698923104,-0.5345837679542775,-0.6438064438804125,1.7157253927358118,0.0,1.0,0.0
2023-05-10,TSLA,172.5500030517578,174.42999267578125,166.67999267578125,168.5399932861328,119840700,-0.36062703657255835,2.1003967520705658,164.7989974975586,168.79349822998046,180.43319915771485,167.29530229788676,171.59178674992623,-4.296484452039465,-5.604835740685022,2.4090871997687517,3.2022555677392837,189.29702161440707,148.28997484555384,0.24294209906699898,46.6677075209398,34.70544596189513,113030460.0,0.04598315123249537,0.9984981356124142,-1.5367597024416146,1.0172855182730478,5.496278398315546,0.0,0.0,1.0
2023-05-11,AAPL,171.06211698775132,171.79024060925457,169.40904995436452,170.96371459960938,49514700,0.10946185172713285,-0.5417484285912932,167.98230590820313,165.53617324829102,159.2500158691406,167.65990514667243,164.53590424488667,3.124000901785763,2.8209157063359984,1.6804327145150924,1.38782429365542,172.24785819685485,158.8244882997272,0.0810902513554767,65.79354663460373,-7.835903544937595,62052800.0,0.013928047015512663,1.0327876454119638,1.0420979437910427,-0.9971168620533266,-0.04034782397377423,1.0,0.0,0.0
2023-05-11,MSFT,301.70342572575834,302.6957964886429,297.9674049998212,301.713134765625,31680200,-0.7044419949430947,-0.3675807178570967,299.34508361816404,289.8230941772461,275.19111328125,296.51711843175235,288.6277605531083,7.889357878644034,7.394200896158594,0.9419888687487968,2.0349667258637685,312.26174845019943,267.3844399042928,0.1548437976390563,64.88356026528797,5.326816942615875,26166350.0,0.015671811876850347,1.0410251661349919,1.7296339197307775,-0.5345837679542775,-0.6438064438804125,0.0,1.0,0.0
2023-05-11,TSLA,168.6999969482422,173.57000732421875,166.7899932861328,172.0800018310547,103889900,2.1003967520705658,-2.3826162598143963,165.98799743652344,168.10249862670898,179.81939910888673,168.03140991837412,171.62795083000984,-3.5965409116357137,-5.2031767748751605,2.1762542605082373,3.161316765875485,187.0511441329855,149.15385312043244,0.22544156881753663,50.31465442140307,-13.310002361468188,110717930.0,0.03940036009961485,1.023661178369384,-0.36062703657255835,-1.5367597024416146,1.0172855182730478,0.0,0.0,1.0
2023-05-12,AAPL,171.07210045600348,171.50564580777203,168.49055408757272,170.0375213623047,45533100,-0.5417484285912932,-0.28972738471185755,168.2901611328125,165.91001586914064,159.7793634033203,168.0256922567697,164.9434314387695,3.082260818000208,2.8731847286688406,1.6935845783977803,1.3955576514660866,172.75545597132637,159.0645757669549,0.08251991377765867,63.02542039158442,-8.041248356548659,61078520.0,0.017731919967093324,1.024877976604014,0.10946185172713285,1.0420979437910427,-0.9971168620533266,1.0,0.0,0.0
2023-05-12,MSFT,302.14130111816417,302.23859938067807,298.2982721245842,300.6040954589844,19774700,-0.3675807178570967,0.15859584505686364,299.51145935058594,290.9336868286133,276.3169805908203,297.1458841282496,289.5148964720621,7.630987656187472,7.4415582481643705,0.9285408589880634,2.0064996042098877,313.1881483459278,268.6792253112988,0.152986488157519,63.32452663140829,-37.580255175156715,24496860.0,0.013108029183958767,1.0332392193416495,-0.7044419949430947,1.7296339197307775,-0.5345837679542775,0.0,1.0,0.0
2023-05-12,TSLA,176.07000732421875,177.3800048828125,167.22999572753906,167.97999572753906,157849600,-2.3826162598143963,-0.9703474612936969,166.35499725341796,167.25149841308593,179.3609991455078,168.02350004286103,171.35773193353052,-3.3342318906694857,-4.829387798034026,2.2744755386043094,3.194304123400681,184.45308015192447,150.04991667424738,0.2056971913800525,46.36051216803777,51.939312676208175,114251310.0,0.06042391602233753,1.0043556997776717,2.1003967520705658,-0.36062703657255835,-1.5367597024416146,0.0,0.0,1.0
2023-05-15,AAPL,170.61887671576198,170.66814597161118,168.95367509817433,169.5448760986328,37266700,-0.28972738471185755,0.0,168.55760345458984,166.25824127197265,160.1981005859375,168.25941284782556,165.28427919135197,2.975133656473588,2.89357451422979,1.699089012786137,1.3997113341006313,173.09907338550767,159.41740915843764,0.08229164534880982,61.542242305609406,-18.154705038752027,59557900.0,0.010112195147905607,1.0197682520969515,-0.5417484285912932,0.10946185172713285,1.0420979437910427,1.0,0.0,0.0
2023-05-15,MSFT,300.7306029224894,301.50892969880647,299.261479214083,301.0808410644531,16336500,0.15859584505686364,0.7367458772040925,299.8909057617187,291.93871917724607,277.3710467529297,297.75126211843474,290.3716331085355,7.379629009899247,7.429172400511346,0.9032984194417631,2.0032556421456356,314.11590491185484,269.7615334426373,0.1519304174321888,63.72800173102576,-17.386863011828247,24001100.0,0.007464608099199315,1.0313152085923092,-0.3675807178570967,-0.7044419949430947,1.7296339197307775,0.0,1.0,0.0
2023-05-15,TSLA,167.66000366210938,169.75999450683594,164.5500030517578,166.35000610351562,105592500,-0.9703474612936969,0.1021930644472091,166.80699768066407,166.21699905395508,178.73219940185547,167.7660394368079,170.98678927945534,-3.22074984264745,-4.507660206956711,2.2343419750674474,3.1754716444885296,180.67800177505217,151.755996332858,0.17400148965994694,44.85140908324515,-33.105627128608496,113909060.0,0.031319454547155665,1.000800201244864,-2.3826162598143963,2.1003967520705658,-0.36062703657255835,0.0,0.0,1.0
2023-05-16,AAPL,169.4660482962473,170.59916600644908,169.2788341449399,169.5448760986328,42110300,0.0,0.3603001018873231,168.9283660888672,166.54546203613282,160.56173583984375,168.4571764248728,165.59987896226167,2.857297462611143,2.886319103906061,1.678215740029295,1.3947667277864735,173.43400389376126,159.65692017850438,0.08272266050856358,61.542242305609406,12.997126120638525,58926360.0,0.007787506717342911,1.0180095814429893,-0.28972738471185755,-0.5417484285912932,0.10946185172713285,1.0,0.0,0.0
2023-05-16,MSFT,301.4407550392499,305.2157014683238,301.4407550392499,303.2990417480469,26730300,0.7367458772040925,0.9451624656148017,300.5067657470703,293.07557983398436,278.4387326049805,298.6047666768366,291.32921893368444,7.275547743152174,7.398447469039512,0.9199621964985035,2.0010958716999623,315.127934718196,271.0232249497727,0.15048920074953648,65.62299580557887,63.623175098705346,24033690.0,0.012446285379990707,1.0348833632602679,0.15859584505686364,-0.3675807178570967,-0.7044419949430947,0.0,1.0,0.0
2023-05-16,TSLA,165.64999389648438,169.52000427246094,164.35000610351562,166.52000427246094,98288800,0.1021930644472091,4.407876621166107,167.4279983520508,165.32749938964844,178.18639953613283,167.57434171921605,170.65591631597425,-3.081574596758202,-4.22244308491701,2.194180807929602,3.1707476389826756,177.02755672455555,153.62744205474132,0.1415379459327827,45.05230183737042,-6.916873831001258,110911970.0,0.031047309850449758,1.0072129856630927,-0.9703474612936969,-2.3826162598143963,2.1003967520705658,0.0,0.0,1.0
2023-05-17,AAPL,169.19013234108013,170.39221479568312,167.91905489711874,170.15574645996094,57951600,0.3603001018873231,1.3666086556335388,169.46746826171875,166.80615692138673,160.98147216796875,168.71849489180946,165.9373506287579,2.7811442630515444,2.8652841357351577,1.649480479504424,1.3902461020791694,173.83242918290415,159.7798846598693,0.08424475920069063,62.801142384909376,37.61858737648509,58207920.0,0.014534683371074575,1.0200807308338913,0.0,-0.28972738471185755,-0.5417484285912932,1.0,0.0,0.0
2023-05-17,MSFT,304.49838322404014,306.5849748220485,302.98703781876026,306.16571044921875,24315000,0.9451624656148017,1.439500548122008,301.50755615234374,294.3518783569336,279.6166781616211,299.7679887956647,292.4282183052055,7.339770490459159,7.386712073323443,0.9252327416363667,2.002415161221274,316.32831472923255,272.3754419846346,0.14932085023524225,67.95314206937806,-9.035813290535454,24229110.0,0.011751600131867098,1.0401350660924256,0.7367458772040925,0.15859584505686364,-0.3675807178570967,0.0,1.0,0.0
2023-05-17,TSLA,168.41000366210938,174.5,167.19000244140625,173.86000061035156,125473600,4.407876621166107,1.742780840135616,168.75299835205078,164.9909996032715,177.9093994140625,168.54136616400615,170.89325589333555,-2.3518897293294003,-3.848332413799488,2.5287027898189884,3.326032089169601,175.12514194386398,154.856857262679,0.12284478989715203,53.011318191623,27.658085153140544,111486530.0,0.04204530963379345,1.0537544534453758,0.1021930644472091,-0.9703474612936969,-2.3826162598143963,0.0,0.0,1.0
2023-05-18,AAPL,170.46119076780954,172.6683237371227,170.04735615510018,172.48110961914062,65496700,1.3666086556335388,0.06285540284871605,170.4024459838867,167.2313346862793,161.42272369384764,169.29735869601424,166.4220735169344,2.875285179079839,2.867284344404094,1.6068873734113693,1.4032956573955684,174.55956354976018,159.9031058227984,0.08764181518049131,67.20239101383915,13.019657783391647,56634050.0,0.015195679038765154,1.0313922922561716,0.3603001018873231,0.0,-0.28972738471185755,1.0,0.0,0.0
2023-05-18,MSFT,306.68252689685806,311.0800126585323,305.8927386445008,310.5729675292969,27276000,1.439500548122008,-0.05654006075550555,302.85080871582034,295.9623748779297,280.89152587890624,301.4302932162235,293.7722738032864,7.658019412937108,7.4409735412461755,0.9887079142954682,1.9907355617578781,317.72513664073716,274.1996131151222,0.14706438121929238,71.18672057416035,12.177668106107342,24704720.0,0.016702271467146257,1.0493663853636577,0.9451624656148017,0.7367458772040925,0.15859584505686364,0.0,1.0,0.0
2023-05-18,TSLA,174.22000122070312,177.05999755859375,172.4499969482422,176.88999938964844,109520300,1.742780840135616,1.8373000232992265,170.3219985961914,165.6859992980957,177.80719940185546,169.82577127564343,171.33745911528464,-1.511687839641212,-3.381003498967833,2.538486039059386,2.4577308741799033,177.0715924257332,154.30040617045822,0.13743579030057915,55.85402641561499,-12.714467425817066,112927710.0,0.026061397627102592,1.0676218880232295,4.407876621166107,0.1021930644472091,-0.9703474612936969,0.0,0.0,1.0
2023-05-19,AAPL,173.80146880445517,173.80146880445517,172.37275062180032,172.5895233154297,55809500,0.06285540284871605,-0.5480766348915034,170.58273468017578,167.74212570190429,161.9110122680664,169.80384556053968,166.8789216501563,2.9249239103833986,2.878812257599955,0.6958319462828987,1.3738649449895275,175.06885265680592,160.41539874700265,0.08735703001548947,67.39607522972246,-14.790363483961787,50869680.0,0.00827812809960475,1.0288979145413941,1.3666086556335388,0.3603001018873231,0.0,1.0,0.0,0.0
2023-05-19,MSFT,308.8372836549044,310.7971433987786,308.476519967082,310.3973693847656,27546700,-0.05654006075550555,0.8921256410687528,303.66669006347655,297.58111877441405,282.189714050293,302.8098433959992,295.00376236487745,7.806081031121778,7.513995039221297,0.8900337687793013,1.9895900046476354,318.52619763859025,276.63603991023786,0.14076886968123764,70.87984878996683,0.9924475729579108,24639680.0,0.007476298643562078,1.0430680906877936,1.439500548122008,0.9451624656148017,0.7367458772040925,0.0,1.0,0.0
2023-05-19,TSLA,177.1699981689453,181.9499969482422,176.30999755859375,180.13999938964844,136196700,1.8373000232992265,4.846228354123516,171.3299987792969,166.4389991760254,177.95159942626952,171.412575600875,171.98949913560787,-0.5769235347328845,-2.8201875061208437,2.023755298603325,2.470858553230427,179.52142154158554,153.35657681046524,0.15720380956778307,58.737525910079114,24.357493542293064,115786650.0,0.03130897862083891,1.0823184486896182,1.742780840135616,4.407876621166107,0.1021930644472091,0.0,0.0,1.0
2023-05-22,AAPL,171.42682777563832,172.14612580242743,170.9046067635048,171.6436004638672,43570900,-0.5480766348915034,-1.5155080503892138,170.67532196044922,168.19036788940429,162.4215118408203,170.08688477643622,167.23186082154228,2.8550239548939373,2.874054597058752,0.7256809881400106,1.3872211811042299,175.30669139358315,161.07404438522542,0.08462224791443818,63.85292867622863,-21.929241437389692,49630490.0,0.007233121628580528,1.0205316904754833,0.06285540284871605,1.3666086556335388,0.3603001018873231,1.0,0.0,0.0
2023-05-22,MSFT,310.6508883841552,314.5413277664758,310.0756125429816,313.16650390625,24115700,0.8921256410687528,-1.843168476608481,304.9540679931641,299.53241577148435,283.6158642578125,304.4031757821917,296.34915062720137,8.054025154990313,7.622001062375101,0.8462141404907966,1.935597191676642,318.456646863354,280.6081846796147,0.12635848472779065,72.86629106242752,-12.455212421088547,24919390.0,0.014259875075372113,1.0455179052979935,-0.05654006075550555,1.439500548122008,0.9451624656148017,0.0,1.0,0.0
2023-05-22,TSLA,180.6999969482422,189.32000732421875,180.11000061035156,188.8699951171875,132001400,4.846228354123516,-1.6413357996875821,173.03799896240236,167.75499877929687,178.26019927978516,174.09833244953845,173.2399062453545,0.8584262041839565,-2.0844647640598835,2.433175264463673,2.6072032345921334,184.08288657874164,151.4271109798521,0.1946635023487579,65.29499491440797,-3.0803242663001384,117761850.0,0.04876373670763685,1.125868060514072,1.8373000232992265,1.742780840135616,4.407876621166107,0.0,0.0,1.0
2023-05-23,AAPL,170.5892951031298,170.83562631420236,168.7664381272472,169.04232788085938,50747300,-1.5155080503892138,0.16321010749065223,170.67800750732422,168.5852958679199,162.84121795654298,169.92618371557825,167.3659694926028,2.5602142229754463,2.8112865222420913,0.8214964759017054,1.4192440472817245,174.88486467629843,162.2857270595414,0.07473449894840169,55.25076614186115,16.470626037102743,50172530.0,0.012240651278853177,1.0027109838410673,-0.5480766348915034,0.06285540284871605,1.3666086556335388,1.0,0.0,0.0
2023-05-23,MSFT,312.04529609718725,314.66818336254534,307.3845576035484,307.3943176269531,30797200,-1.843168476608481,-0.447258564414299,305.8247589111328,301.50400695800784,284.82285736083986,304.8633514506165,297.1673111457015,7.696040304915016,7.636808910883084,1.079828909000028,1.90473084756345,313.54347782366403,289.46453609235164,0.07986275862219638,63.18994739640488,27.706017241879778,25865030.0,0.023694731298957168,1.0195364258285484,0.8921256410687528,-0.05654006075550555,1.439500548122008,0.0,1.0,0.0
2023-05-23,TSLA,186.1999969482422,192.9600067138672,185.25999450683597,185.7700042724609,156952100,-1.6413357996875821,-1.5449266889003166,174.7,169.00999908447267,178.4859994506836,175.8939742684496,174.1680616547698,1.7259126136798102,-1.3223892885119448,2.445381616372562,2.6283721893799066,186.83483270093217,151.18516546801317,0.21093229646786157,61.554152599101144,18.90184498043204,124560560.0,0.04144916848759902,1.099165761071991,4.846228354123516,1.8373000232992265,1.742780840135616,0.0,0.0,1.0
2023-05-24,AAPL,168.57922839342694,169.8897122746601,168.0176010356781,169.31822204589844,45143500,0.16321010749065223,0.6692237032078552,170.5321517944336,168.99451065063477,163.2247219848633,169.83265115101213,167.51058079284692,2.322070358165206,2.7134432894267144,0.741265078475239,1.4181471803809906,174.22935007423172,163.7596712270378,0.06195277471963601,55.92891018034214,-11.042557929190322,49314430.0,0.011056761737519974,1.0019155142614833,-1.5155080503892138,-0.5480766348915034,0.06285540284871605,1.0,0.0,0.0
2023-05-24,MSFT,306.8775190368532,308.603346947372,304.81038789466385,306.0194702148437,23384900,-0.447258564414299,3.845777962245589,306.0413452148438,302.4363647460938,285.8686749267578,305.04121587588224,297.8230266323046,7.218189243577626,7.553084977421992,0.9720807166027438,1.1368898150668796,312.6117316311369,292.26099786105067,0.06728930823901214,61.10840892461406,-24.06809709973634,25195720.0,0.012394502382627123,1.0118474690428119,-1.843168476608481,0.8921256410687528,-0.05654006075550555,0.0,1.0,0.0
2023-05-24,TSLA,182.22999572753903,184.22000122070312,178.22000122070312,182.8999938964844,137605100,-1.5449266889003166,0.8583965973816721,176.13600006103516,170.46749877929688,178.47879943847656,176.97182344199342,174.81487145045233,2.156951991541092,-0.6265210325013374,2.5435922410650167,2.4117102739636245,187.79876392897467,153.13623362961908,0.20333805885327694,58.22809453083043,-12.326690754695225,126337000.0,0.03280481246705678,1.0729317623958559,-1.6413357996875821,4.846228354123516,1.8373000232992265,0.0,0.0,1.0
2023-05-25,AAPL,169.8798495430277,171.3479738482291,169.17041449607095,170.4513397216797,56058300,0.6692237032078552,1.4104757455196015,170.4809143066406,169.2316101074219,163.62301666259765,169.9278340080379,167.72841478757528,2.19941922046263,2.610638475633898,0.7776763577629853,1.2871525439995877,174.26565387800918,164.1975663368346,0.059492948951934764,58.697328229921155,24.178010123273562,49968790.0,0.01277525512978516,1.007207457362626,0.16321010749065223,-1.5155080503892138,-0.5480766348915034,1.0,0.0,0.0
2023-05-25,MSFT,315.1751430242443,318.7438294879401,312.0159906409768,317.7882995605469,43301700,3.845777962245589,2.138556250298307,307.64886169433595,303.49697265625,287.0593865966797,307.002305673523,299.3019357381004,7.7003699354226,7.582541969022115,1.4922911794170162,1.2281096436256842,315.37927116697335,291.6146741455267,0.07830258342762178,70.16757872203746,85.16948971344758,26357870.0,0.021170819870545598,1.047088861477652,-0.447258564414299,-1.843168476608481,0.8921256410687528,0.0,1.0,0.0
2023-05-25,TSLA,186.5399932861328,186.77999877929688,180.5800018310547,184.47000122070312,96870700,0.8583965973816721,4.7162123329924865,177.375,171.6814987182617,178.55919952392577,178.1253892541026,175.5300662482487,2.5953230058539134,0.0178477751697127,2.505781464007841,2.2842270856127436,189.37918097585026,153.98381646067315,0.20616877636455602,59.516790014181396,-29.602391190442802,125635080.0,0.033609784285870976,1.074489695150134,-1.5449266889003166,-1.6413357996875821,4.846228354123516,0.0,0.0,1.0
2023-05-26,AAPL,170.7764937271046,173.1905363695113,170.56956891324683,172.8555145263672,54835000,1.4104757455196015,1.06598021814297,170.76271362304686,169.52643737792968,164.01311187744142,170.37824639547318,168.1081999534117,2.2700464420614708,2.5425200689194125,0.8733330132007194,1.3115327917654815,174.6890949559792,164.36377979988018,0.06090681380320945,63.88154087293635,-2.182192467484745,50898980.0,0.015162764482498944,1.0196375102310202,0.6692237032078552,0.16321010749065223,-1.5155080503892138,1.0,0.0,0.0
2023-05-26,MSFT,315.9356633458704,325.0816363269195,315.7991718307155,324.5843811035156,36630600,2.138556250298307,-0.5046737108687971,310.04689025878906,304.7791748046875,288.1766455078125,309.7072403550603,301.17470946887187,8.532530886188454,7.772539752455383,1.5345807284062614,1.288768004576481,319.7294986166038,289.8288509927712,0.09810594061419682,73.94225352822937,-15.40609260144521,28043460.0,0.028598001125764765,1.0649821508031838,3.845777962245589,-0.447258564414299,-1.843168476608481,0.0,1.0,0.0
2023-05-26,TSLA,184.6199951171875,198.6000061035156,184.52999877929688,193.1699981689453,162061500,4.7162123329924865,4.136255924264187,179.8940002441406,173.1244987487793,178.73999938964843,180.43994447177073,176.836727872004,3.603216599766739,0.734921540089118,2.532801442959711,2.421316562861943,192.87829595690462,153.37070154065398,0.22820337215000433,65.81116273600055,67.29671613810989,126056270.0,0.0728374357176997,1.1157866134778187,0.8583965973816721,-1.5449266889003166,-1.6413357996875821,0.0,0.0,1.0
2023-05-30,AAPL,174.36311323589106,176.36332172139132,173.9788370991414,174.6981201171875,55964400,1.06598021814297,-0.028212031496854806,171.27803802490234,169.9178207397461,164.45678619384765,171.04284235266,168.5963421877655,2.446500164894502,2.5233160881144308,0.8992359630168885,1.3247935269253976,175.4090642574824,164.4265772220098,0.0646341095222372,67.27211771690028,2.0596334457919196,52768750.0,0.013649171614728322,1.0281330078071276,1.4104757455196015,0.6692237032078552,0.16321010749065223,1.0,0.0,0.0
2023-05-30,MSFT,326.86600894737563,327.36326419300417,322.2735022093098,322.9462890625,29503100,-0.5046737108687971,-0.8514024923117147,312.2334350585937,306.0621704101562,289.1982940673828,311.74401707928183,302.7874190683999,8.956598010881919,8.009351404140691,1.5781829479959055,1.2868803722665336,322.62251194759824,289.5018288727142,0.10821554009925091,71.59092446337614,-19.457775739409133,29360120.0,0.015760397800110144,1.055165650265491,2.138556250298307,3.845777962245589,-0.447258564414299,0.0,1.0,0.0
2023-05-30,TSLA,200.1000061035156,204.47999572753903,197.52999877929688,201.16000366210935,128818700,4.136255924264187,1.3770078361723836,183.375,175.09099884033202,179.16059936523436,183.62764588566898,178.63845200460437,4.989193881064608,1.585776008284216,2.5085326491597097,2.461794758612428,197.73046516091154,152.4515325197525,0.2586022864741867,70.36788743368176,-20.512459776072667,128378890.0,0.03454959644918353,1.1488883208984948,4.7162123329924865,0.8583965973816721,-1.5449266889003166,0.0,0.0,1.0
2023-05-31,AAPL,174.72766202276017,176.71802248155805,174.16601962684186,174.64883422851562,99625300,-0.028212031496854806,1.6022490722786609,171.78843383789064,170.3583999633789,164.85224456787108,171.59761033356085,169.04467493152475,2.5529354020360984,2.529239950898764,0.9003375462907344,1.31119792147939,175.88497815746828,164.83182176928952,0.06488178094273488,67.09069921099879,78.01548841763693,58520250.0,0.014612195185781074,1.025184753238226,1.06598021814297,1.4104757455196015,0.6692237032078552,1.0,0.0,0.0
2023-05-31,MSFT,323.99940574363865,327.5583326539221,319.16313582793106,320.1967163085937,45950600,-0.8514024923117147,1.275899462896568,313.92320251464844,307.21498413085936,290.30505126953125,313.0444323453298,304.0769966417476,8.967435703582225,8.200968264029,1.653806283017463,1.3145651556826174,324.3600118880786,290.06995637364014,0.11161583023513096,67.69942217170197,55.74837898390339,31282150.0,0.026218872331907544,1.042256181658785,-0.5046737108687971,2.138556250298307,3.845777962245589,0.0,1.0,0.0
2023-05-31,TSLA,199.77999877929688,203.9499969482422,195.1199951171875,203.92999267578125,150711700,1.3770078361723836,1.7604137329555236,187.11599884033203,177.2719985961914,179.57419921875,186.75108385337856,180.51189946172858,6.239184391649985,2.51645768495737,2.4357519276278707,2.4137354680327827,202.20418107685083,152.33981611553196,0.28128731754700365,71.77249993322994,16.9952033361616,133621180.0,0.04329918181820903,1.1503790462717929,4.136255924264187,4.7162123329924865,0.8583965973816721,0.0,0.0,1.0
2023-06-01,AAPL,175.09221783191245,177.47670209655325,174.33351350934285,177.4471435546875,68901800,1.6022490722786609,0.4775230850405876,172.51757354736327,170.992520904541,165.26667236328126,172.4975385214265,169.667080014722,2.8304585067045025,2.589483662059912,0.9906080529906572,1.3250564730223622,176.72329584590406,165.26174596317796,0.06702953919911313,71.74909756224218,-30.839053935094796,59615270.0,0.01771337945624187,1.0377479822860198,-0.028212031496854806,1.06598021814297,1.4104757455196015,1.0,0.0,0.0
2023-06-01,MSFT,317.7980281716673,325.2084138620462,316.61822604492374,324.2821044921875,26773900,1.275899462896568,0.8479423636721606,315.73484191894534,308.6211990356445,291.4633551025391,314.7733049833079,305.57367129733575,9.199633685972174,8.400701348417634,1.6657221704975722,1.3177750367275767,326.5435373498961,290.6988607213929,0.1161445705625791,70.28407036245858,-41.733296191997496,31528040.0,0.026489860828349865,1.0507447495683349,-0.8514024923117147,-0.5046737108687971,2.138556250298307,0.0,1.0,0.0
2023-06-01,TSLA,202.58999633789065,209.8000030517578,199.3699951171875,207.5200042724609,148029900,1.7604137329555236,3.1081326211683136,190.48199920654298,179.61749877929688,179.77299926757811,189.94630237939123,182.5124998180791,7.43380256131212,3.4999266602283203,2.2935710003054384,2.4033060937634576,206.68450115552437,152.5504964030694,0.3013849158370231,73.52414608173832,-1.7794238934336182,135876810.0,0.05026025308324666,1.1553440265163082,1.3770078361723836,4.136255924264187,4.7162123329924865,0.0,0.0,1.0
2023-06-02,AAPL,178.37332240607034,179.11231590276506,176.6292935441097,178.29449462890625,61996900,0.4775230850405876,-0.7571006481291609,173.09891204833986,171.75067901611328,165.72658203125,173.3893779225772,170.30614776392082,3.0832301586563915,2.688232961379208,0.9350348211353529,1.2851739000660105,177.10197837372624,166.39937965850032,0.0623147388792671,72.99563214439843,-10.0213637379575,59265290.0,0.013926522879034607,1.038100668074675,1.6022490722786609,-0.028212031496854806,1.06598021814297,1.0,0.0,0.0
2023-06-02,MSFT,325.910528059658,329.07944119711163,324.2529308237524,327.0318298339844,25873800,0.8479423636721606,0.16099021862177043,317.38072814941404,310.1157684326172,292.70564697265627,316.659231883412,307.1631645222727,9.496067361139296,8.619774550961967,1.6424994160530435,1.320126359671888,328.96819973639293,291.26333712884144,0.12158318423509673,71.91312353926749,-3.3618561360130528,31387820.0,0.01475853398065063,1.0545475694024335,1.275899462896568,-0.8514024923117147,-0.5046737108687971,0.0,1.0,0.0
2023-06-02,TSLA,210.1499938964844,217.25,209.75,213.97000122070312,164398400,3.1081326211683136,1.7011727666879528,194.18999938964845,182.25599899291993,180.2293994140625,193.64225604728537,184.84268510716237,8.799570940123004,4.559855516207257,2.329559057208713,2.424386628247158,211.9265188879943,152.58547909784556,0.32559169584565467,76.36225084188602,11.057563370643365,141364620.0,0.035051642553686736,1.1740080019479369,1.7604137329555236,1.3770078361723836,4.136255924264187,0.0,0.0,1.0
2023-06-05,AAPL,179.9498694414483,182.23581511366768,175.42721727327233,176.9446258544922,121946500,-0.7571006481291609,-0.2060322468233844,173.5344223022461,172.05857849121094,166.13784759521485,173.93633914287182,170.7978868817409,3.138452261130908,2.7782768213295483,0.9956345546557777,0.8393886478660988,177.8655540902579,166.251602892164,0.06749998343550863,67.85884775154837,96.6977381127121,65878990.0,0.03847869245825132,1.0283975806735544,0.4775230850405876,1.6022490722786609,-0.028212031496854806,1.0,0.0,0.0
2023-06-05,MSFT,326.8562818593042,330.1129454845389,326.31025620693947,327.5583190917969,21307100,0.16099021862177043,-0.6727485367912678,319.09682312011716,311.3817565917969,293.8539752197266,318.3360145308559,308.6739167126078,9.662097818248071,8.828239204419187,1.635296958982924,1.2894838306845533,331.37309611018054,291.39041707341323,0.12840405126618334,72.22706780525894,-17.649900671721973,30763860.0,0.011609197678578083,1.0519509000047376,0.8479423636721606,1.275899462896568,-0.8514024923117147,0.0,1.0,0.0
2023-06-05,TSLA,217.8000030517578,221.2899932861328,214.5200042724609,217.6100006103516,151143100,1.7011727666879528,1.7002881015874216,197.93699951171874,184.6334991455078,180.73719940185546,197.32960136468017,187.26989366295416,10.059707701726012,5.6598259533110085,2.3306581880308523,2.23221106467068,217.6238538966427,151.64314439437294,0.3573604454642925,77.8080263363563,-8.0629130210513,142859260.0,0.03111065205957202,1.1786051914601658,3.1081326211683136,1.7604137329555236,1.3770078361723836,0.0,0.0,1.0
2023-06-06,AAPL,177.328904296753,177.4766970018392,174.82617090162998,176.58006286621094,64848400,-0.2060322468233844,-0.7756159487385061,174.02806854248047,172.35169525146483,166.51584503173828,174.34306586953937,171.22619621392386,3.116869655615517,2.845995388186742,0.9705790314767924,0.842495952845044,178.45781259720337,166.2455779057263,0.07085648141527802,66.49781816201104,-46.82225402123063,68006740.0,0.015010336145465293,1.0245333682884687,-0.7571006481291609,0.4775230850405876,1.6022490722786609,1.0,0.0,0.0
2023-06-06,MSFT,326.9635018339944,327.00251216553283,323.8823700342451,325.35467529296875,20396200,-0.6727485367912678,-3.0868037453867903,320.3156402587891,312.6348541259766,294.90160766601565,319.4158084942579,309.9095284593012,9.50628003495666,8.963847370526683,1.6735051267712224,1.2907453478558226,332.840250085215,292.42945816673813,0.1292587546946807,68.76258909788562,-4.275100788000241,30391910.0,0.009589971708499795,1.0406858704303863,0.16099021862177043,0.8479423636721606,1.275899462896568,0.0,1.0,0.0
2023-06-06,TSLA,216.13999938964844,221.91000366210935,212.52999877929688,221.30999755859372,146911600,1.7002881015874216,1.473051286244731,201.18099975585938,187.10949935913087,181.35519927978515,201.01889308682073,189.79138284040894,11.227510246411782,6.773362811931163,2.0938386099645774,2.2334661747344002,223.31745140315246,150.90154731510927,0.3870241988572203,79.2006363874157,-2.799664688629522,144350280.0,0.042384008794401774,1.1827833344464234,1.7011727666879528,3.1081326211683136,1.7604137329555236,0.0,0.0,1.0
2023-06-07,AAPL,175.82137635899298,178.55073052308683,174.71781728969785,175.21047973632812,61944600,-0.7756159487385061,1.5464972461797455,174.64488372802734,172.66144561767578,166.90521850585938,174.47651415673766,171.52132832669454,2.9551858300431206,2.867833476558018,0.8367821160178389,0.8276388300695983,178.6829078994137,166.63998333593787,0.06974877640108765,61.50684704361527,-4.477828288747299,69126470.0,0.021876050103607263,1.0147631922664233,-0.2060322468233844,-0.7571006481291609,0.4775230850405876,1.0,0.0,0.0
2023-06-07,MSFT,323.37526627503576,326.144404188158,314.45356638917923,315.3116149902344,40717100,-3.0868037453867903,0.5813805496658997,321.1073699951172,313.466064453125,295.8299102783203,318.7843941090235,310.30968301714813,8.47471109187535,8.866020114796417,1.8904570210386276,1.4984417744860639,332.5946664516496,294.3374624546004,0.12204575976603056,55.65918552028699,99.63081358292231,31383900.0,0.03707709213103624,1.0058875608762599,-0.6727485367912678,0.16099021862177043,0.8479423636721606,0.0,1.0,0.0
2023-06-07,TSLA,228.0,230.8300018310547,223.1999969482422,224.57000732421875,185710800,1.473051286244731,4.582087077762287,205.06100006103514,189.88050003051757,182.01039947509764,204.6421414310358,192.3675772466171,12.274564184418722,7.873603086428675,1.7603807044215796,2.131486673258346,228.69043346983017,151.07056659120497,0.4087827178996798,80.36950847913583,26.409895474557498,147226150.0,0.03397606373943259,1.1826912573335644,1.7002881015874216,1.7011727666879528,3.1081326211683136,0.0,0.0,1.0
2023-06-08,AAPL,175.28927455408018,178.18613184931536,174.85574427470908,177.92010498046875,50214900,1.5464972461797455,0.21599166804744385,175.50507202148438,173.01861190795898,167.36118255615236,175.0062973603886,171.99531178252965,3.0109855778589463,2.896463896818204,0.9112589674187181,0.8621480953721126,179.40569943406356,166.6315243818544,0.07383121914655436,66.81375221629608,-18.93579101326024,69633610.0,0.018718444298197058,1.0283292821417225,-0.7756159487385061,-0.2060322468233844,-0.7571006481291609,1.0,0.0,0.0
2023-06-08,MSFT,315.85770223750364,318.4903491637824,315.28242630303987,317.144775390625,23277700,0.5813805496658997,0.47041050018281627,322.2199005126953,314.13062286376953,296.8172528076172,318.5321450754237,310.81598615592424,7.716158919499492,8.636047875737031,1.8749769208519833,1.4615936560054985,332.7703768724953,295.49086885504374,0.11867517938109062,57.26015807972073,-42.83065346009416,31373180.0,0.010115010902485674,1.009595220292046,-3.0868037453867903,-0.6727485367912678,0.16099021862177043,0.0,1.0,0.0
2023-06-08,TSLA,224.22000122070312,235.22999572753903,223.00999450683597,234.8600006103516,164489700,4.582087077762287,4.06199151040636,210.2570007324219,193.1965003967285,182.92379943847655,209.29104284323824,195.51516416244928,13.775878680788963,9.054058205300734,1.4572436971867264,2.1962580668267635,235.50445164682696,150.88854914663006,0.4379784433281057,83.51803163772522,-11.426960629107196,149914610.0,0.05203100225217518,1.2156534933503826,1.473051286244731,1.7002881015874216,1.7011727666879528,0.0,0.0,1.0
2023-06-09,AAPL,178.83646640490514,179.5557493602978,177.97923856717878,178.3043975830078,48900000,0.21599166804744385,1.5638632178717415,176.29037780761718,173.3856460571289,167.76343353271486,175.5136973946377,172.46265147145397,3.0510459231837217,2.9273803020913074,0.9132037898642317,0.8618322705058351,180.11028041597183,166.66101169828596,0.07756852440515441,67.49814198583981,-2.6185454914776307,68917780.0,0.008841682058823503,1.0283688508116655,1.5464972461797455,-0.7756159487385061,-0.2060322468233844,1.0,0.0,0.0
2023-06-09,MSFT,316.881549531298,321.7568004475304,316.3160335177299,318.6366577148437,22529000,0.47041050018281627,1.5483829938763183,322.30473632812493,314.97679901123047,297.73169311523435,318.54822394302676,311.39529516028864,7.152928782738115,8.339424057137249,1.431904628748321,1.445821878225165,332.7598903185635,297.1937077038974,0.11291683300584306,58.57115547089354,-3.2163830619004408,29295910.0,0.01707514436292374,1.011619454877636,0.5813805496658997,-3.0868037453867903,-0.6727485367912678,0.0,1.0,0.0
2023-06-09,TSLA,249.07000732421875,252.4199981689453,242.0200042724609,244.3999938964844,200242400,4.06199151040636,2.221770896144193,216.25,196.8125,183.93419921875,214.69241992835305,199.1362626612667,15.556157267086348,10.354478017657858,1.3970627042698454,2.2582163088191964,243.64187715500398,149.98312284499602,0.47587807842493723,85.79309210560763,21.735525081509664,160251780.0,0.0425531675785938,1.2417910137642905,4.582087077762287,1.473051286244731,1.7002881015874216,0.0,0.0,1.0
2023-06-12,AAPL,178.60982685528654,181.19137296447727,178.31422641468646,181.09283447265625,54274900,1.5638632178717415,-0.26116227534312975,177.1141098022461,173.93841171264648,168.19016296386718,176.3720261758713,173.10192428635784,3.2701018895134553,2.995924619575737,0.9321246665439723,0.8927152650498257,181.29229613392982,166.58452729136314,0.08455733669032535,72.00889349039942,10.991615541922295,68861770.0,0.01588768853372405,1.0411319310643654,0.21599166804744385,1.5464972461797455,-0.7756159487385061,1.0,0.0,0.0
2023-06-12,MSFT,320.3819407440362,323.8141360540533,317.0472861489783,323.57037353515625,24260300,1.5483829938763183,0.7352618008491074,322.203335571289,316.12511291503904,298.67592468261716,319.32086234181594,312.29715281768625,7.023709524129686,8.076281150535737,1.3451490568223405,1.4637991730473712,332.9401094634049,299.3101163666732,0.10638190932262322,62.6512415960491,7.684761862488343,28058880.0,0.020913070103248395,1.0235516266058817,0.47041050018281627,0.5813805496658997,-3.0868037453867903,0.0,1.0,0.0
2023-06-12,TSLA,247.94000244140625,250.97000122070312,244.58999633789065,249.8300018310547,150337900,2.221770896144193,3.5544128242966044,221.91600036621094,200.90500030517578,185.02519927978517,220.09820175953791,202.89135445162134,17.206847307916576,11.724951875709602,1.2433795468914532,2.033582931568958,251.29563478436785,150.5143658259837,0.5016364391393786,86.9013656477337,-24.922044482087713,159079420.0,0.025537384765849273,1.243523065386932,4.06199151040636,4.582087077762287,1.473051286244731,0.0,0.0,1.0
2023-06-13,AAPL,180.11737806569877,181.4475575367352,179.76266053311636,180.6198883056641,54929100,-0.26116227534312975,0.34913942218131044,177.70628662109374,174.49216232299804,168.55744750976564,177.02554342660866,173.65881051001017,3.366732916598494,3.0700862789802885,0.9324011979294007,0.8917120113870698,182.11600795972038,166.8683166862757,0.08738324444177645,70.22860521819668,1.2053453806455616,68758240.0,0.009328413495458862,1.0351174855138947,1.5638632178717415,0.21599166804744385,1.5464972461797455,1.0,0.0,0.0
2023-06-13,MSFT,326.1249647437929,328.572349691123,322.14677395783576,325.949462890625,22951300,0.7352618008491074,0.9123829946917406,322.50365295410154,317.36854400634763,299.5850384521484,320.34064704163274,313.3084350453114,7.032211996321337,7.867467319692857,1.3529472191184697,1.464909455238907,333.1452746177605,301.5918133949348,0.09942214443972942,64.46843898514328,-5.395646385246677,27403700.0,0.01971341101869955,1.027037710719389,1.5483829938763183,0.47041050018281627,0.5813805496658997,0.0,1.0,0.0
2023-06-13,TSLA,253.50999450683597,259.67999267578125,251.33999633789065,258.7099914550781,162384300,3.5544128242966044,-0.7421371317580694,227.6709991455078,205.52299957275392,186.05019897460937,226.03847709731332,207.02606830372923,19.012408793584086,13.182443259284499,1.1759213254127143,1.9321063821920437,259.3885773677181,151.65742177778978,0.524180533633133,88.48356799935654,8.01288297894276,162435980.0,0.032236854444559544,1.2587885151194298,2.221770896144193,4.06199151040636,4.582087077762287,0.0,0.0,1.0
2023-06-14,AAPL,180.6790133216272,181.684048880549,179.3488337921871,181.25050354003903,57462900,0.34913942218131044,1.1198699357061859,178.3664535522461,175.07744369506835,168.91235229492187,177.67553729021333,174.22115814186415,3.454379148349176,3.146944852854066,0.9235362125177778,0.8885160237314486,182.8968905084543,167.2579968816824,0.08932557670884263,71.24928673044198,4.612855480974565,64542000.0,0.012883909521641946,1.0352590243191022,-0.26116227534312975,1.5638632178717415,0.21599166804744385,1.0,0.0,0.0
2023-06-14,MSFT,325.9982202996805,330.58096729872784,324.50639495848685,328.9233703613281,26003800,0.9123829946917406,3.18966287477056,323.376318359375,318.6497604370117,300.5744512939453,321.66106601389356,314.4650969205719,7.195969093321651,7.733167674418616,1.329770900704431,1.4675095046474995,333.7635926807233,303.5359281933001,0.0948617204229733,66.65262192159048,13.299900223516747,25409020.0,0.018468047234126192,1.0322410721734945,0.7352618008491074,1.5483829938763183,0.47041050018281627,0.0,1.0,0.0
2023-06-14,TSLA,260.1700134277344,261.57000732421875,250.5,256.7900085449219,170575500,-0.7421371317580694,-0.3465923979989127,232.95700073242188,210.03649978637696,187.29059906005858,230.76948193540693,210.7122860993731,20.057195836033827,14.557393774634367,1.5447182361923355,1.9898683146007359,265.25237492753837,154.82062464521556,0.5257740935248886,86.06297404361518,5.0443300245159195,164422360.0,0.043109182428654365,1.2225970667293389,3.5544128242966044,2.221770896144193,4.06199151040636,0.0,0.0,1.0
2023-06-15,AAPL,181.26036948430115,183.78279874291368,181.08300318978328,183.2802734375,65433200,1.1198699357061859,-0.5859988997170662,178.94976654052735,175.73367004394532,169.31847900390625,178.5378043897959,174.89220371931864,3.6456006704772506,3.246676016378703,0.8629542662564078,0.9055839029039755,184.0038887378024,167.46345135008823,0.09412218719143547,74.30307709737053,13.87034068938393,64195140.0,0.01473042080576692,1.0429434119919507,0.34913942218131044,-0.26116227534312975,1.5638632178717415,1.0,0.0,0.0
2023-06-15,MSFT,329.0598905688736,341.1114945004108,328.78687775426107,339.4149169921875,38899100,3.18966287477056,-1.6575693394718316,324.889599609375,320.31222076416014,301.77466796875,324.3924277028619,316.3132317406916,8.079195962170274,7.802373331968948,1.599756428763722,1.5907114191686433,336.88802672255304,303.73641480576725,0.10349780547772072,72.96623546949382,49.590059914320214,26621540.0,0.03631135854418977,1.0596377377748953,0.9123829946917406,0.7352618008491074,1.5483829938763183,0.0,1.0,0.0
2023-06-15,TSLA,248.3999938964844,258.95001220703125,247.2899932861328,255.8999938964844,160171200,-0.3465923979989127,1.813214052015355,237.7949996948242,214.13849945068358,188.5569989013672,234.63571454480345,214.05952371397393,20.576190830829518,15.761153185873399,1.761382906270602,1.9971920115466897,270.2210684577543,158.05593044361285,0.5237971607248199,84.90347799283826,-6.099527775090796,165636490.0,0.04556474872607891,1.1950209539757168,-0.7421371317580694,3.5544128242966044,2.221770896144193,0.0,0.0,1.0
2023-06-16,AAPL,183.989688464097,184.245882524342,181.56579797087076,182.2062530517578,101256200,-0.5859988997170662,0.048663984773900104,179.3409423828125,176.21992721557618,169.73992553710937,179.10218110702078,175.43398515135115,3.6681959556696313,3.330980004236889,0.9068042143559365,0.8984024404362728,184.82188192178992,167.61797250936243,0.09762749130738961,70.06248467528482,54.74743708087026,68121070.0,0.014709070125655473,1.03397076556988,1.1198699357061859,0.34913942218131044,-0.26116227534312975,1.0,0.0,0.0
2023-06-16,MSFT,342.5545998111812,342.70085137133475,333.41838536086453,333.78887939453125,46552000,-1.6575693394718316,-1.2502475407297098,325.5653045654297,321.4730163574219,302.917626953125,325.83803565542644,317.6077241594945,8.230311495931915,7.887960964761541,1.725055689323992,1.647135269430962,338.4244375128042,304.5215952020396,0.10546092700069917,65.77467985573514,19.673719957531155,28689360.0,0.02780939265354776,1.0383107209950593,3.18966287477056,0.9123829946917406,0.7352618008491074,0.0,1.0,0.0
2023-06-16,TSLA,258.9200134277344,263.6000061035156,257.2099914550781,260.5400085449219,167915600,1.813214052015355,5.338912722001776,242.4520004272461,218.32099990844728,190.0573989868164,238.62099054482167,217.50252259034045,21.11846795448122,16.832616139594965,1.7288990697493563,1.9968320996547946,275.17861002427765,161.46338979261688,0.5208624927485086,85.96509821430514,4.835076468179045,165988210.0,0.024526039912736643,1.193380429066279,-0.3465923979989127,-0.7421371317580694,3.5544128242966044,0.0,0.0,1.0
2023-06-20,AAPL,181.703736061192,183.3689372512462,181.703736061192,182.294921875,49799100,0.048663984773900104,-0.5675121872823707,179.87597198486327,176.7051971435547,170.1454345703125,179.5933719944022,175.94220268643627,3.6511693079659153,3.3950178649826945,0.8438553394647513,0.898587274604132,185.53678765680996,167.87360663029943,0.09995846931520085,70.21362504807206,-50.81871529842124,60906330.0,0.009134654838032387,1.0316330522350412,-0.5859988997170662,1.1198699357061859,0.34913942218131044,1.0,0.0,0.0
2023-06-20,MSFT,330.8442648527532,333.5451430628632,327.4803299242777,329.6156921386719,26375400,-1.2502475407297098,-1.3282199071980139,325.7710418701172,322.4339324951172,303.8358520507812,326.41921357592577,318.4972032690632,7.922010306862546,7.894770833181743,1.7868680492147933,1.6847526710620462,338.91410714085055,305.9537578493838,0.10222357503258712,60.97407408645976,-43.34206908403506,29196190.0,0.018399649298353034,1.0222735851279035,-1.6575693394718316,3.18966287477056,0.9123829946917406,0.0,1.0,0.0
2023-06-20,TSLA,261.5,274.75,261.1199951171875,274.45001220703125,165611200,5.338912722001776,-5.46184007477668,248.13600158691406,223.0365005493164,191.84519927978516,244.13314772362313,221.72085515453975,22.412292569083377,17.948551425492646,2.0172462350612896,2.133107286081252,282.1593885895141,163.9136125091187,0.5301633400325416,88.56189971697862,-1.3723561122373384,167435020.0,0.04966297787055922,1.2305161331490073,1.813214052015355,-0.3465923979989127,-0.7421371317580694,0.0,0.0,1.0
2023-06-21,AAPL,182.18656875714527,182.68909408055805,179.91047063421516,181.2603759765625,49515700,-0.5675121872823707,1.65251012704688,180.34400329589843,177.18603591918946,170.58200927734376,179.8498341455038,176.33614144866786,3.513692696835932,3.418752831353342,0.875174176587788,0.8995373758736771,185.90373095388662,168.4683408844923,0.09840160359672025,66.02531594370134,-0.5690865899182884,59373060.0,0.015329458693731141,1.0229947017903331,0.048663984773900104,-0.5859988997170662,1.1198699357061859,1.0,0.0,0.0
2023-06-21,MSFT,327.9775589781728,329.30364243212927,323.78485594149885,325.2376708984375,25117800,-1.3282199071980139,1.8437444522053648,325.75934143066405,323.03749084472656,304.70952087402344,326.2374377793891,318.9964971675354,7.240940611853716,7.764004788916138,1.828953781994338,1.7175056603992145,338.96344982890827,307.11153186054486,0.09860130440300371,56.32928287011566,-4.768079346663933,29668350.0,0.016968472549275446,1.006810912405113,-1.2502475407297098,-1.6575693394718316,3.18966287477056,0.0,1.0,0.0
2023-06-21,TSLA,275.1300048828125,276.989990234375,257.7799987792969,259.4599914550781,211797100,-5.46184007477668,1.9848894111198723,251.9510009765625,226.56600036621094,193.34419921875,246.4911236823085,224.51634673235742,21.974776949951092,18.753796530384335,3.202803328763961,2.633630756019265,285.528742742776,167.60325798964593,0.5204906497997083,72.90676297830552,27.888150076806404,173923570.0,0.07403835692488284,1.1451850279198945,5.338912722001776,1.813214052015355,-0.3465923979989127,0.0,0.0,1.0
2023-06-22,AAPL,181.04356888160584,184.304991288712,180.97458893469445,184.25572204589844,51245300,1.65251012704688,-0.17110016303419906,181.24852752685547,177.94670562744142,171.10269622802736,180.5276630532568,176.92277704846273,3.6048860047940536,3.4559794660414846,0.890959367754297,0.8445715100477008,186.32059480908964,169.5728164457932,0.0941168216868284,71.35341316470524,3.4930335227008724,58303130.0,0.018074892421457215,1.0354545277824132,-0.5675121872823707,0.048663984773900104,-0.5859988997170662,1.0,0.0,0.0
2023-06-22,MSFT,325.7836965611128,331.63399647710884,325.0231587622799,331.2342224121094,23556800,1.8437444522053648,-1.380593470557956,327.3516021728516,324.2294860839844,305.8307678222656,327.00617387673066,319.90299533380016,7.103178542930493,7.631839539719009,1.5431786944036525,1.6838330196103635,338.7305371710856,309.7284349968832,0.08944930494905708,60.74064336269426,-6.214716256997033,27952320.0,0.019958196549521988,1.0216042544826123,-1.3282199071980139,-1.2502475407297098,-1.6575693394718316,0.0,1.0,0.0
2023-06-22,TSLA,250.7700042724609,265.0,248.25,264.6099853515625,166875900,1.9848894111198723,-3.027088806722378,255.9549987792969,230.50799942016602,194.9005990600586,249.27864086219373,227.48624588933558,21.792394972858148,19.3615162188791,3.20376011336886,2.5186350859050983,288.52091642308574,172.4950824172463,0.5033484056852602,74.56996880553744,-21.209544417746983,172040080.0,0.06330071020466535,1.1479427439272334,-5.46184007477668,5.338912722001776,1.813214052015355,0.0,0.0,1.0
2023-06-23,AAPL,182.8270532004463,184.8075509993679,182.29496929127177,183.94046020507807,53117000,-0.17110016303419906,-0.7552890892050246,181.8505630493164,178.67781753540038,171.63085327148437,181.0527087689216,177.44260543043424,3.610103338487363,3.4868042405306605,0.8321727575405979,0.8534986293225906,186.4083239899306,170.94731108087015,0.08653011953203009,70.107211035555,3.652432515762416,58593340.0,0.013659755473563592,1.0294532513451762,1.65251012704688,-0.5675121872823707,0.048663984773900104,1.0,0.0,0.0
2023-06-23,MSFT,326.0176878258627,329.5278736059976,325.13041855453594,326.6612243652344,23146900,-1.380593470557956,-1.9163053932465646,328.3032470703125,325.2615737915039,306.8477130126953,326.95310472111584,320.40360489168415,6.5494998294316815,7.415371597661544,1.6531253641124042,1.7207173098269062,336.9760440595531,313.5471035234547,0.07203107413824593,56.08763845338047,-1.7400495822862183,27939240.0,0.01346182137168803,1.0043031537891642,1.8437444522053648,-1.3282199071980139,-1.2502475407297098,0.0,1.0,0.0
2023-06-23,TSLA,259.2900085449219,262.45001220703125,252.8000030517578,256.6000061035156,177460800,-3.027088806722378,-6.060016633625775,258.1289993286133,234.19300003051757,196.42179931640624,250.405004745474,229.64282072001558,20.762184025458424,19.641649780194964,3.3439149792895706,2.6414980564368586,288.7318400660403,179.6541599949948,0.4657597795699771,67.6172891905023,6.34297702664075,173337190.0,0.0376072054783214,1.0956775226846158,1.9848894111198723,-5.46184007477668,5.338912722001776,0.0,0.0,1.0
2023-06-26,AAPL,184.08828266571635,185.2903804410641,182.511756556611,182.5511779785156,48088700,-0.7552890892050246,1.5058835605183063,182.27524108886718,179.28280944824218,172.0237759399414,181.28324249347452,177.8210182117736,3.4622242817009123,3.481888248764711,0.9015790592427019,0.8901238383142817,186.14799465013473,172.41762424634962,0.0765849801553282,64.74112382533399,-9.46646083174878,58512210.0,0.015221067950490566,1.0182302393650127,-0.17110016303419906,1.65251012704688,-0.5675121872823707,1.0,0.0,0.0
2023-06-26,MSFT,325.39364834816934,327.7240020967906,320.29412674467744,320.4013977050781,21520600,-1.9163053932465646,1.8168166552099185,328.47972106933594,325.3922286987305,307.6159014892578,325.9451497955715,320.40344139638,5.541708399191521,7.0406389579675395,1.793459168169178,1.5795951613528307,336.8102839728554,313.97417342460557,0.07018025795998041,50.396484423951286,-7.025994841641858,27838400.0,0.023189272597843688,0.9846621075936229,-1.380593470557956,1.8437444522053648,-1.3282199071980139,0.0,1.0,0.0
2023-06-26,TSLA,250.07000732421875,258.3699951171875,240.6999969482422,241.0500030517578,179990600,-6.060016633625775,3.8000429562917493,257.79400024414065,237.02200012207032,197.52479949951172,248.9657737156715,230.48779718903353,18.477976526637974,19.408915129483567,3.7953013246265837,3.164356094119867,286.3189118293953,187.72508841474536,0.4159690803548719,56.58696178148796,1.4255542632513718,171312010.0,0.07330428519078361,1.0169942154214082,-3.027088806722378,1.9848894111198723,-5.46184007477668,0.0,0.0,1.0
2023-06-27,AAPL,183.1620330683905,185.6253451571229,182.94526040179292,185.30018615722656,50730800,1.5058835605183063,0.632790322462462,182.69597625732422,179.90504302978516,172.4785662841797,181.90123382635946,178.37503065217751,3.526203174181944,3.490751233848158,0.8922526454284111,0.8963557385505376,186.57037134186984,173.23971471770048,0.07409829318660253,69.685540876591,5.494222135345717,58157800.0,0.014463475784400612,1.029988837647804,-0.7552890892050246,-0.17110016303419906,1.65251012704688,1.0,0.0,0.0
2023-06-27,MSFT,323.5800965917035,327.7630696544983,321.08397083431,326.2225036621094,24354100,1.8168166552099185,0.3825847017196793,328.74493408203125,325.47413482666013,308.5725067138672,325.9878196211927,320.83448304569333,5.153336575499395,6.663178481473911,1.8198655783866222,1.5587359593192525,336.8912918251242,314.05697782819607,0.07015707717938677,54.97203524198429,13.166454466882893,27847780.0,0.02047405910141102,1.0022993189177622,-1.9163053932465646,-1.380593470557956,1.8437444522053648,0.0,1.0,0.0
2023-06-27,TSLA,243.2400054931641,250.38999938964844,240.8500061035156,250.2100067138672,164968200,3.8000429562917493,2.40996896954786,257.8320007324219,239.8740005493164,198.82899963378907,249.1571941769324,231.94870159828048,17.208492578651914,18.968830619317238,3.9316728043143088,3.1200618412750045,284.90411551873893,194.84388557989388,0.3754480674546023,60.65826975888818,-8.346213635600975,172775040.0,0.03812794464708399,1.0430893141435966,-6.060016633625775,-3.027088806722378,1.9848894111198723,0.0,0.0,1.0
2023-06-28,AAPL,185.1721116449177,187.11320300977505,184.8469676403292,186.4727478027344,51216800,0.632790322462462,0.17964633386133855,183.28126220703126,180.4937744140625,172.95641387939452,182.60454366887868,178.97486155221875,3.6296821166599216,3.518537410410511,0.8819082296829575,0.8833345251438399,187.30115375482032,173.68639507330468,0.07543062759761811,71.52009092383761,0.9579979026548058,57786570.0,0.012153171957562615,1.033125648837925,1.5058835605183063,-0.7552890892050246,-0.17110016303419906,1.0,0.0,0.0
2023-06-28,MSFT,326.310269058672,329.5474425224492,325.48147052492266,327.4705810546875,20259500,0.3825847017196793,-0.23821691998066052,328.8970458984375,325.70034942626955,309.502314453125,326.21593676480734,321.3260458611744,4.889890903632931,6.308520965905716,1.8094990558570647,1.5551385082054163,337.085860381112,314.3148384714271,0.06991402357963915,55.91106896735311,-16.81277485105177,27578600.0,0.01241629701340269,1.0054351542193192,1.8168166552099185,-1.9163053932465646,-1.380593470557956,0.0,1.0,0.0
2023-06-28,TSLA,249.6999969482422,259.8800048828125,248.88999938964844,256.239990234375,159770800,2.40996896954786,0.49173033626503937,257.5850006103516,242.62799987792968,200.21299957275392,250.24685510884663,233.74805631206527,16.498798796781358,18.474824254810063,3.8349418165151317,3.0622325213908885,284.30093764361044,200.9550621122489,0.3435130140515286,63.11082013593601,-3.1505465901913166,172513690.0,0.04288950168594619,1.056102306260175,3.8000429562917493,-6.060016633625775,-3.027088806722378,0.0,0.0,1.0
2023-06-29,AAPL,186.30522898461157,187.2807060224463,186.1672841036428,186.8077392578125,46347300,0.17964633386133855,2.3102630218730713,183.83698577880858,181.10171966552736,173.4165594482422,183.25118914409927,179.55507471559605,3.696114428503222,3.5540528140290535,0.8829759017691302,0.8801107365225622,187.88292964562834,174.32050968542637,0.07488841069676251,72.04067296557254,-9.507622498867562,56675010.0,0.005960255839651707,1.0315072634474343,0.632790322462462,1.5058835605183063,-0.7552890892050246,1.0,0.0,0.0
2023-06-29,MSFT,326.35897729326905,327.72404134255896,324.3211263632283,326.69049072265625,16997000,-0.23821691998066052,1.6385810211570373,328.6737579345703,326.02503814697263,310.4248876953125,326.2889450660149,321.7234121472101,4.565532918804763,5.959923356485525,1.7857892870754726,1.5417742479949346,337.1162749018381,314.93380139210717,0.0680391715796105,55.13708715734685,-16.103556356277306,26677920.0,0.010416327000529572,1.002041108803992,0.3825847017196793,1.8168166552099185,-1.9163053932465646,0.0,1.0,0.0
2023-06-29,TSLA,258.0299987792969,260.739990234375,253.6100006103516,257.5,131283400,0.49173033626503937,1.6582481606492783,257.6559997558594,245.30650024414064,201.67679962158203,251.36272355363946,235.5074595482086,15.855264005430854,17.95091220493422,3.8292952773787583,3.0668846882288463,283.2237609063091,207.38923958197213,0.309141915313548,63.621155715802715,-17.83016671381754,168584480.0,0.027689280093294792,1.049707201984961,2.40996896954786,3.8000429562917493,-6.060016633625775,0.0,0.0,1.0
2023-06-30,AAPL,188.81783251325768,191.62599971188075,188.4532520435028,191.1234893798828,85213200,2.3102630218730713,-0.778485819572905,184.62130737304688,181.7855369567871,173.94019226074218,184.46231225729673,180.41199432035805,4.050317936938683,3.65330583861098,1.0661419560760377,0.9453446516993073,189.6816474139903,173.8894264995839,0.08687281275935851,77.69686081168265,83.8579593633286,58653010.0,0.01660051142155375,1.0513679612768945,0.17964633386133855,0.632790322462462,1.5058835605183063,1.0,0.0,0.0
2023-06-30,MSFT,329.3231809112348,334.1789412635381,328.7869152430103,332.0435791015625,26832800,1.6385810211570373,-0.7488232973702047,327.93662414550784,326.4131118774414,311.45296447753907,327.17427337917604,322.4878689586437,4.686404420532369,5.705219569294894,1.5204093136803927,1.558232632443618,337.7871059790915,315.0391177757913,0.06969079174687513,59.300645730221596,57.86785903394718,25471290.0,0.0162389106728624,1.0172495130227341,-0.23821691998066052,0.3825847017196793,1.8168166552099185,0.0,1.0,0.0
2023-06-30,TSLA,260.6000061035156,264.45001220703125,259.8900146484375,261.7699890136719,112620800,1.6582481606492783,6.895373445427366,258.2429992675781,248.01899948120118,203.30039947509766,252.96384131672136,237.45283210120587,15.511009215515486,17.46293160705047,3.8560348321541316,3.066019028831397,282.1248340152669,213.9131649471354,0.2750259827304144,65.36960033726865,-14.215506301634484,163829440.0,0.017419863811644152,1.0554432908818865,0.49173033626503937,2.40996896954786,3.8000429562917493,0.0,0.0,1.0
2023-07-03,AAPL,190.93624105216276,191.0347795474039,188.9458807202263,189.6356201171875,31458200,-0.778485819572905,-0.5871357809326572,185.36424407958984,182.35259323120118,174.45335357666016,185.258205774203,181.09522586086393,4.162979913339058,3.7552406535565956,1.0879377408203792,0.9793623559562838,190.80258275965033,173.90260370275203,0.09267748134226508,72.2688416993033,-63.08294958996963,51673210.0,0.011015329429601508,1.0399392559049176,2.3102630218730713,0.17964633386133855,0.632790322462462,1.0,0.0,0.0
2023-07-03,MSFT,330.727231395335,332.394558661991,328.1726050055835,329.5571594238281,12508700,-0.7488232973702047,0.04733802768774886,327.5134521484375,326.5393783569336,312.47684692382813,327.54087123219944,323.0115201042129,4.529351127986558,5.4700458810332275,1.4497191330744348,1.560409638422925,337.99804671212803,315.08071000173913,0.0701824595419497,56.66986823762094,-53.38280015503414,22066960.0,0.012810990554078335,1.0092417064124986,1.6385810211570373,-0.23821691998066052,0.3825847017196793,0.0,1.0,0.0
2023-07-03,TSLA,276.489990234375,284.25,275.1099853515625,279.82000732421875,119685900,6.895373445427366,0.9506123909958086,260.17099914550784,251.31149978637694,205.63699951171876,257.09555916402866,240.59114137698458,16.504417787044076,17.271228843049194,4.3779768755995185,3.297437712246443,284.27207084398015,218.35092872877374,0.26230849830286934,71.5863758757529,6.273352702165136,159006470.0,0.032663906830104714,1.113438929623495,1.6582481606492783,0.49173033626503937,2.40996896954786,0.0,0.0,1.0
2023-07-05,AAPL,188.75868490984945,190.1479814937267,187.8226142934088,188.52220153808597,46920300,-0.5871357809326572,0.2508783697211747,185.98697204589843,182.93147201538085,174.97632354736328,185.76035896864653,181.64537220732484,4.114986761321688,3.8271898751096143,1.128930066205603,0.9702802238367698,191.40777926713469,174.455164763627,0.092671940572819,68.41690035189133,49.15125468081454,51385330.0,0.012334712735932618,1.0305618790529114,-0.778485819572905,2.3102630218730713,0.17964633386133855,1.0,0.0,0.0
2023-07-05,MSFT,326.7295145394102,333.12584042536054,326.3785108077479,329.7131652832031,18172400,0.04733802768774886,0.9226732849310748,327.5231994628906,326.6471206665039,313.51066040039063,327.87507031696924,323.5079382656196,4.3671320513496426,5.2494631150965105,1.3941275972155462,1.5601912263376152,338.1863685429321,315.1078727900757,0.07065268386804113,56.799367103178554,45.27808645182954,21246660.0,0.020464240825255227,1.0093864125005698,-0.7488232973702047,1.6385810211570373,-0.23821691998066052,0.0,1.0,0.0
2023-07-05,TSLA,278.82000732421875,283.8500061035156,277.6000061035156,282.4800109863281,131530900,0.9506123909958086,-2.1028045208104085,260.9739990234375,254.55500030517578,207.9849996948242,261.00085944438246,243.69402060730633,17.30683883707613,17.278350841854582,4.082780839334305,3.298130289578651,286.2963084150775,222.81369219527411,0.249386639994094,72.3734640500304,9.896738045166554,155598440.0,0.02212545934905991,1.1097012851748116,6.895373445427366,1.6582481606492783,0.49173033626503937,0.0,0.0,1.0
2023-07-06,AAPL,187.05407174607456,189.2020878041572,186.42346442381324,188.9951629638672,45094300,0.2508783697211747,-0.5891496575928912,186.7604507446289,183.55222702026367,175.50265167236327,186.2580211217574,182.1898011522539,4.068219969503502,3.875395893988392,1.0844458515146784,0.9625453985484561,191.88729171159207,175.21716232893527,0.09081954304382511,69.16864969679449,-3.8917057222566775,50943190.0,0.014702087274451497,1.029653336447956,-0.5871357809326572,-0.778485819572905,2.3102630218730713,1.0,0.0,0.0
2023-07-06,MSFT,328.88439044633213,334.432427956872,327.1293121494876,332.7553405761719,28161200,0.9226732849310748,-1.1867501818414894,328.27496643066405,327.01715393066405,314.6829559326172,328.62588112607733,324.1929310293642,4.432950096713114,5.086160511419831,1.3341748654031094,1.562381559216694,338.8527300109172,315.1815778504109,0.07238504731627979,59.35064419645547,54.966872840131195,21551000.0,0.021947403743359725,1.017547050900958,0.04733802768774886,-0.7488232973702047,1.6385810211570373,0.0,1.0,0.0
2023-07-06,TSLA,278.0899963378906,279.9700012207031,272.8800048828125,276.5400085449219,120332100,-2.1028045208104085,-0.7630056425625198,262.6820007324219,257.3165008544922,210.2647998046875,263.3914977675424,246.12705675083342,17.264441016708957,17.27556887682546,3.6672272972332665,3.3862358240428834,286.3763962305149,228.25660547846942,0.22586888349189532,67.85327457205592,-8.514197044192661,146451940.0,0.025638229980523442,1.0747076368075603,0.9506123909958086,6.895373445427366,1.6582481606492783,0.0,0.0,1.0
2023-07-07,AAPL,188.60099643398277,189.8425000907618,187.4481683880748,187.88169860839844,46815000,-0.5891496575928912,-1.0855748977809276,187.1230484008789,184.1857879638672,176.03741027832032,186.5078176581637,182.61142318604237,3.8963944721213295,3.8795956096149795,1.0327374057816154,0.9519678721976589,191.74091558185253,176.63066034588186,0.08203811707195854,65.23210675579615,3.8157815954566354,50500160.0,0.012743826143905053,1.020066209697223,0.2508783697211747,-0.5871357809326572,-0.778485819572905,1.0,0.0,0.0
2023-07-07,MSFT,330.8539769415479,333.26235165945616,328.5918537740865,328.8063659667969,21214800,-1.1867501818414894,-1.598355052710021,328.0321807861328,327.6918914794922,315.89983337402344,328.6536480246496,324.53466695065555,4.118981073994064,4.892724623934678,1.2713036279458676,1.4068912744879478,338.17958163808726,317.20420132089714,0.06400945785533058,54.82451343934724,-24.666562504438726,21316800.0,0.014204402252483503,1.0034009828020856,0.9226732849310748,0.04733802768774886,-0.7488232973702047,0.0,1.0,0.0
2023-07-07,TSLA,278.42999267578125,280.7799987792969,273.7699890136719,274.42999267578125,113879200,-0.7630056425625198,-1.7563704598109409,263.66400146484375,259.8095001220703,212.53999969482422,265.0897277534253,248.22357052305176,16.866157230373517,17.193686547535073,3.6632086977978244,3.412680445294662,285.387064605676,234.23193563846456,0.19689475921079272,66.26992239514189,-5.362575738310893,141152270.0,0.0255438908017128,1.056273895091756,-2.1028045208104085,0.9506123909958086,6.895373445427366,0.0,0.0,1.0
2023-07-10,AAPL,186.4825571255489,187.2018550195119,184.2951349736181,185.84210205078125,59922200,-1.0855748977809276,-0.28100026372511744,187.3132125854492,184.5818878173828,176.53157379150392,186.40539987241254,182.85073273157857,3.5546671408339705,3.814609915858778,1.1070465866882615,0.9603341735119653,191.56271071437664,177.60106492038898,0.07563930545450209,58.64779999954657,27.997863932500277,51180680.0,0.01564080482203937,1.0068273992009729,-0.5891496575928912,0.2508783697211747,-0.5871357809326572,1.0,0.0,0.0
2023-07-10,MSFT,326.25178071727987,326.8660670625544,319.4166697574399,323.5508728027344,32791400,-1.598355052710021,0.1928671779168667,327.7211456298828,328.01219635009767,316.62340454101565,327.8686056828165,324.4617933100688,3.4068123727477087,4.595542173697285,1.2979048430923719,1.4607488895892764,337.4858694196246,318.53852328057076,0.05776415130256537,49.42267350260548,54.56850877689161,22281250.0,0.02302388258323862,0.9863989095618824,-1.1867501818414894,0.9226732849310748,0.04733802768774886,0.0,1.0,0.0
2023-07-10,TSLA,276.4700012207031,277.5199890136719,265.1000061035156,269.6099853515625,119425400,-1.7563704598109409,0.0667717084456676,264.9649993896484,261.54699935913084,214.85719940185547,265.78515199929257,249.80774939923774,15.97740260005483,16.950429758039025,3.5504474094918503,3.362621911467159,284.58335500205374,238.51064371620794,0.17615461618270467,62.67219480873877,4.870248473821381,135348730.0,0.04606647967418938,1.030828057718836,-0.7630056425625198,-2.1028045208104085,0.9506123909958086,0.0,0.0,1.0
2023-07-11,AAPL,186.384037813756,186.5219826806886,183.86160879849567,185.31988525390625,46638100,-0.28100026372511744,0.8985581374056029,187.59008331298827,184.93266220092772,176.9237844848633,186.23839762341157,183.03363291841768,3.2047647049938917,3.692640873685801,1.0756478414966397,0.9669163686014668,191.25976967552558,178.60555472632987,0.06842606816229688,57.059730100955456,-22.168912356355406,51035620.0,0.014355576998917152,1.0020938597236966,-1.0855748977809276,-0.5891496575928912,0.2508783697211747,1.0,0.0,0.0
2023-07-11,MSFT,322.80007207810127,324.55515029230673,318.84137119543414,324.1748962402344,26698200,0.1928671779168667,1.4226886675089645,328.09849548339844,328.2891082763672,317.17537963867187,327.30034269165003,324.4405416752663,2.8598010163837557,4.248393942234579,1.1280529216401545,1.4584626969257002,336.8927223262655,319.68549422646885,0.0524148613706396,50.05197298222765,-18.581701299731023,22799010.0,0.017625606310484706,0.9874677169226421,-1.598355052710021,-1.1867501818414894,0.9226732849310748,0.0,1.0,0.0
2023-07-11,TSLA,268.6499938964844,270.8999938964844,266.3699951171875,269.7900085449219,91972400,0.0667717084456676,0.8154422401772665,267.83899993896483,262.8165000915527,217.04919952392578,266.4012837755432,251.2879167433625,15.113367032180719,16.583017212867365,2.712305080171214,3.2727365240200075,284.6406525649645,240.99234761814094,0.16607901304377232,62.753526989072526,-22.987572158016633,126546910.0,0.016790832261464564,1.026533754353094,-1.7563704598109409,-0.7630056425625198,-2.1028045208104085,0.0,0.0,1.0
2023-07-12,AAPL,186.8964015042781,188.88676181703667,185.70416691161037,186.98509216308597,60750200,0.8985581374056029,0.4057529405092408,187.75857391357422,185.2272750854492,177.32430694580077,186.3532737064384,183.32633360320793,3.0269401032304586,3.559500719594733,1.0058306746727184,0.9281020155568377,191.34688342274495,179.10766674815346,0.06607675175778126,60.71290031644825,30.258736955407706,52037560.0,0.017020580991828384,1.009490055267648,-0.28100026372511744,-1.0855748977809276,-0.5891496575928912,1.0,0.0,0.0
2023-07-12,MSFT,328.201859758283,333.1258507129928,327.2950703339859,328.7868957519531,29995300,1.4226886675089645,1.6192225337115174,328.3549346923828,328.54993438720703,317.7723107910156,327.5290431624659,324.7624938290949,2.7665493333709605,3.9520250204618557,1.067555430362031,1.4521330478167616,336.8625887802857,320.23727999412836,0.05060207611109691,54.55269955485077,12.349521690600863,23363130.0,0.01773422376117395,1.000721233943291,0.1928671779168667,-1.598355052710021,-1.1867501818414894,0.0,1.0,0.0
2023-07-12,TSLA,276.3299865722656,276.5199890136719,271.4599914550781,271.989990234375,95672100,0.8154422401772665,2.172875427149612,270.0169982910156,263.92449951171875,219.2027993774414,267.2610847692096,252.82140366862268,14.439681100586938,16.15434999041128,2.549459275853374,3.2498715969104532,285.216184462208,242.6328145612295,0.16134678659905047,63.79180143813674,4.022619829427088,119617300.0,0.018603616825139512,1.0305598409301828,0.0667717084456676,-1.7563704598109409,-0.7630056425625198,0.0,0.0,1.0
2023-07-13,AAPL,187.70438329432412,188.38425984411805,186.99494820191867,187.7437896728516,41342300,0.4057529405092408,0.07873876877366737,187.88567810058595,185.5834701538086,177.74177368164064,186.5671992397327,183.65355257132967,2.9136466684030324,3.4303299093563933,0.9948471874894976,0.9239830819872439,191.39548970777687,179.77145059984034,0.0626350994423303,62.28717093055269,-31.947055318336403,51050110.0,0.007400040473350865,1.0116406893202965,0.8985581374056029,-0.28100026372511744,-1.0855748977809276,1.0,0.0,0.0
2023-07-13,MSFT,331.08802584608395,335.163728322895,330.56149043448164,334.1106872558594,20567200,1.6192225337115174,0.7529133490175921,329.0189453125,328.95799560546874,318.5087969970703,328.5416037922188,325.45495260144787,3.086651190770908,3.778950254523666,1.1725204637508735,1.4858676218005944,337.53035388609015,320.3856373248473,0.052118254580457476,59.13072018978667,-31.431924334812457,23393900.0,0.013774590469442235,1.0156636765764175,1.4226886675089645,0.1928671779168667,-1.598355052710021,0.0,1.0,0.0
2023-07-13,TSLA,274.5899963378906,279.45001220703125,270.6000061035156,277.8999938964844,112681500,2.172875427149612,1.2522529912772917,272.18299865722656,264.8839996337891,221.52419921875,268.89784001955957,254.67907701883465,14.21876300072492,15.76723259247401,2.534570491584511,3.1952179588337333,286.90339690785544,242.86460235972268,0.1662569072085058,66.49391769559698,17.778850887562836,114908370.0,0.031846010427809456,1.04913846921932,0.8154422401772665,0.0667717084456676,-1.7563704598109409,0.0,0.0,1.0
2023-07-14,AAPL,187.4383607296714,188.3744164237048,186.847174781534,187.89161682128903,41616200,0.07873876877366737,1.7305489470438085,187.9940658569336,185.9155258178711,178.18286102294923,186.77095579074137,183.96748325651185,2.8034725342295133,3.3049584343310174,0.9941497490052771,0.9236277768288645,191.43678970324063,180.39426193250156,0.05939540402643236,62.60162152258666,0.662517566753662,50577000.0,0.00812831177893057,1.0106289724579203,0.4057529405092408,0.8985581374056029,-0.28100026372511744,1.0,0.0,0.0
2023-07-14,MSFT,338.9176246633776,342.66181307865304,335.71946186556954,336.6262512207031,28352700,0.7529133490175921,0.1419419070765926,330.0125213623047,329.3431396484375,319.29851318359374,329.7853957042933,326.2824562028742,3.502939501419121,3.723748103902757,1.1725833123853835,1.481894357260805,338.57568537058927,320.11059392628573,0.056066421981688735,61.1234847602466,37.85396164767203,24529470.0,0.020623320932067972,1.022114052778024,1.6192225337115174,1.4226886675089645,0.1928671779168667,0.0,1.0,0.0
2023-07-14,TSLA,277.010009765625,285.29998779296875,276.3099975585937,281.3800048828125,120062400,1.2522529912772917,3.1985215167468217,274.5709991455078,266.1134994506836,223.9455993652344,270.81817307544463,256.65692352727746,14.161249548167177,15.446035983612644,2.5342730222856913,3.1885844816242312,288.96048667080015,243.26651223056706,0.17170859251618364,68.00788871658565,6.550232291902391,113786270.0,0.03194964133332486,1.0573683990614617,2.172875427149612,0.8154422401772665,0.0667717084456676,0.0,0.0,1.0
2023-07-17,AAPL,189.08383285312055,191.46833222271863,188.99515722491665,191.14317321777344,50520200,1.7305489470438085,-0.13403307272055187,187.99603424072265,186.30867080688478,178.71042999267578,187.44360462566937,184.49901584623495,2.9445887794344117,3.2328845033516966,0.8557709636225088,0.9653428845050843,192.15032104809825,180.4670205656713,0.06270937596102051,68.76983454631224,21.395514246855797,47107700.0,0.012938861253413618,1.0259488857386556,0.07873876877366737,0.4057529405092408,0.8985581374056029,1.0,0.0,0.0
2023-07-17,MSFT,337.0552945851425,338.33260777182664,333.66213945063294,337.10406494140625,20363900,0.1419419070765926,3.9799656461854127,330.51856994628906,329.22759704589845,320.1174383544922,330.9113448176953,327.08405685017283,3.827287967522466,3.744456076626699,1.0750927459814537,1.2952387150763673,337.9744916901786,320.4807024016183,0.053135853268465254,61.507407735920886,-28.176505235832916,23882580.0,0.01385467814517605,1.0239240815963848,0.7529133490175921,1.6192225337115174,1.4226886675089645,0.0,1.0,0.0
2023-07-17,TSLA,286.6300048828125,292.2300109863281,283.57000732421875,290.3800048828125,131569600,3.1985215167468217,1.0193509901870401,277.4320007324219,267.8375,226.5409994506836,273.8276856611935,259.1549295536134,14.672756107580142,15.291380008406144,2.6292273941075455,3.236829532338948,292.5656299491845,243.10937005081547,0.1846502446385178,71.58394447628427,9.584349471608089,115681150.0,0.0298230026740452,1.0841648569853457,1.2522529912772917,2.172875427149612,0.8154422401772665,0.0,0.0,1.0
2023-07-18,AAPL,190.5125649317522,191.47817907078496,189.5962050071137,190.8869781494141,48288200,-0.13403307272055187,0.7071720161736517,188.1211700439453,186.7427070617676,179.26554290771483,187.97335439855317,184.97219823906306,3.001156159490108,3.186538834579379,0.8134924088534284,0.9507940983364751,192.5909004056843,180.89451371785088,0.06263369998146529,67.82068871395188,-4.418034766291501,48790700.0,0.009859101348433399,1.0221924119707428,1.7305489470438085,0.07873876877366737,0.4057529405092408,1.0,0.0,0.0
2023-07-18,MSFT,337.20150526147,357.62881326178683,333.63284869185065,350.52069091796875,64738600,3.9799656461854127,-1.2267429296991428,332.61492309570315,330.06418762207034,321.18504333496094,333.92816729466045,328.82010381815775,5.108063476502707,4.017177556601901,1.562223377957853,1.5161232870597856,342.8951260727896,317.2332491713511,0.07774814070656416,70.35896239781809,217.90865207548654,29105570.0,0.06845805452195652,1.061977348840164,0.1419419070765926,0.7529133490175921,1.6192225337115174,0.0,1.0,0.0
2023-07-18,TSLA,290.1499938964844,295.260009765625,286.010009765625,293.3399963378906,112120300,1.0193509901870401,-0.7090702250741598,278.78399963378905,269.4774993896484,229.18379943847657,276.8295796114546,261.6871567228191,15.142422888635508,15.261588584452017,1.6621680293275565,3.227104680820241,296.41940151914923,242.53559726014763,0.1999565989036021,72.66611421836478,-14.782518150089386,114924590.0,0.031533374635162835,1.0885509810737053,3.1985215167468217,1.2522529912772917,2.172875427149612,0.0,0.0,1.0
2023-07-19,AAPL,190.26622781119136,195.3209338889853,189.82281961650224,192.23687744140625,80507300,0.7071720161736517,-1.0097364466509995,188.49263763427734,187.23980484008788,179.6945477294922,188.62928102053058,185.5103226244218,3.1189583961087806,3.17302274688526,0.8004013386744596,0.9553109816793491,193.18547954680312,181.29413013337265,0.0635086616522928,70.15780846929836,66.72251191802552,52149400.0,0.028600726071192496,1.0266880891356733,-0.13403307272055187,1.7305489470438085,0.07873876877366737,1.0,0.0,0.0
2023-07-19,MSFT,352.7242990079896,353.41657610071684,343.6465868791131,346.220703125,39732900,-1.2267429296991428,-2.312136843144441,334.2656768798828,330.8944381713867,322.0646862792969,335.81932665317424,330.10903710014605,5.71028955302819,4.355799955887159,1.663635507782212,1.5149031311841674,345.61322092822434,316.17565541454906,0.08896361533410876,65.185271611237,-38.625642198008606,31261620.0,0.028218963029707576,1.0463176868076431,3.9799656461854127,0.1419419070765926,0.7529133490175921,0.0,1.0,0.0
2023-07-19,TSLA,296.0400085449219,299.2900085449219,289.5199890136719,291.260009765625,142355400,-0.7090702250741598,-9.737009860008495,279.66199951171876,270.3179992675781,231.60779968261718,279.0496457890193,263.87773842969364,15.171907359325644,15.243652339426742,1.6931229409394233,3.042089961222403,298.9112888846731,241.72470965048308,0.21155298348292043,70.63057673606923,26.96665991796312,116007040.0,0.03354397858845047,1.0774717575403374,1.0193509901870401,3.1985215167468217,1.2522529912772917,0.0,0.0,1.0
2023-07-20,AAPL,192.22701989757812,193.58677299126168,189.6750321641012,190.29579162597656,59581200,-1.0097364466509995,-0.6161784427752726,188.6227005004883,187.6915756225586,180.08610900878907,188.88566726752228,185.86480180972214,3.0208654578001415,3.1425912890682364,0.8858877402365244,0.9805056707701577,193.07030616276145,182.31284508235572,0.05731456536993766,63.06496419581623,-25.992798168613284,53598090.0,0.020556107908308092,1.0138749754472463,0.7071720161736517,-0.13403307272055187,1.7305489470438085,1.0,0.0,0.0
2023-07-20,MSFT,344.74845393864297,349.0386682151087,336.7530316118285,338.2156066894531,33778400,-2.312136843144441,-0.8937123245534528,334.81170349121095,331.5433349609375,322.8231439208984,336.1879851202941,330.709523736391,5.478461383903095,4.580332241490346,1.87395668750027,1.583509977022347,346.35607016004013,316.73059976183487,0.08935625384143447,56.81015192317197,-14.986321159542848,31823340.0,0.03632486603304741,1.0201248857236167,-1.2267429296991428,3.9799656461854127,0.1419419070765926,0.0,1.0,0.0
2023-07-20,TSLA,279.5599975585937,280.92999267578125,261.20001220703125,262.8999938964844,175158300,-9.737009860008495,-1.0954754468143868,278.297998046875,270.48999938964846,233.42999969482423,276.5650839593985,263.80531290871517,12.759771050683355,14.746876081678066,3.578269726603697,3.5748992038688625,298.8487009858003,242.13129779349666,0.20968391925869548,50.045824740400256,23.04296148934286,121489660.0,0.07504747404641852,0.9719397925605727,-0.7090702250741598,1.0193509901870401,3.1985215167468217,0.0,0.0,1.0
2023-07-21,AAPL,191.25153499324207,192.10876269219432,188.42364281090323,189.12322998046875,71951700,-0.6161784427752726,0.4220219163846739,188.74685363769532,187.9349510192871,180.48826416015626,188.92221537720636,186.10616685940707,2.816048517799288,3.077282734814447,0.8881677981383539,0.9398635132602916,193.09514151536573,182.77476052320847,0.054914644328707705,59.173211941531804,20.762421703490364,56111760.0,0.01948528418043441,1.0063228205011197,-1.0097364466509995,0.7071720161736517,-0.13403307272055187,1.0,0.0,0.0
2023-07-21,MSFT,340.43870595783125,341.56000752112044,331.35123269865875,335.19293212890625,69405400,-0.8937123245534528,0.3897901617338384,335.4503601074219,331.7412704467773,323.5532543945312,336.03490004469603,331.0416280617625,4.99327198293355,4.662920189778987,1.8524017769689625,1.5526581058795659,346.6421484086432,316.84039248491143,0.08983433349608817,53.98943297931817,105.4727281339554,36642400.0,0.030456414333150883,1.0104046797598634,-2.312136843144441,-1.2267429296991428,3.9799656461854127,0.0,1.0,0.0
2023-07-21,TSLA,268.0,268.0,255.8000030517578,260.0199890136719,161796100,-1.0954754468143868,3.476659075024613,276.85699768066405,270.26049957275393,235.24739959716797,274.01968473697906,263.52491854611935,10.494766190859707,13.896454103514394,3.5831040875787084,3.5570006850796245,298.8925351490796,241.62846399642828,0.21188472323250435,48.499979961133974,-7.628642205365088,126281350.0,0.04691945797905833,0.9621087411024883,-9.737009860008495,-0.7090702250741598,1.0193509901870401,0.0,0.0,1.0
2023-07-24,AAPL,190.57168949200457,192.04967681854123,189.42870901778204,189.9213714599609,45377800,0.4220219163846739,0.45134902163124213,189.15478057861327,188.23399658203124,180.87115600585938,189.07593169763015,186.38877460759625,2.6871570900339066,2.999257605858339,0.7932068556499465,0.9390662096570748,193.104580306273,183.36341285778948,0.051750308793121584,60.940131156292175,-36.932970312028765,54657320.0,0.013800278402642746,1.0089642408309294,-0.6161784427752726,-1.0097364466509995,0.7071720161736517,1.0,0.0,0.0
2023-07-24,MSFT,337.2210384138867,338.2643490243122,333.76935318489967,336.4994812011719,26678100,0.3897901617338384,1.7009064142788022,336.74522094726564,332.2331832885742,324.206171875,336.10637406876924,331.4459134794965,4.660460589272759,4.662428269677742,1.7403040599171715,1.5155805415168828,347.0773982927443,317.3889682844041,0.08936021897172494,55.02884310424617,-61.56192457647387,36031070.0,0.013358106298907633,1.0128412757279939,-0.8937123245534528,-2.312136843144441,-1.2267429296991428,0.0,1.0,0.0
2023-07-24,TSLA,255.8500061035156,269.8500061035156,254.1199951171875,269.0599975585937,136508500,3.476659075024613,-1.4048906614122947,276.8019989013672,270.8834991455078,237.2577996826172,273.25665594030437,263.9349243988952,9.321731541409179,12.981509591093353,3.7536163761020807,3.5654758744432824,298.7972327765541,242.96976551446153,0.20609401251164539,53.36891371634498,-15.629301324321165,127989660.0,0.05846283776503258,0.9932683179571059,-1.0954754468143868,-9.737009860008495,-0.7090702250741598,0.0,0.0,1.0
2023-07-25,AAPL,190.492842140126,191.58655325087184,190.08885537064708,190.7785797119141,37283200,0.45134902163124213,0.4545038277226743,189.70065002441407,188.64536666870117,181.26745330810547,189.3378775459815,186.71394535606422,2.623932189917298,2.924192522670131,0.7754003580172044,0.9153387512832439,192.83754614659904,184.4531871908033,0.044445082876169106,62.80213526497498,-17.83823808117626,53721830.0,0.007850450938917604,1.0113080595663888,0.4220219163846739,-0.6161784427752726,-1.0097364466509995,1.0,0.0,0.0
2023-07-25,MSFT,338.44955437650464,343.110321435094,336.4604740174563,342.2230224609375,41637700,1.7009064142788022,-3.76374491660576,338.55003356933594,333.3242645263672,325.01636962890626,337.04739689833355,332.2442178484921,4.803179049841447,4.690578425710483,1.7844953424150267,1.4699943009075238,347.70746003489984,318.94106901783454,0.08630152100670059,59.360026279490356,56.07445807609987,37525020.0,0.019431326886830802,1.0266970001335334,0.3897901617338384,-0.8937123245534528,-2.312136843144441,0.0,1.0,0.0
2023-07-25,TSLA,272.3800048828125,272.8999938964844,265.0,265.2799987792969,112757300,-1.4048906614122947,-0.35057022016762307,276.3509979248047,272.0949989318848,239.12179962158203,272.029477915534,264.0345595381842,7.994918377349791,11.984191348344641,3.781459007746255,3.2680307893413763,296.43078841914553,247.75920944462405,0.17887715380871713,51.18961947687672,-17.399063062007126,130068150.0,0.029779832376495438,0.9749536001053296,3.476659075024613,-1.0954754468143868,-9.737009860008495,0.0,0.0,1.0
2023-07-26,AAPL,190.82785426220883,192.7689453418544,190.48299959942145,191.6456756591797,47471900,0.4545038277226743,-0.6580974006446527,190.16670837402344,188.96264114379883,181.69961639404298,189.69292340955047,187.07925871185054,2.6136646976999316,2.862086957676091,0.7491660768440002,0.866784325988243,193.04795788636895,184.87732440122872,0.04323941195827408,64.63844809042175,27.32785812376619,52394000.0,0.011927979770846702,1.0141987564268806,0.45134902163124213,0.4220219163846739,-0.6161784427752726,1.0,0.0,0.0
2023-07-26,MSFT,332.92106736693563,336.07048951280683,324.7988843745913,329.3426208496094,58383700,-3.76374491660576,-2.087213751722472,338.60560607910156,333.4802703857422,325.59114013671876,335.8620467369914,332.02928473746374,3.8327619995276336,4.519015140473913,2.2084267904594057,1.6883714576128466,347.6044878068696,319.3560529646148,0.08470796431099023,48.12671108389527,40.21835980373556,40363860.0,0.034224556509382324,0.9875925207468894,1.7009064142788022,0.3897901617338384,-0.8937123245534528,0.0,1.0,0.0
2023-07-26,TSLA,263.25,268.0400085449219,261.75,264.3500061035156,95856200,-0.35057022016762307,-3.2683938680391544,275.5869995117188,272.8019989013672,241.04919982910155,270.848020713685,264.057925950431,6.79009476325399,10.945372031326512,3.7680091566547045,3.180182079890216,295.2056200266328,250.3983777761016,0.16424821823512908,50.641710487462625,-14.988918677549034,130086560.0,0.02379424399354392,0.969017848725854,-1.4048906614122947,3.476659075024613,-1.0954754468143868,0.0,0.0,1.0
2023-07-27,AAPL,193.1433729163405,194.30604897209747,189.72429463258095,190.38446044921875,47460200,-0.6580974006446527,1.3507855551591064,190.43077545166017,189.15822677612306,182.1164080810547,189.7993137233456,187.3240884701741,2.4752252531714873,2.78471461677517,0.7983562576835802,0.8786508994829599,193.1141294333734,185.20232411887272,0.04182638761921062,59.998870342535724,-0.024646159096219922,53005790.0,0.024065799953975828,1.0064825817729144,0.4545038277226743,0.45134902163124213,0.4220219163846739,1.0,0.0,0.0
2023-07-27,MSFT,331.9850338749244,332.8138025679025,320.8401897883476,322.4685363769531,39635300,-2.087213751722472,2.3131174320259795,337.44139099121094,333.2301681518555,326.0188940429687,333.80150668160087,331.3210811552037,2.480425526397198,4.11129721765857,2.224686515501903,1.752719906716924,347.966339952337,318.49399635137394,0.08844440395184243,43.40574168446477,-32.112387532821664,42270670.0,0.037131104057724955,0.9677051095505909,-3.76374491660576,1.7009064142788022,0.3897901617338384,0.0,1.0,0.0
2023-07-27,TSLA,268.3099975585937,269.1300048828125,255.3000030517578,255.7100067138672,103697300,-3.2683938680391544,4.196157931177735,273.36800079345704,272.7754997253418,242.8363998413086,268.51909548294384,263.4395615625374,5.079533920406448,9.7722044091425,3.7772975381158522,3.2371554219545646,295.262701509873,250.28829794081057,0.16487699083806012,45.743119592725726,8.180065556531545,129188140.0,0.05408471107088937,0.9374375886813227,-0.35057022016762307,-1.4048906614122947,3.476659075024613,0.0,0.0,1.0
2023-07-28,AAPL,191.8131659299023,193.7444090416655,191.2909450188625,192.9561462402344,48291400,1.3507855551591064,0.3166008913474405,190.93722839355468,189.46564712524415,182.5846334838867,190.28498026440542,187.741277934623,2.5437023297824055,2.736512159376617,0.8838114834922534,0.9216829949967769,193.60385912080218,185.3274351296861,0.043682979562226595,65.44525832347053,1.751362194006778,53673310.0,0.012715137976213542,1.01842286012241,-0.6580974006446527,0.4545038277226743,0.45134902163124213,1.0,0.0,0.0
2023-07-28,MSFT,325.3448958728124,331.5267083383541,324.8573709488155,329.9276123046875,28484900,2.3131174320259795,-0.7240357751889137,336.7715270996094,333.392024230957,326.55146545410156,333.20552293130646,331.21786124035066,1.9876616909558038,3.686570112318017,2.35981738257613,1.8303712073330294,347.8950232186223,318.8890252432917,0.0870026751306946,49.22598758176975,-28.132498050979805,42283890.0,0.020214547497102157,0.9896085938640525,-2.087213751722472,-3.76374491660576,1.7009064142788022,0.0,1.0,0.0
2023-07-28,TSLA,259.8599853515625,267.25,258.2300109863281,266.44000244140625,111446000,4.196157931177735,0.371562162326855,271.8740005493164,273.2224998474121,244.8347998046875,268.199235015015,263.6618164424536,4.537418572561421,8.725247241826285,4.056139905465435,3.367679057771844,294.7668438909243,251.67815580389995,0.15770548952259894,51.95827406081143,7.472422136352641,128326500.0,0.0338537341653699,0.9751759192240986,-3.2683938680391544,-0.35057022016762307,-1.4048906614122947,0.0,0.0,1.0
2023-07-31,AAPL,193.18277106210203,193.6064685292723,192.394508242959,193.56704711914065,38824100,0.3166008913474405,-0.4275789654577089,191.17961578369142,189.58782501220702,183.0528594970703,190.7899136266724,188.17281639273543,2.61709723393696,2.712629174288686,0.7225477736574517,0.7734682318754084,194.06272072327104,185.112929301143,0.04720657258213597,66.60834425277653,-19.604525857606113,52503700.0,0.006261191170454355,1.0209888061465837,1.3507855551591064,-0.6580974006446527,0.4545038277226743,1.0,0.0,0.0
2023-07-31,MSFT,328.5138683869609,329.2744062182313,325.0426629130829,327.538818359375,25446000,-0.7240357751889137,0.1250187276526038,335.81500244140625,333.16678619384766,326.9789276123047,332.3337222279324,330.9453395454635,1.3883826824688867,3.2269326263481912,2.362749883412065,1.7994634886307868,347.89611765052365,318.43745473717166,0.0884201671177749,47.53980461409944,-10.668459429381883,42792100.0,0.012919822225484634,0.9831076563820557,2.3131174320259795,-2.087213751722472,-3.76374491660576,0.0,1.0,0.0
2023-07-31,TSLA,267.4800109863281,269.0799865722656,263.7799987792969,267.42999267578125,84582200,0.371562162326855,-2.3781870118334214,269.5789993286133,273.50550003051757,246.7061996459961,268.0808900397483,263.94094060788524,4.1399494318630445,7.808187679833637,3.8663180575827516,3.3511221437918155,294.5595430932919,252.45145696774324,0.15395699947843922,52.49892454289058,-24.104768228559127,123627760.0,0.019818225098611846,0.977786525850272,4.196157931177735,-3.2683938680391544,-0.35057022016762307,0.0,0.0,1.0
2023-08-01,AAPL,193.3601546102926,193.842954166062,192.41423613585212,192.7393951416016,35175100,-0.4275789654577089,-1.5490086624815103,191.36485748291017,189.74301376342774,183.45802520751954,191.0898338597384,188.51108148524403,2.5787523744943712,2.685853814329823,0.7401444987664395,0.7571015467661557,194.43490428480033,185.05112324205516,0.04945521237712025,63.490361958852226,-9.398801260042088,51192390.0,0.007412693337344011,1.0157917876328757,0.3166008913474405,1.3507855551591064,-0.6580974006446527,1.0,0.0,0.0
2023-08-01,MSFT,326.827001708787,330.0934250583603,325.37418677597503,327.94830322265625,18311900,0.1250187276526038,-2.6282754571146483,333.557763671875,333.0863433837891,327.32643432617186,331.65904238096687,330.72333685488525,0.9357055260816196,2.768687206294877,1.8532193433924804,1.7922711531329505,347.9159117325551,318.25677503502305,0.0890433885587383,47.86944955677987,-28.03623359270613,38149430.0,0.014390189661024747,0.9845744496488927,-0.7240357751889137,2.3131174320259795,-2.087213751722472,0.0,1.0,0.0
2023-08-01,TSLA,266.260009765625,266.4700012207031,260.25,261.07000732421875,83166000,-2.3781870118334214,-2.665954157355055,266.3520004272461,272.56800003051757,248.3897998046875,267.0022926988976,263.7282788831692,3.274013815728381,6.901352907012586,3.842751615658468,2.992741396446136,294.1024806585204,251.03351940251474,0.15801180348090574,48.70667940056748,-1.6743475577603806,120732330.0,0.023825031777697094,0.9578160579928258,0.371562162326855,4.196157931177735,-3.2683938680391544,0.0,0.0,1.0
2023-08-02,AAPL,192.1777357193533,192.3156805851802,189.03456234552243,189.75384521484372,50389300,-1.5490086624815103,-0.732157750889606,191.1165542602539,189.80459594726562,183.8013116455078,190.88429714513921,188.60313805780697,2.2811590873322416,2.604914868930307,0.8671619780105831,0.8291001756212886,194.4612179820404,185.14797391249084,0.049067537185122294,53.72130151198263,43.25275550033973,48180590.0,0.017291445324561405,0.9997326158928417,-0.4275789654577089,0.3166008913474405,1.3507855551591064,1.0,0.0,0.0
2023-08-02,MSFT,325.3059805314277,325.3059805314277,318.2173470228,319.32891845703125,27761300,-2.6282754571146483,-0.25648499536973235,330.86858520507815,332.56713104248047,327.5050653076172,329.76210023882294,329.87930586245164,-0.11720562362870623,2.1915086403101602,1.9522142668676146,1.8852729760700941,348.5743546993878,316.5599073855731,0.09626461645040116,41.900970259180816,51.602509843325926,36952270.0,0.02219853291984733,0.9601938635849186,0.1250187276526038,-0.7240357751889137,2.3131174320259795,0.0,1.0,0.0
2023-08-02,TSLA,255.57000732421875,259.5199890136719,250.4900054931641,254.1100006103516,101752900,-2.665954157355055,2.050295817304759,262.6369995117187,271.1494995117188,249.86919982910158,265.0188631468136,263.01581382592343,2.0030493208901703,5.921692189788104,3.8709251028206686,3.0221704388367825,293.6506935038034,248.64830551963416,0.16596891406847042,44.885557869516305,22.349157107471807,116672080.0,0.03553572664916177,0.9371582874685308,-2.3781870118334214,0.371562162326855,4.196157931177735,0.0,0.0,1.0
2023-08-03,AAPL,188.75868668614032,189.5469345297089,187.8915960163783,188.3645477294922,61235200,-0.732157750889606,-4.802003846359792,190.92342987060547,189.77306518554687,184.13573059082032,190.49664338888581,188.585464700154,1.911178688731809,2.466167632890608,0.8397590637102642,0.8446728312507114,194.46119768359074,185.084932687503,0.04940777547604178,49.875491899362885,21.524212481618132,48345990.0,0.008787951518922843,0.99257788530381,-1.5490086624815103,-0.4275789654577089,0.3166008913474405,1.0,0.0,0.0
2023-08-03,MSFT,317.8663510212776,321.6495503895118,317.81761041591994,318.5098876953125,18253700,-0.25648499536973235,0.3428593766827248,328.89801330566405,331.8548583984375,327.61193298339845,328.0309906167444,329.0371267389599,-1.00613612221548,1.5519796878050323,1.8808191845720204,1.868556219366571,349.0504653344491,314.6592514624259,0.10363329932247603,41.37309429187764,-34.24767572123783,35399800.0,0.012030835216197354,0.9597867249329147,-2.6282754571146483,0.1250187276526038,-0.7240357751889137,0.0,1.0,0.0
2023-08-03,TSLA,252.0399932861328,260.489990234375,252.0,259.32000732421875,97569100,2.050295817304759,-2.1055092394165698,262.2790008544922,270.2884994506836,251.27820007324217,264.1421160971836,262.7420503813527,1.4000657158308627,5.0173668949966554,2.5962495542073127,3.0475966881902505,293.23464050111454,247.3423584002527,0.16978999178333623,48.16385513177213,-4.111725562612955,108913160.0,0.032739433883172235,0.9594193162167222,-2.665954157355055,-2.3781870118334214,0.371562162326855,0.0,0.0,1.0
2023-08-04,AAPL,182.79747042079737,184.6301752435833,179.25029494609427,179.31927490234375,115956800,-4.802003846359792,-1.7253682563486916,189.94303436279296,189.34494400024414,184.34126953125,188.7770482371101,187.89908027068657,0.8779679664235402,2.1485276995971945,1.7142309909639812,1.3624367221744786,195.9373957250932,182.75249227539507,0.06963430430802071,33.207365591899816,89.36298076923077,52746500.0,0.030001684428062045,0.9470507694259453,-0.732157750889606,-1.5490086624815103,-0.4275789654577089,1.0,0.0,0.0
2023-08-04,MSFT,323.5996401737791,326.7783131025437,319.07539331182784,319.6019287109375,23741500,0.3428593766827248,0.7108375706932124,327.3389129638672,331.3946365356445,327.8560852050781,326.73421186200494,328.3382231813286,-1.6040113193236607,0.9207814863792938,1.8986475524606554,1.8573969934447738,349.40707178159727,313.38220128969175,0.10870686040216199,42.41479308807144,30.06404181070139,30833410.0,0.024101606087874112,0.9644149104282845,-0.25648499536973235,-2.6282754571146483,0.1250187276526038,0.0,1.0,0.0
2023-08-04,TSLA,260.9700012207031,264.7699890136719,253.1100006103516,253.8600006103516,99539900,-2.1055092394165698,-0.949343597382446,261.66300201416016,269.25999984741213,252.64,262.5602521761325,262.084120768686,0.4761314074465304,4.10911979748663,2.657897822502488,3.073574563606791,293.24500822474937,245.27499147007492,0.17815500550344923,45.13397088726767,2.0199017926782137,102687540.0,0.04593078222361285,0.942806212412584,2.050295817304759,-2.665954157355055,-2.3781870118334214,0.0,0.0,1.0
2023-08-07,AAPL,179.4572213905704,180.44254624962392,174.74736976708382,176.22535705566406,97576100,-1.7253682563486916,0.5311667007962928,188.57343292236328,188.86410675048828,184.4794122314453,186.84601882457994,187.03436003253677,-0.18834120795682452,1.6811539180863908,1.7179773114902226,1.3909446534077479,197.58994936634872,180.13826413462783,0.09240339804098731,29.56749522669709,-15.851334290011454,57966330.0,0.03231757663989958,0.9330801923548052,-4.802003846359792,-0.732157750889606,-1.5490086624815103,1.0,0.0,0.0
2023-08-07,MSFT,320.1772016181311,322.84882941223,319.34840306884576,321.873779296875,17741500,0.7108375706932124,-1.229914024249179,325.8763427734375,331.31078186035154,328.17317138671876,325.9864530058311,327.8593754861839,-1.8729224803528268,0.36204069303286973,1.917214600745149,1.8326275663134117,349.49179348473155,313.12977023597153,0.10975200699652059,44.619386232397765,-25.272202683065515,29939750.0,0.010875152213488191,0.971516162225429,0.3428593766827248,-0.25648499536973235,-2.6282754571146483,0.0,1.0,0.0
2023-08-07,TSLA,251.4499969482422,253.6499938964844,242.75999450683597,251.4499969482422,111097900,-0.949343597382446,-0.6959634206558429,259.902001953125,268.3520004272461,254.01100006103516,260.85098214107245,261.2964078930976,-0.44542575202513035,3.1982106875842784,2.323664512751834,3.0593010949866115,293.6217761414293,243.08222471306289,0.18833305266180925,43.82351849594993,11.611424162571993,100146480.0,0.04330880700662727,0.9370155487863179,-2.1055092394165698,2.050295817304759,-2.665954157355055,0.0,0.0,1.0
2023-08-08,AAPL,177.05302113799038,177.62451134366992,174.97398514494694,177.16140747070312,67823000,0.5311667007962928,-0.8954347161393428,187.2117156982422,188.45618286132813,184.61361358642577,185.3560786162912,186.30303021314168,-0.9469515968504822,1.1555328150990163,1.724260488176437,1.4019867222968967,198.53722490097067,178.3751408216856,0.10698552720937239,31.996119516448346,-30.492200446625763,61020310.0,0.014961081177689892,0.9400668355946907,-1.7253682563486916,-4.802003846359792,-0.732157750889606,1.0,0.0,0.0
2023-08-08,MSFT,318.802307526203,320.54765518196075,314.94111824721926,317.9150085449219,22327600,-1.229914024249179,-1.1715931333987184,323.44554138183594,330.99778747558594,328.17570556640624,324.74469231953736,327.12275571275705,-2.3780633932196906,-0.18598012421764232,1.7745381335277073,1.8518517181729561,349.8973847530822,312.0981901980897,0.11419772574093268,41.6286692315402,25.84956176197053,28008740.0,0.01763533266454538,0.9604747239235578,0.7108375706932124,0.3428593766827248,-0.25648499536973235,0.0,1.0,0.0
2023-08-08,TSLA,247.4499969482422,250.9199981689453,245.00999450683597,249.6999969482422,96642200,-0.6959634206558429,-3.007606967809695,258.34400177001953,267.3474998474121,255.31559997558594,259.1354459575601,260.43741448977494,-1.3019685322148575,2.2981748436244516,2.3088580890789476,3.0592131997992005,293.9392135159924,240.7557861788318,0.19892995957514048,42.85059303336253,-13.011677088405815,98534970.0,0.023668417037803858,0.933990394863456,-0.949343597382446,-2.1055092394165698,2.050295817304759,0.0,0.0,1.0
2023-08-09,AAPL,178.21570618554995,178.2748232727554,174.41235154839882,175.57504272460938,60378500,-0.8954347161393428,-0.1234694936403713,185.60465240478516,187.88568038940429,184.66800415039063,183.85130386372478,185.5083644732504,-1.6570606095256153,0.5930141301740899,1.673839254256122,1.3842455368911264,199.49312258322615,176.27823819558242,0.12355856145891216,30.101738747622278,-10.976364949943228,62310970.0,0.021998979265036592,0.9344780419706261,0.5311667007962928,-1.7253682563486916,-4.802003846359792,1.0,0.0,0.0
2023-08-09,MSFT,318.32454016439254,318.94855662350545,313.039756644874,314.1903381347656,22373300,-1.1715931333987184,0.21724288416882231,321.93031311035156,330.26795959472656,327.96782470703124,323.1209455218802,326.164798855128,-3.043853333247853,-0.7575547660236844,1.437875611217642,1.831719952761354,350.60006813146873,309.9358510579844,0.12312492293646528,38.98126741732949,0.20467941023665226,24407700.0,0.018806434385315193,0.9513194635056641,-1.229914024249179,0.7108375706932124,0.3428593766827248,0.0,1.0,0.0
2023-08-09,TSLA,250.8699951171875,251.1000061035156,241.8999938964844,242.19000244140625,101596300,-3.007606967809695,1.3006292021680244,256.1280014038086,265.85750045776365,256.29600006103516,256.52845464738255,259.0857543380439,-2.5572996906613525,1.3270799367672907,2.4293176913625687,3.102328887477249,294.6059974081964,237.10900350733093,0.21626997095009523,38.86313261601263,5.1262285005929,99108980.0,0.03798675467314956,0.9109767526753776,-0.6959634206558429,-0.949343597382446,-2.1055092394165698,0.0,0.0,1.0
2023-08-10,AAPL,176.8460961883882,178.09746293161143,174.99369573264087,175.35826110839844,54686900,-0.1234694936403713,0.03376179781224842,184.10203247070314,187.26640396118165,184.68120697021484,182.54468190136689,184.75650496474285,-2.2118230633759595,0.03204669146408001,1.6894383830769846,1.3749700004278245,200.15643624091328,174.37637168145002,0.13766518721001975,29.841724013450445,-9.426534279586274,63033640.0,0.017699577877611092,0.9364106823173064,-0.8954347161393428,0.5311667007962928,-1.7253682563486916,1.0,0.0,0.0
2023-08-10,MSFT,317.8857952635295,320.0699275319088,313.16655676040074,314.8728942871094,20113700,0.21724288416882231,-0.5945479418730137,321.1707489013672,329.3060699462891,327.8063568115234,321.8520145626847,325.3283614797192,-3.4763469170345047,-1.3013131962258486,1.3287327911221039,1.784207667482571,350.6669361538123,307.9452037387659,0.1297325992867804,39.73759340967446,-10.099538288942622,22455540.0,0.021924309449175266,0.9561709395106692,-1.1715931333987184,-1.229914024249179,0.7108375706932124,0.0,1.0,0.0
2023-08-10,TSLA,245.3999938964844,251.8000030517578,243.0,245.33999633789065,109498600,1.3006292021680244,-1.096438608281991,255.09100036621095,264.229500579834,257.1795999145508,254.8071533689992,258.06755004173624,-3.260396672737045,0.4095846148664237,2.351364577728955,3.0682536626111885,293.7830203465378,234.6759808131302,0.22369583791250086,41.32926209677279,7.778137589656309,99689110.0,0.03586860350172235,0.9285109944177634,-3.007606967809695,-0.6959634206558429,-0.949343597382446,0.0,0.0,1.0
2023-08-11,AAPL,174.95375100085724,176.23639103718068,174.19402209160106,175.41746520996094,52036700,0.03376179781224842,0.9393050322285879,182.3481643676758,186.64269638061523,184.69657958984374,181.44818702576598,184.06472424216642,-2.6165372164004452,-0.497670090108825,1.548072975691267,1.3743003180502227,200.57072690831922,172.71466585291125,0.14924806379030164,30.01950994203986,-4.846133169003908,63408170.0,0.011642905357998815,0.9398571099307149,-0.1234694936403713,-0.8954347161393428,0.5311667007962928,1.0,0.0,0.0
2023-08-11,MSFT,312.26953644201075,314.3658880842269,311.2457160426732,313.0008239746094,24355500,-0.5945479418730137,0.9439169315660134,319.4780700683594,328.1247985839844,327.6624389648438,320.49029293375,324.41521055341474,-3.9249176196647113,-1.8260340809136213,0.9837039322974311,1.7684842682770348,350.3756617302147,305.8739354377541,0.1356243919524122,38.33413369707882,21.089108418640024,22042600.0,0.009968574529397435,0.9539078586115948,0.21724288416882231,-1.1715931333987184,-1.229914024249179,0.0,1.0,0.0
2023-08-11,TSLA,241.7700042724609,243.7899932861328,238.0200042724609,242.6499938964844,99038600,-1.096438608281991,-1.1910156448968756,252.71199951171874,262.2930000305176,257.95399993896484,252.93682114245843,256.9255088457917,-3.9886877033332553,-0.47006984877351216,1.7140696625363034,3.0394429856852114,292.18837775334396,232.39762230769122,0.22795406449541591,39.85090770382376,-9.55263354965269,98448370.0,0.023779061029498345,0.9251104446868664,1.3006292021680244,-3.007606967809695,-0.6959634206558429,0.0,0.0,1.0
2023-08-14,AAPL,175.59504844195268,177.2920967961584,174.9438523177461,177.06517028808594,43675600,0.9393050322285879,-1.1200310096144084,180.6979766845703,185.93879623413085,184.68894012451173,180.7738767584306,183.54623876408638,-2.7723620056557934,-0.9526084732182187,1.6151860474593578,1.3221463644566018,200.32459236690292,171.55300010135878,0.15473689648563424,34.95937991516162,-16.067698374416516,63893320.0,0.013262034959171847,0.952276630129027,0.03376179781224842,-0.1234694936403713,-0.8954347161393428,1.0,0.0,0.0
2023-08-14,MSFT,313.37141453345845,315.97478204085,312.09407132863737,315.9552917480469,18836100,0.9439169315660134,-0.6727760041486563,318.31971740722656,327.0673599243164,327.49590270996094,319.79260044364185,323.78854990116525,-3.995949457523409,-2.2600171562355786,1.0819346325920391,1.7891571480784703,349.5305952352182,304.6041246134146,0.13736152281352554,41.82608717161062,-22.661821765104396,21381610.0,0.01228246784772085,0.9660251387394913,-0.5945479418730137,0.21724288416882231,-1.1715931333987184,0.0,1.0,0.0
2023-08-14,TSLA,235.6999969482422,240.66000366210935,233.75,239.75999450683597,98595300,-1.1910156448968756,-2.8361644764614335,249.94499969482422,259.7619995117187,258.59879974365236,250.90961704467037,255.6539892651283,-4.744372220457933,-1.3249303231103964,1.653642584112518,2.8989161711129396,288.17982885765065,231.34417016578684,0.21879897290096031,38.26719186931462,-0.44760325771971976,99849680.0,0.028820503088192766,0.9229987255931158,-1.096438608281991,1.3006292021680244,-3.007606967809695,0.0,0.0,1.0
2023-08-15,AAPL,176.49291042563854,177.08489459113486,174.68732936330193,175.0819854736328,43622600,-1.1200310096144084,-0.49588759033003527,178.93223571777344,185.1485466003418,184.62468994140625,179.898201176154,182.9192570388676,-3.0210558627136095,-1.366297951117297,1.6086996193846703,1.331106754478206,200.11456998120397,170.18252321947963,0.1616650376755865,32.02883691747573,-0.12134922015953897,64738070.0,0.013693957270058484,0.945629812863514,0.9393050322285879,0.03376179781224842,-0.1234694936403713,1.0,0.0,0.0
2023-08-15,MSFT,314.94119179178944,316.9790429914667,312.8935805688444,313.8296203613281,16966300,-0.6727760041486563,-0.24286315383307278,316.90784912109376,325.23280639648436,327.2318585205078,318.8752188925166,323.0508514167329,-4.175632524216269,-2.6431402298317166,1.0720491543253583,1.4775938118716874,345.518672614989,304.94694017797974,0.12474674030131239,40.06806815579459,-9.926683336784158,21247050.0,0.013018090573855003,0.9649383893294735,0.9439169315660134,-0.5945479418730137,0.21724288416882231,0.0,1.0,0.0
2023-08-15,TSLA,238.72999572753903,240.5,232.6100006103516,232.9600067138672,88197600,-2.8361644764614335,-3.1593408302874493,247.13399963378907,256.7430000305176,258.9785998535156,248.1481385322391,253.97295352059044,-5.824814988351335,-2.224907256158584,1.6994846515584716,2.891906386017475,282.8784756475756,230.60752441345954,0.2035925077914604,34.766198326940426,-10.545837377643764,100352840.0,0.03386847167865723,0.9073665365216445,-1.1910156448968756,-1.096438608281991,1.3006292021680244,0.0,0.0,1.0
2023-08-16,AAPL,174.76630032742042,176.15747319458026,174.1447025205994,174.21377563476562,46964900,-0.49588759033003527,-1.4555138117907984,177.37822875976562,184.24739151000978,184.57007293701173,179.02367416978655,182.27440656448968,-3.2507323947031352,-1.7431848398344647,1.5991586504920932,1.304276959940621,199.58222963998134,168.91255338003822,0.1664592155611435,30.811142330736942,7.661854176504845,64395630.0,0.011553453030032398,0.9455426978205059,-1.1200310096144084,0.9393050322285879,0.03376179781224842,1.0,0.0,0.0
2023-08-16,MSFT,313.4582836388938,316.9954627703804,312.4811692512175,313.06744384765625,20698900,-0.24286315383307278,-1.0986203372508996,316.2817016601563,323.5751434326172,326.942041015625,317.98171503946116,322.31133974494946,-4.3296247054883,-2.9804371249630335,0.7450332000179941,1.4699155030450801,341.9699370663927,305.18034979884175,0.11369719836101119,39.42814649588503,22.000082516518038,20540810.0,0.014419555938750437,0.9675262460722693,-0.6727760041486563,0.9439169315660134,-0.5945479418730137,0.0,1.0,0.0
2023-08-16,TSLA,228.0200042724609,233.97000122070312,225.3800048828125,225.6000061035156,112484500,-3.1593408302874493,-2.828016272253575,244.28300018310546,253.45999984741212,259.1383999633789,244.67919508166625,251.87125371191823,-7.192058630251978,-3.218337530977263,1.7555978870532902,2.9259600508547527,277.7713572229922,229.14864247183203,0.191835850944654,31.41600357396716,27.536917104320292,101426000.0,0.03807622387186081,0.8900812997685285,-2.8361644764614335,-1.1910156448968756,-1.096438608281991,0.0,0.0,1.0
2023-08-17,AAPL,174.7761679719839,175.14122571711877,171.1650049538571,171.67807006835938,66062900,-1.4555138117907984,0.28160817072544475,175.70958099365234,183.3165054321289,184.4720330810547,177.89358123110543,181.48949274996153,-3.5959115188560986,-2.113730175638792,1.6101106892523398,1.3174981836125799,199.34983064120453,167.28318022305328,0.1749250583986482,27.52028578508819,40.664411081467236,64878400.0,0.02316091252469462,0.9365117977983791,-0.49588759033003527,-1.1200310096144084,0.9393050322285879,1.0,0.0,0.0
2023-08-17,MSFT,313.20426358487214,314.50381263909213,308.9733414603899,309.6280212402344,21257200,-1.0986203372508996,-0.1262185844496111,315.3935150146484,322.14576416015626,326.6275079345703,316.69653137804164,321.37183467052614,-4.6753032924845,-3.319410358467327,0.7983970566623894,1.4148286774858896,340.18995906816986,304.10156925214267,0.11202503286085636,36.58835803782679,2.697244781123631,20841160.0,0.017861662379747047,0.9611426120950061,-0.24286315383307278,-0.6727760041486563,0.9439169315660134,0.0,1.0,0.0
2023-08-17,TSLA,226.05999755859372,226.7400054931641,218.8300018310547,219.22000122070312,120718400,-2.828016272253575,-1.7014851321818014,240.27299957275392,251.27600021362304,259.0966000366211,240.76239602613344,249.45264241627268,-8.690246390139237,-4.312719302809658,1.4042532769490053,2.18155437112043,279.5428373690257,223.00916305822037,0.22498636663566374,28.82312729441982,7.320030759793572,103740930.0,0.03608249073106192,0.8724271360350077,-3.1593408302874493,-2.8361644764614335,-1.1910156448968756,0.0,0.0,1.0
2023-08-18,AAPL,170.00075151281027,172.76339001893962,169.66529224450343,172.16152954101562,61172200,0.28160817072544475,0.7736658471876323,174.99380645751953,182.46842041015626,184.41105407714844,177.01172712493778,180.79853251226183,-3.7868053873240513,-2.448345217975844,0.8840395538060832,1.3287594023131895,198.99528007967638,165.94156074063613,0.1811476159257663,29.07568625737146,-7.403096140193666,59399940.0,0.01799529652586001,0.9435141113954262,-1.4555138117907984,-0.49588759033003527,-1.1200310096144084,1.0,0.0,0.0
2023-08-18,MSFT,307.2927349685256,311.0937247535903,304.4200159024574,309.2372131347656,24755000,-0.1262185844496111,1.7062326033976838,314.35704345703124,320.84797821044924,326.50601989746093,315.54894395599916,320.47297381602533,-4.924029860026167,-3.6403342587790952,0.7710784924941895,1.4120236936144515,338.6733518291366,303.0226045917619,0.11111414021125869,36.26870824998289,16.454660068118088,20942510.0,0.02158119581883734,0.9638122542007482,-1.0986203372508996,-0.24286315383307278,-0.6727760041486563,0.0,1.0,0.0
2023-08-18,TSLA,214.1199951171875,217.5800018310547,212.3600006103516,215.4900054931641,136276600,-1.7014851321818014,7.3274828918382,236.43600006103514,249.04950103759765,258.915,236.87433594413815,246.93689153307946,-10.062555588941308,-5.462686560035988,1.3956973896783271,2.1888735293944084,281.16885411339996,216.93014796179534,0.2579354942851576,27.399346693640453,12.888010444141074,107414600.0,0.02422386694341928,0.8652496977323104,-2.828016272253575,-3.1593408302874493,-2.8361644764614335,0.0,0.0,1.0
2023-08-21,AAPL,172.7337706675176,173.77962299820936,171.42151715942626,173.4934844970703,46311900,0.7736658471876323,0.7904965220527638,174.72061920166016,181.64702606201172,184.32252166748046,176.47045902834276,180.25741784446987,-3.786958816127111,-2.7160679376060974,0.8195549316753387,1.3432940030090128,198.2470286101155,165.04702351390793,0.18277208174536017,33.32117634445572,-24.292570808308344,54273520.0,0.013591898540852257,0.9551132669677845,0.28160817072544475,-1.4555138117907984,-0.49588759033003527,1.0,0.0,0.0
2023-08-21,MSFT,310.65390632074093,315.3831354075893,309.784290200261,314.5135192871094,24040000,1.7062326033976838,0.18021577571620817,313.6210174560547,319.7486801147461,326.4533947753906,315.38964785309304,320.03153273980934,-4.641884886716298,-3.840644384366536,0.9607761581486434,1.4794878027489957,336.1660677842814,303.3312924452108,0.10268932252445069,43.45165295018789,-2.8883053928499325,21572360.0,0.017801604268137275,0.9836272636817203,-0.1262185844496111,-1.0986203372508996,-0.24286315383307278,0.0,1.0,0.0
2023-08-21,TSLA,221.5500030517578,232.1300048828125,220.5800018310547,231.27999877929688,135702700,7.3274828918382,0.8258403978685713,234.41900024414062,247.1605010986328,258.8433999633789,236.01366868800872,245.77712169946594,-9.763453011457216,-6.322839850320234,3.16632395659211,2.7040015561214363,278.764364365615,215.55663783165062,0.25573554938189924,40.74363139514364,-0.4211287924706042,109875080.0,0.04993948077100957,0.9357482192795903,-1.7014851321818014,-2.828016272253575,-3.1593408302874493,0.0,0.0,1.0
2023-08-22,AAPL,174.69721483499137,175.30893640777694,173.89802631437342,174.8649444580078,42038900,0.7904965220527638,2.1948788777332195,174.49097290039063,180.8513442993164,184.25373260498046,176.22345678675276,179.8579753713986,-3.634518584645832,-2.8997580670140444,0.8472473069355964,1.3572410346188633,197.13087339704884,164.57181520158395,0.18003216023419943,37.47156283955429,-9.22657027675392,51695110.0,0.008068570277345283,0.9668987816236475,0.7736658471876323,0.28160817072544475,-1.4555138117907984,1.0,0.0,0.0
2023-08-22,MSFT,318.0507585907704,318.6174718604525,314.1032077999083,315.080322265625,16084600,0.18021577571620817,1.4079254964283194,313.337548828125,318.3915451049805,326.38226806640625,315.3420593011749,319.66477640838826,-4.32271710721335,-3.937058928935899,0.8986852526093193,1.4070989558835232,331.04175107297385,305.7413391369871,0.07946320285497738,44.17948381733936,-33.092346089850246,20948060.0,0.014327343669334188,0.9896001546201119,1.7062326033976838,-0.1262185844496111,-1.0986203372508996,0.0,1.0,0.0
2023-08-22,TSLA,240.25,240.82000732421875,229.5500030517578,233.19000244140625,130442800,0.8258403978685713,1.573823118710882,232.76800079345702,245.55600128173828,258.6192001342773,235.5792584962237,244.8447424951652,-9.265483998941505,-6.911368680044489,3.2075829998114167,2.720206903397428,276.53881508119025,214.5731874822863,0.252348251622683,42.12927216380647,-3.8760466814588113,113255140.0,0.04832970605286887,0.9496408201152293,7.3274828918382,-1.7014851321818014,-2.828016272253575,0.0,0.0,1.0
2023-08-23,AAPL,176.1377232252428,179.12728783194132,175.9502562936072,178.70301818847656,52722800,2.1948788777332195,-2.6170558616796624,174.80377044677735,180.20421142578124,184.20593627929688,176.60492777163336,179.77242298747842,-3.167495215845065,-2.9533054967802483,1.0701507901276806,1.4679193510150714,195.68650465834315,164.72191819321932,0.171830537256211,47.34857532150493,25.414318642971146,50929540.0,0.017778275770268925,0.991669488601697,0.7904965220527638,0.7736658471876323,0.28160817072544475,1.0,0.0,0.0
2023-08-23,MSFT,316.40920172771865,321.66608212966844,316.0574250271208,319.51641845703125,21166400,1.4079254964283194,-2.1498361877662076,313.8701568603516,317.9002349853516,326.30118896484373,315.9842684020759,319.65378693050997,-3.6695185284340823,-3.8835508488355357,0.9223228948562505,1.2196748322588917,329.4773739358475,306.32309603485567,0.07283504493810372,49.642451703460345,31.594195690287606,20827370.0,0.01755358028120198,1.0050839329255423,0.18021577571620817,1.7062326033976838,-0.1262185844496111,0.0,1.0,0.0
2023-08-23,TSLA,229.33999633789065,238.97999572753903,229.2899932861328,236.8600006103516,101077600,1.573823118710882,-2.879341090367593,232.23500061035156,244.18150100708007,258.3598001098633,235.77629574455105,244.25328013332717,-8.476984388776117,-7.224491821790815,3.158106856277553,2.7634864785040203,274.0736258536706,214.28937616048955,0.24483529442898946,44.80024282645889,-22.5119362663175,113203270.0,0.040910252539207055,0.9700161545140301,0.8258403978685713,7.3274828918382,-1.7014851321818014,0.0,0.0,1.0
2023-08-24,AAPL,178.25900483655056,178.6832744289853,173.66118769058747,174.02626037597656,54945800,-2.6170558616796624,1.2643067921614959,174.67057037353516,179.38630142211915,184.07406372070312,176.20820971076307,179.34678131255237,-3.1385716017892946,-2.990358717782058,1.3914827392360123,1.5532361556422642,194.32288132567828,164.44972151856,0.166529771617415,39.2191095326603,4.216392149127124,50955430.0,0.02885821213159336,0.9701201206354675,2.1948788777332195,0.7904965220527638,0.7736658471876323,1.0,0.0,0.0
2023-08-24,MSFT,325.2325788454507,325.3596085060313,312.63755817970616,312.6473388671875,23281400,-2.1498361877662076,0.9406990532198289,313.64760131835936,317.40917510986327,326.035146484375,315.47089462747766,319.13479077767124,-3.6638961501935796,-3.8396199091071446,1.1778004958033914,1.2249940465082982,329.0035833703191,305.8147668494074,0.07305654133307732,42.677528426902455,9.992251870889701,21144140.0,0.04069137569640231,0.9849977990049356,1.4079254964283194,0.18021577571620817,1.7062326033976838,0.0,1.0,0.0
2023-08-24,TSLA,238.66000366210935,238.9199981689453,228.17999267578125,230.0399932861328,99777400,-2.879341090367593,3.7167463490241914,230.7050003051758,242.89800033569335,257.78640014648437,234.8937876740252,243.20044407057202,-8.306656396546828,-7.440924736742018,3.2166669692131453,2.7443648398033336,272.9100651889132,212.88593548247346,0.24711660706751132,41.01210389042814,-1.2863384172160819,112231150.0,0.04668755784480145,0.9470641708380046,1.573823118710882,0.8258403978685713,7.3274828918382,0.0,0.0,1.0
2023-08-25,AAPL,175.0129045232152,176.759273390786,173.473724817143,176.2264862060547,51449600,1.2643067921614959,0.8846083344971944,174.75147247314453,178.54981842041016,183.97358337402343,176.21102147926948,179.11564834170068,-2.9046268624312006,-2.9732123467118865,1.4544182914077306,1.5481105288325105,192.09569686789897,165.00393997292136,0.15173220076420266,44.08322905159974,-6.362997717750951,50896720.0,0.018643897659068966,0.986987764899962,-2.6170558616796624,2.1948788777332195,0.7904965220527638,1.0,0.0,0.0
2023-08-25,MSFT,314.11295718549064,317.91391657239774,311.5040487015702,315.5884094238281,21684100,0.9406990532198289,0.22293348712592032,313.90635986328124,316.6922149658203,325.768447265625,315.4889738269162,318.8720958625717,-3.3831220356555036,-3.7483203344168166,1.2008878452421814,1.113251813032639,326.69081718121305,306.6936127504276,0.0631439722411355,46.16054354753444,-6.860841701959508,20877000.0,0.02031084691142521,0.9965145794881276,-2.1498361877662076,1.4079254964283194,0.18021577571620817,0.0,1.0,0.0
2023-08-25,TSLA,231.30999755859372,239.0,230.3500061035156,238.58999633789065,106612200,3.7167463490241914,0.09640428763089126,230.29900054931642,241.50550003051757,257.4223999023437,235.46243516077374,242.85892942370674,-7.396494262933004,-7.432038641980215,3.4826501170778372,2.7030396854629144,269.4301771681029,213.58082289293225,0.231254999443546,47.05614242609076,6.850048207309478,112988510.0,0.036254637785543616,0.9879277958793548,-2.879341090367593,1.573823118710882,0.8258403978685713,0.0,0.0,1.0
2023-08-28,AAPL,177.68672884995053,178.1800564429962,176.16728648764175,177.785400390625,43820700,0.8846083344971944,2.18104452155905,174.82349548339843,177.76073608398437,183.86368591308593,176.45323361947803,179.01711145643583,-2.5638778369578006,-2.891345444761069,1.4508239680212793,1.5678227470923325,189.31559896825846,166.20587319971028,0.13000466963429885,47.30116801366373,-14.827909254882442,50911230.0,0.011321345571301449,1.0001387500253653,1.2643067921614959,-2.6170558616796624,2.1948788777332195,1.0,0.0,0.0
2023-08-28,MSFT,318.20709765634393,318.68587419815776,314.3572643100924,316.2919616699219,14808500,0.22293348712592032,1.4550394601445138,313.9400268554688,316.12987213134767,325.30598815917966,315.61251041814785,318.6809748112643,-3.0684643931164715,-3.612349146156748,1.1649543187473048,1.1106424804699642,324.7267384881819,307.5330057745134,0.05438819368049074,46.99032023032214,-31.70802569624748,20474240.0,0.013685488133216192,1.0005127308516635,0.9406990532198289,-2.1498361877662076,1.4079254964283194,0.0,1.0,0.0
2023-08-28,TSLA,242.5800018310547,244.3800048828125,235.3500061035156,238.82000732421875,107673700,0.09640428763089126,7.687791972402569,230.2050018310547,240.07500076293945,257.08080017089844,235.97898472438067,242.55975000892985,-6.580765284549187,-7.26178397049401,3.462195551271665,2.698979479204427,265.1986824280756,214.9513190978033,0.20929860739598097,47.21283904185866,0.995664661267659,113896350.0,0.037810897338420656,0.994772494284151,3.7167463490241914,-2.879341090367593,1.573823118710882,0.0,0.0,1.0
2023-08-29,AAPL,177.30196426395187,182.4325690983829,177.1046362040057,181.66297912597656,53003900,2.18104452155905,1.917228768468937,175.48159484863282,177.20691528320313,183.8528204345703,177.2547329281701,179.21310165417958,-1.9583687260094678,-2.704750101010749,1.5284694351789578,1.6715769420046336,186.5981597084522,167.81567085795407,0.10599185037717568,54.33991751373461,20.956306038013995,51849360.0,0.02932866630290425,1.0251461058145048,0.8846083344971944,1.2643067921614959,-2.6170558616796624,1.0,0.0,0.0
2023-08-29,MSFT,314.51357886440167,321.451096870184,314.51357886440167,320.8941345214844,19284600,1.4550394601445138,0.11570072978193124,314.6464782714844,315.77716369628905,325.04809326171875,316.4250679725073,318.8449125675769,-2.4198445950696055,-3.3738482359393194,1.2181249665587972,1.167514657316357,322.7596808997029,308.7946464928752,0.044224332891466274,52.1819496052451,30.226559070803937,20706070.0,0.021619335660739144,1.016204372619284,0.22293348712592032,0.9406990532198289,-2.1498361877662076,0.0,1.0,0.0
2023-08-29,TSLA,238.5800018310547,257.4800109863281,237.7700042724609,257.17999267578125,134047600,7.687791972402569,-0.10887269121663268,232.6270004272461,239.88050003051757,257.01359985351564,239.24067825536537,243.64273094721514,-4.402052691849775,-6.689837714765163,4.049389365121485,3.223748982249625,264.37209211770534,215.38890794332983,0.20419827442474012,57.919093391353705,24.494282262056565,118481350.0,0.07663895822065367,1.0721171276659123,0.09640428763089126,3.7167463490241914,-2.879341090367593,0.0,0.0,1.0
2023-08-30,AAPL,182.47204640358007,185.3432171414265,182.27471834075723,185.1458740234375,60813900,1.917228768468937,0.11724351641542174,176.5748046875,176.9765167236328,183.90983947753907,178.46875463513433,179.6525662741246,-1.183811638990278,-2.4005624086066546,1.5648397496340583,1.7124951537821151,185.22870541646193,168.7243280308037,0.09325744280203876,59.564182263434716,14.734764800326005,53234260.0,0.016573411731988265,1.04616068533297,2.18104452155905,0.8846083344971944,1.2643067921614959,1.0,0.0,0.0
2023-08-30,MSFT,321.14816243481806,322.2620572042624,318.97896754783574,321.2654113769531,15222100,0.11570072978193124,-0.3132544426475148,315.4662750244141,315.87398834228514,324.8810876464844,317.1697361885758,319.02420877567886,-1.8544725871030323,-3.0699731061720623,1.2079084781374054,1.004947241697932,323.11287814286226,308.63509854170803,0.04583403551882821,52.58539086342753,-21.066031963328246,20158390.0,0.01021924408966176,1.0170682716325024,1.4550394601445138,0.22293348712592032,0.9406990532198289,0.0,1.0,0.0
2023-08-30,TSLA,254.1999969482422,260.510009765625,250.58999633789065,256.8999938964844,121988400,-0.10887269121663268,0.4593198535678855,235.75699920654296,240.0199996948242,256.6625994873047,241.95749604630674,244.62475042493878,-2.6672543786320375,-5.885321047538538,3.8031321993475857,3.1637216466492752,264.8818333726358,215.1581660170126,0.20716468385486564,57.726804030154454,-8.996207317400684,119431740.0,0.03861429997437653,1.0703274486422898,7.687791972402569,0.09640428763089126,3.7167463490241914,0.0,0.0,1.0
2023-08-31,AAPL,185.33334709899387,186.59626480914432,184.97815055206613,185.36294555664065,60794500,0.11724351641542174,0.8463406077043656,177.94329223632812,176.82643661499023,183.99189086914063,179.52939939228915,180.07555733208878,-0.5461579397996275,-2.029681514845249,1.4036206472876105,1.7067436283333184,184.27680423792648,169.37606899205397,0.08426757633710819,59.872344530128835,-0.03190060167165276,52707420.0,0.008729437548691462,1.0482762029539578,1.917228768468937,2.18104452155905,0.8846083344971944,1.0,0.0,0.0
2023-08-31,MSFT,321.66608035944125,323.3369376753796,319.30145033255354,320.259033203125,26411000,-0.3132544426475148,0.2745789884134542,316.5293762207031,315.9614456176758,324.7815148925781,317.6450126523526,319.115677251786,-1.4706645994334053,-2.750111404824331,1.1325479788006247,1.0058937105403798,323.37459075417325,308.54830048117833,0.04692436523073529,51.32142550744082,73.50431280835102,20673770.0,0.012600697948983509,1.0136016202136555,0.11570072978193124,1.4550394601445138,0.22293348712592032,0.0,1.0,0.0
2023-08-31,TSLA,255.97999572753903,261.17999267578125,255.0500030517578,258.0799865722656,108861700,0.4593198535678855,-5.064318329763207,239.64299774169922,239.95799865722657,256.63499938964844,244.43787920414655,245.62143458400004,-1.1835553798534875,-4.944967914001528,3.5322773595614687,3.1319711621190938,264.62257852222604,215.29341879222713,0.20557414216670586,58.35430083119982,-10.760613304215816,118246070.0,0.02375228589182743,1.075521499664305,-0.10887269121663268,7.687791972402569,0.09640428763089126,0.0,0.0,1.0
2023-09-01,AAPL,186.9613458954921,187.38560051082152,185.76748618147488,186.93174743652344,45766500,0.8463406077043656,0.12666153990947837,179.4203140258789,177.20706024169922,184.04541137695313,180.6682221683252,180.58342326575058,0.08479890257461875,-1.6067854313612757,1.3927121885242542,1.300951551003322,185.87239919791438,168.54172128548407,0.09779902611550778,62.11923489790015,-24.719341387790017,51166850.0,0.008656177195883238,1.0548775380707764,0.11724351641542174,1.917228768468937,2.18104452155905,1.0,0.0,0.0
2023-09-01,MSFT,323.7277442108601,324.3921747944003,319.30141751711045,321.1383972167969,14942000,0.2745789884134542,1.4878462668141301,317.71949462890626,316.03826904296875,324.57959838867185,318.1824564314979,319.2655083603053,-1.0830519288074356,-2.4166995096209516,1.1210946687790508,1.004899210886127,323.6397176279637,308.4368204579738,0.04810460839450717,52.39810506815437,-43.42508803150202,19692470.0,0.01585222234840126,1.0161376917715452,-0.3132544426475148,0.11570072978193124,1.4550394601445138,0.0,1.0,0.0
2023-09-01,TSLA,257.260009765625,259.0799865722656,242.00999450683597,245.00999450683597,132541600,-5.064318329763207,4.685521401135628,242.5949966430664,239.51549835205077,256.2429995727539,244.52589694302185,245.57614272643235,-1.050245783410503,-4.166023487883323,4.018655752970382,3.302940973866831,263.4362578804059,215.59473882369568,0.19974289507725537,49.576203453207825,21.752278349502173,117872570.0,0.0696705948660939,1.0229400443503207,0.4593198535678855,-0.10887269121663268,7.687791972402569,0.0,0.0,1.0
2023-09-05,AAPL,185.76746926717504,187.44478036173828,185.10641198511868,187.16851806640625,45280000,0.12666153990947837,-3.579334102705667,180.7878173828125,177.75421829223632,184.1099725341797,181.66826769110688,181.07120806579917,0.5970596253077076,-1.1660164200274792,1.4108036353231024,1.2188013447688009,187.47611688877504,168.0323196956976,0.1093858552549843,62.4608732932889,-1.0630045994340809,51063660.0,0.012493385109722137,1.0529624549257806,0.8463406077043656,0.11724351641542174,1.917228768468937,1.0,0.0,0.0
2023-09-05,MSFT,321.47058500612,327.1867092747721,321.13836974277154,325.9164428710937,18553900,1.4878462668141301,-0.2008496549037564,318.8597869873047,316.2404022216797,324.56470275878905,319.372300499128,319.75817017591925,-0.38586967679123063,-2.0105335430550078,1.0942830140696207,1.0468022249890454,324.665584770013,307.81521967334635,0.0532834039492994,57.85294643730125,24.17280149912997,19143860.0,0.018557945339360508,1.0305971045490616,0.2745789884134542,-0.3132544426475148,0.11570072978193124,0.0,1.0,0.0
2023-09-05,TSLA,245.0,258.0,244.8600006103516,256.489990234375,129469600,4.685521401135628,-1.7817428513501543,245.11599578857422,239.76749801635742,256.2407992553711,246.3665266801531,246.38457587516882,-0.018049195015720443,-3.336428629309803,3.6532332655446584,3.465391159196282,264.3155991939402,215.21939683877466,0.20476587845036492,55.85732576038991,-2.31776287595743,117249260.0,0.05123006701993073,1.0697446165821722,-5.064318329763207,0.4593198535678855,-0.10887269121663268,0.0,0.0,1.0
2023-09-06,AAPL,185.88585963952747,186.329866585718,179.04834537431464,180.46913146972656,81755800,-3.579334102705667,-2.924938013777534,181.34823608398438,177.9196044921875,184.0683316040039,181.48378519550988,181.02660979942343,0.4571753960864555,-0.8413780568046922,1.9699147078419708,1.4946737821341574,187.71133043558166,168.12787854879332,0.11006910645222491,48.996044259650084,80.55609540636041,55035350.0,0.04034773787685036,1.0143296574023748,0.12666153990947837,0.8463406077043656,0.11724351641542174,1.0,0.0,0.0
2023-09-06,MSFT,325.7503980121673,326.80566842614127,322.62362005663084,325.2618408203125,17535800,-0.2008496549037564,-0.8922067369851128,319.87793884277346,316.60774383544924,324.66191162109374,320.2783836254641,320.16584948291137,0.112534142552704,-1.5859200059334655,1.1078744346772758,1.0040864956134554,325.9329313509612,307.28255631993727,0.05890688207777101,56.8910820882258,-5.487256048593558,19288980.0,0.012857482325511264,1.0273338133806387,1.4878462668141301,0.2745789884134542,-0.3132544426475148,0.0,1.0,0.0
2023-09-06,TSLA,255.13999938964844,255.38999938964844,245.05999755859372,251.9199981689453,116959800,-1.7817428513501543,-0.17068620153484204,246.98899536132814,239.87849807739258,256.45819915771483,247.22090690919805,246.7946071561893,0.4262997530087489,-2.5838829528460927,3.7662338123097236,3.487860244177335,264.63489584240955,215.1221003123756,0.20640781031595215,53.02563397483226,-9.662345446344156,115900960.0,0.041005088544527134,1.0501983303550106,4.685521401135628,-5.064318329763207,0.4593198535678855,0.0,0.0,1.0
2023-09-07,AAPL,172.84227669356144,175.83185624974686,171.22416252451072,175.19052124023438,112488800,-2.924938013777534,0.3491594931090525,180.99698638916016,177.90037841796874,183.86613830566407,180.5155907408521,180.59430694318718,-0.07871620233507315,-0.6888456859107684,2.0938389829998343,1.628907204492863,187.7129755117217,168.08778132421577,0.1103156404838974,41.4195631621736,37.5912167699417,61011950.0,0.026301044671918815,0.9847675581028407,-3.579334102705667,0.12666153990947837,0.8463406077043656,1.0,0.0,0.0
2023-09-07,MSFT,323.70825547986243,325.4572688809115,321.4999672739755,322.3598327636719,18381000,-0.8922067369851128,1.3215549583185382,320.1622802734375,317.0162185668945,324.584658203125,320.59860656980374,320.3283667629677,0.2702398068360594,-1.2146880433795606,1.0965620859161564,0.9869826479554773,326.6074588142225,307.4249783195665,0.060509460939798206,52.7073357480804,4.819854241038324,19010440.0,0.012276038155898734,1.016855964722984,-0.2008496549037564,1.4878462668141301,0.2745789884134542,0.0,1.0,0.0
2023-09-07,TSLA,245.07000732421875,252.80999755859372,243.2700042724609,251.4900054931641,115312900,-0.17068620153484204,-1.1889162304087542,248.45199584960943,240.34349822998047,256.4837991333008,247.8776913067313,247.14241444040965,0.7352768663216409,-1.920050989012546,3.768792842790185,3.411639557730976,265.62646896285577,215.06052749710517,0.2103903032041455,52.754641759542515,-1.4080906431098494,117324490.0,0.03793388634838662,1.0463774029473338,-1.7817428513501543,4.685521401135628,-5.064318329763207,0.0,0.0,1.0
2023-09-08,AAPL,175.9699602080161,177.83473792603073,175.41742065198358,175.80221557617188,65551300,0.3491594931090525,0.6622734406503961,181.1745819091797,177.9225761413574,183.65272766113281,179.79045610013208,180.23933721229713,-0.4488811121650542,-0.6408527711616256,1.9122071450415057,1.630422664324049,187.71294321481736,168.13220906789746,0.11005199324094335,42.52862975820209,-41.72637631479756,62072500.0,0.013750209382314473,0.988082678369602,-2.924938013777534,-3.579334102705667,0.12666153990947837,1.0,0.0,0.0
2023-09-08,MSFT,322.53566438985524,328.4667555070914,321.92007759322064,326.6199951171875,19530100,1.3215549583185382,1.0979395448842633,321.5595458984375,317.60357360839845,324.567646484375,321.524974038632,320.79441330772465,0.7305607309073707,-0.8256382885221744,0.8225041988474374,1.022201520410509,328.0433804346348,307.1637667821621,0.06574111687489077,57.632962183521386,6.251564115118868,18635310.0,0.02004371444412614,1.0283889170589315,-0.8922067369851128,-0.2008496549037564,1.4878462668141301,0.0,1.0,0.0
2023-09-08,TSLA,251.22000122070312,256.5199890136719,246.6699981689453,248.5,118367700,-1.1889162304087542,10.092549928477123,250.29799652099615,240.50149841308593,256.3289993286133,247.9734311056957,247.24297633371265,0.7304547719830623,-1.3899498368134244,3.6274600256310308,3.416425926229766,265.9548619164033,215.04813490976858,0.2116690637793748,50.81010287870055,2.6491398620622775,119183520.0,0.039637790119624,1.033257595647807,-0.17068620153484204,-1.7817428513501543,4.685521401135628,0.0,0.0,1.0
2023-09-11,AAPL,177.6670388917848,177.89396541040293,174.97345890425444,176.9665069580078,58953100,0.6622734406503961,-1.7060657923134048,181.248583984375,178.00002822875976,183.45590301513673,179.3560023859591,179.99690534160902,-0.6409029556499206,-0.6408628080592846,1.8813433412705554,1.636638050470625,187.73128147519867,168.26877498232085,0.10933990677723518,44.67563623385018,-10.065704265209085,62822850.0,0.016503159588506136,0.994193701646925,0.3491594931090525,-2.924938013777534,-3.579334102705667,1.0,0.0,0.0
2023-09-11,MSFT,329.5220931094113,330.6751109123213,327.75351820340376,330.2060852050781,16583300,1.0979395448842633,-1.825780741618932,323.0213134765625,318.4638366699219,324.6379583740234,322.8605296027007,321.4915741890101,1.3689554136905713,-0.3867195480796253,0.8345292857029939,1.0240394756810383,330.07632889851624,306.8513444413275,0.07292816886226464,61.28800887079452,-15.088504411139725,18125230.0,0.008847785791418927,1.0368715288302162,1.3215549583185382,-0.8922067369851128,-0.2008496549037564,0.0,1.0,0.0
2023-09-11,TSLA,264.2699890136719,274.8500061035156,260.6099853515625,273.5799865722656,174667900,10.092549928477123,-2.229686338670178,253.7969955444336,242.047998046875,256.6505990600586,251.9129011774757,249.1938659810129,2.719035196462812,-0.5681528301581771,4.61618878445056,4.062129933352955,271.4960335043976,212.5999625893524,0.24332393322930676,63.09732688870304,47.56382019757079,125989090.0,0.0520506669013658,1.1302716352947655,-1.1889162304087542,-0.17068620153484204,-1.7817428513501543,0.0,0.0,1.0
2023-09-12,AAPL,177.09477490699047,177.72623373133553,172.487096210491,173.9473419189453,90370200,-1.7060657923134048,-1.1854755863100586,180.86477813720703,177.84413681030273,183.11238006591796,178.52390077564928,179.54878953252285,-1.0248887568735654,-0.7176679978221409,1.932549028418434,1.668155229792888,187.7369985703333,167.95127505027216,0.11125316737973523,40.455123734372584,53.29168440675724,67477800.0,0.030119100775255484,0.9780887075545598,0.6622734406503961,0.3491594931090525,-2.924938013777534,1.0,0.0,0.0
2023-09-12,MSFT,328.1345774558951,329.08237965274225,323.8939043767627,324.17724609375,17565500,-1.825780741618932,1.2930683897787842,323.8098419189453,318.874934387207,324.4806317138672,323.0631013705544,321.6905128486205,1.3725885219339489,-0.03485793407691046,1.1057544428973398,1.1120181842751669,330.6938096370339,307.05605913738015,0.07412859384849182,53.00845136362208,5.9228259755296,18400930.0,0.016005056920247517,1.0166281859586506,1.0979395448842633,1.3215549583185382,-0.8922067369851128,0.0,1.0,0.0
2023-09-12,TSLA,270.760009765625,278.3900146484375,266.6000061035156,267.4800109863281,135999900,-2.229686338670178,1.4281354305895722,256.66299591064455,243.43399887084962,256.7647994995117,254.3078411480684,250.54839524066585,3.759445907402551,0.29736691735396853,4.749806012695565,4.093795766576803,274.96433387076524,211.90366387093403,0.25904627246947187,59.22251863961673,-22.138011620910312,128821710.0,0.044078092046753004,1.0987783638563806,10.092549928477123,-1.1889162304087542,-0.17068620153484204,0.0,0.0,1.0
2023-09-13,AAPL,174.15453395453247,174.93400012779577,171.65829707262083,171.88523864746094,84267900,-1.1854755863100586,0.8782502391769809,179.88700408935546,177.68429946899414,182.75737243652344,177.5025681405434,178.98111909659235,-1.478550956048963,-0.8698445894675053,1.7567065817531478,1.6703747874883914,187.86420142653594,167.50439751145234,0.11458414714146639,37.82666740185743,-6.752557812199155,70604200.0,0.019057500696109553,0.967363121902928,-1.7060657923134048,0.6622734406503961,0.3491594931090525,1.0,0.0,0.0
2023-09-13,MSFT,323.7277859536388,329.141008354495,323.5910054366436,328.3690795898437,16544400,1.2930683897787842,0.785594941560408,324.5573364257813,319.60190734863284,324.4568701171875,323.87940571198357,322.18522149611846,1.694184215865107,0.31095049591149304,1.0872059188899401,1.1237345002374037,331.8932942652654,307.31052043200026,0.07691685583856485,57.32521229025904,-5.813099541715294,18126910.0,0.01690172206464665,1.0274315391730353,-1.825780741618932,1.0979395448842633,1.3215549583185382,0.0,1.0,0.0
2023-09-13,TSLA,270.07000732421875,274.9800109863281,268.1000061035156,271.29998779296875,111673700,1.4281354305895722,1.7471511114000693,258.07499542236326,245.3509979248047,256.5943991088867,256.92201755497615,252.08555024454014,4.8364673104360065,1.2051869959703763,4.1841648829916736,4.014270958685201,278.8034960273495,211.89849982225982,0.27269094795202253,60.844153904818334,-17.88692491685656,126584320.0,0.025359399898177246,1.1057627239654306,-2.229686338670178,10.092549928477123,-1.1889162304087542,0.0,0.0,1.0
2023-09-14,AAPL,171.67803539320033,173.75001770449512,171.26364194197464,173.3948211669922,60895800,0.8782502391769809,-0.4153876195780559,178.71189880371094,177.64335174560546,182.45482482910157,176.87060706768938,178.5673192499553,-1.6967121822659124,-1.0352181080271867,1.6208527871508296,1.6805432372608786,187.88841188986817,167.39829160134275,0.1153441436855365,40.85614663158757,-27.735472226078972,70612390.0,0.014339388834029335,0.9760839314454199,-1.1854755863100586,-1.7060657923134048,0.6622734406503961,1.0,0.0,0.0
2023-09-14,MSFT,331.3884141519253,333.0592717863342,328.8674715775394,330.94873046875,20267000,0.785594941560408,-2.5037050944033745,325.5256683349609,320.4959716796875,324.48158142089846,324.9669941361015,322.83437030890593,2.132623827195573,0.6752851621683091,1.0995476434716458,1.1243580794074886,333.3734148281634,307.6185285312116,0.0803594696119673,59.774188929763305,22.500664877541652,18631400.0,0.012666010843605927,1.0326143219032695,1.2930683897787842,-1.825780741618932,1.0979395448842633,0.0,1.0,0.0
2023-09-14,TSLA,271.32000732421875,276.7099914550781,270.4200134277344,276.0400085449219,107709800,1.7471511114000693,-0.5977372284481253,259.988996887207,247.872998046875,256.4655990600586,259.8632469380447,253.85995456308694,6.003292374957766,2.1648080717678546,4.18979005103214,3.90550749874386,282.6356057310891,213.11039036266095,0.2804872491810515,62.81997086257675,-3.5495376261375777,125156460.0,0.02278647236862456,1.1136348481681746,1.4281354305895722,-2.229686338670178,10.092549928477123,0.0,0.0,1.0
2023-09-15,AAPL,174.12494522635322,174.14468255030425,171.5004532372104,172.674560546875,109259500,-0.4153876195780559,1.6913152592697323,177.44306030273438,177.69317626953125,182.12841278076172,176.22506144910255,178.13081860528268,-1.9057571561801296,-1.2093259176577753,1.601785291181619,1.6492595757282662,187.82515402920424,167.56119850985826,0.11403901908202094,39.85821862063635,79.4204197990666,75458890.0,0.015313369292612419,0.9717568461095892,0.8782502391769809,-1.1854755863100586,-1.7060657923134048,1.0,0.0,0.0
2023-09-15,MSFT,329.2094292987057,329.6784251727831,322.10578782450574,322.6627502441406,37679800,-2.5037050944033745,-0.3513000504208441,325.7660400390625,321.1477081298828,324.2797296142578,324.6124950757998,322.8216577115159,1.7908373642839024,0.8983956025914278,1.4102167237882417,1.2519615847922652,332.98674213460214,309.30867412516346,0.07372952510644254,49.87377872653359,85.91700794394829,19758280.0,0.02346920226319138,1.0047175865681255,0.785594941560408,1.2930683897787842,-1.825780741618932,0.0,1.0,0.0
2023-09-15,TSLA,277.54998779296875,278.9800109863281,271.0,274.3900146484375,133692300,-0.5977372284481253,-3.3200974462619715,261.61999969482423,250.63149871826172,256.4225991821289,262.09813427810514,255.3806997545944,6.717434523510747,3.0753333621164334,4.212549271827565,3.818795149753627,284.56659517583364,216.6964022606898,0.27079674048247876,61.65370897937282,24.122688928955395,127639520.0,0.0290827310044519,1.0947946130142368,1.7471511114000693,1.4281354305895722,-2.229686338670178,0.0,0.0,1.0
2023-09-18,AAPL,174.12491003199494,176.98621921988467,173.81904932082622,175.59503173828125,67257600,1.6913152592697323,0.6181114089961248,176.30938873291015,177.86485137939454,181.88267944335936,176.1281338012839,177.94298254106036,-1.8148487397764654,-1.3304304820815134,1.7107037434158021,1.689668606224441,187.71460982003288,168.0150929387562,0.11075553561314165,45.65454676462957,-38.44233224570861,77608000.0,0.01803678536747563,0.9872385149538531,-0.4153876195780559,0.8782502391769809,-1.1854755863100586,1.0,0.0,0.0
2023-09-18,MSFT,320.29806225418173,322.8385654506952,318.8910152474716,321.5292358398437,16834200,-0.3513000504208441,-0.12459341278886482,325.8051239013672,321.7623092651367,324.1341870117187,324.13814750103734,322.72592275805874,1.4122247429785943,1.0011614306688612,1.4146907381597755,1.2561841552211523,332.1900448576392,311.33457367263424,0.06481638956606238,48.685797387405316,-55.3230112686373,19947500.0,0.012277422278296087,0.9992756347820062,-2.5037050944033745,0.785594941560408,1.2930683897787842,0.0,1.0,0.0
2023-09-18,TSLA,271.1600036621094,271.44000244140625,263.760009765625,265.2799987792969,101543300,-3.3200974462619715,0.45989189773711914,263.6470001220703,253.12099838256836,256.2395993041992,262.5876518936731,256.1139811638316,6.473670729841501,3.7550008356614475,3.977262353187404,3.899724183410938,283.29857109861837,222.94342566651838,0.23844385024461273,55.524499267508126,-24.047009438838284,124539690.0,0.028950515346506462,1.0480363165222324,-0.5977372284481253,1.7471511114000693,1.4281354305895722,0.0,0.0,1.0
2023-09-19,AAPL,175.1510856525732,177.23292932503867,174.76629061620125,176.68040466308594,51826900,0.6181114089961248,-1.9992180622608657,175.2605773925781,178.02419738769532,181.69944549560546,176.21309854925343,177.849458253803,-1.6363597045495624,-1.3916163265751234,1.7410197793752966,1.6868204371308877,187.67734537662196,168.3710493987687,0.10844759454698533,47.6729756626729,-22.942686031021033,78262690.0,0.013961020258817531,0.9924516287991856,1.6913152592697323,-0.4153876195780559,0.8782502391769809,1.0,0.0,0.0
2023-09-19,MSFT,318.7054070395551,321.8517165023023,317.0833936077872,321.1286315917969,16505900,-0.12459341278886482,-2.3976923127363325,325.3263427734375,322.0930648803711,324.0857421875,323.67514505346185,322.60760489389116,1.067540159570683,1.0144371764492257,1.3175064588880459,1.206573987911885,331.9571148252535,312.22901493548875,0.06124968849326814,48.24838276626911,-1.950196623540179,19742700.0,0.014848638288274367,0.9970057309711637,-0.3513000504208441,-2.5037050944033745,0.785594941560408,0.0,1.0,0.0
2023-09-19,TSLA,264.3500061035156,267.8500061035156,261.20001220703125,266.5,103704000,0.45989189773711914,-1.4671683535119606,264.6480010986328,254.88199844360352,256.17739959716795,263.18955160233884,256.8833158924367,6.306235709902126,4.2652478105095835,3.7440608371130693,3.615934939637492,283.7763759615627,225.98762092564436,0.22672748718542768,56.153150086782475,2.127860725424524,121963130.0,0.02495307278230535,1.0455818834885946,-3.3200974462619715,-0.5977372284481253,1.7471511114000693,0.0,0.0,1.0
2023-09-20,AAPL,176.86785847407558,177.3019893003594,173.05936766417838,173.14817810058594,58436200,-1.9992180622608657,-0.888949480142609,174.52848205566406,177.93835906982423,181.45601135253906,175.74157232638152,177.50121527949062,-1.7596429531091076,-1.46522165188192,1.4903192614510954,1.7415787654530825,187.7391950667636,168.13752307288485,0.1101599008575039,42.182199792162834,12.752643897281146,75930730.0,0.024502837296482394,0.9730795484780289,0.6181114089961248,1.6913152592697323,-0.4153876195780559,1.0,0.0,0.0
2023-09-20,MSFT,321.9689546587249,322.0471106852366,313.1749256275898,313.428955078125,21436500,-2.3976923127363325,-0.38655598007485414,324.14305419921874,322.01049652099607,323.87082336425783,322.09880813417925,321.92770490753816,0.1711032266410939,0.8457703864875994,1.4993757024407763,1.3301655159928099,332.14563004907745,311.8753629929147,0.06294908791844642,40.68278428344948,29.871742831351213,20132770.0,0.02830684566279244,0.9733501189073458,-0.12459341278886482,-0.3513000504208441,-2.5037050944033745,0.0,1.0,0.0
2023-09-20,TSLA,267.0400085449219,273.92999267578125,262.4599914550781,262.5899963378906,122514600,-1.4671683535119606,-2.6238620989897266,265.71500091552736,256.35199813842775,256.03339935302733,263.09731233088525,257.30603296247034,5.791279368414905,4.5704541220906485,3.72455415802199,3.6503130397366,283.5408370119821,229.16315926487343,0.2121211386764585,53.54112287587661,18.138741032168483,122518610.0,0.043680267263281315,1.0243337217761588,0.45989189773711914,-3.3200974462619715,-0.5977372284481253,0.0,0.0,1.0
2023-09-21,AAPL,172.2207148989756,173.9473619674597,171.53992021743218,171.60897827148438,63149100,-0.888949480142609,0.49444425969669137,174.17032775878906,177.58365707397462,181.14848907470704,175.10578862562812,177.06475327889757,-1.9589646532694474,-1.5639702521594256,1.222552813712076,1.6687755168833722,187.7737236740385,167.39359047391073,0.1147635629084842,40.01917864952307,8.065035029656276,70996760.0,0.014028646835825557,0.9663556945445637,-1.9992180622608657,0.6181114089961248,1.6913152592697323,1.0,0.0,0.0
2023-09-21,MSFT,311.95356654433346,317.9041899225686,307.791049475954,312.2173767089844,35560400,-0.38655598007485414,-0.788652706319648,323.12880859375,321.6455444335937,323.53943298339846,320.5785879149185,321.2084213372749,-0.6298334223563984,0.5506496247187999,1.4879049107611189,1.2888118714728356,332.64741408325324,310.6436747839342,0.06840989928235076,39.629742760707806,65.88715508595153,21850710.0,0.032391343983525195,0.9706877092259679,-2.3976923127363325,-0.12459341278886482,-0.3513000504208441,0.0,1.0,0.0
2023-09-21,TSLA,257.8500061035156,260.8599853515625,254.2100067138672,255.6999969482422,119951500,-2.6238620989897266,-4.231518261464751,266.13600006103513,257.29399795532225,255.7075994873047,261.9592638104786,257.18706733178675,4.772196478691853,4.61080259341089,3.850492719199799,3.7149262724714522,282.89867031452206,231.68932559612242,0.1990304675793171,49.19822414958125,-2.0920771891676626,122982470.0,0.026006956265397906,0.9938047485765414,-1.4671683535119606,0.45989189773711914,-3.3200974462619715,0.0,0.0,1.0
2023-09-22,AAPL,172.33909518451154,174.7169382879251,171.7273736602944,172.45748901367188,56725400,0.49444425969669137,0.7380438489090757,173.83585510253906,177.50521850585938,180.84276306152344,174.6983579160964,176.72347444443642,-2.025116528340021,-1.6561995073955447,1.2306352352957743,1.5727775426623172,187.83379305240064,167.1766439593181,0.11637488332434937,41.79119310180174,-10.172274822602379,70114170.0,0.017335081501700954,0.9715629234189479,-0.888949480142609,-1.9992180622608657,0.6181114089961248,1.0,0.0,0.0
2023-09-22,MSFT,313.96642687422224,314.09345652566765,308.9147319725734,309.75506591796875,21447900,-0.788652706319648,0.16718137657198984,321.44231567382815,321.5009307861328,323.0523205566406,318.91343068461856,320.36002463954856,-1.4465939549299947,0.15120090878904097,1.3763957974155,1.2087398199826938,333.0625998403651,309.9392617319005,0.07192308293454557,37.5050292589123,-39.685999032631806,22042490.0,0.01671877274306049,0.9634655338650401,-0.38655598007485414,-2.3976923127363325,-0.12459341278886482,0.0,1.0,0.0
2023-09-22,TSLA,257.3999938964844,257.7900085449219,244.47999572753903,244.8800048828125,127524100,-4.231518261464751,0.861646752809131,265.7740005493164,258.03599853515624,255.04719970703124,259.3316855139146,256.27543307630714,3.0562524376074407,4.2998925622502,4.08796180491781,3.7901922073007053,281.04360175322773,235.02839531708474,0.17832863126605036,43.26343051238201,6.313051524991353,123898110.0,0.054353203822224506,0.9490148904531579,-2.6238620989897266,-1.4671683535119606,0.45989189773711914,0.0,0.0,1.0
2023-09-25,AAPL,171.8753837600089,174.60842368932387,171.82604797435675,173.7303009033203,46172700,0.7380438489090757,-2.339835031810822,173.51223449707032,177.38040924072266,180.55953674316407,174.54942606797698,176.50175788583522,-1.9523318178582372,-1.7154259694880833,1.2366505806056722,1.5542161641240784,187.83362025416176,166.92719822728355,0.11786206896448262,44.44266960143538,-18.60313016743822,68836130.0,0.016015488953279883,0.9794221450213886,0.49444425969669137,-0.888949480142609,-1.9992180622608657,1.0,0.0,0.0
2023-09-25,MSFT,309.34464808220946,310.39994834578414,307.7910397456029,310.2729187011719,17836000,0.16718137657198984,-1.700576461762704,319.4489990234375,321.23515625,322.52525390625,317.5841211487037,319.6128316070762,-2.0287104583725295,-0.28478136464327314,1.2831270423823087,1.1879222425532816,333.5865084726452,308.88380402735476,0.07689913125842827,38.25480335543943,-16.840343343637375,22167760.0,0.008408431554717474,0.965874726549865,-0.788652706319648,-0.38655598007485414,-2.3976923127363325,0.0,1.0,0.0
2023-09-25,TSLA,243.3800048828125,247.1000061035156,238.30999755859372,246.9900054931641,104636600,0.861646752809131,-1.1619945391094122,263.11500244140626,258.45599899291994,254.35939971923827,257.43296551072217,255.58762362570394,1.8453418850182288,3.808982426803806,2.092162702092976,3.710815931830649,280.24325036362205,236.66874762221784,0.1685954394991539,44.665257481789595,-17.94758794612156,116894980.0,0.03558851916850196,0.955636574332059,-4.231518261464751,-2.6238620989897266,-1.4671683535119606,0.0,0.0,1.0
2023-09-26,AAPL,172.48713399466078,172.86205287379087,169.36929877984454,169.66529846191406,64588900,-2.339835031810822,-0.8897684497559899,173.0840301513672,176.97440414428712,180.12997924804688,173.79802182089037,175.9953534840633,-2.1973316631729176,-1.8118071082250504,1.3359459266173483,1.6170702573433653,187.97768414393613,165.9711241446381,0.1243488294575982,38.42301233083372,39.885473450762035,66258000.0,0.02058614298627703,0.9586996451960705,0.7380438489090757,0.49444425969669137,-0.888949480142609,1.0,0.0,0.0
2023-09-26,MSFT,307.9180528712019,308.6508886408052,302.92498298833925,304.9964904785156,26297600,-1.700576461762704,0.20824234237615258,317.5309234619141,320.6703826904297,321.8831024169922,315.64756258405936,318.5301396716273,-2.882577087567938,-0.8043405092282062,1.2705298051982412,1.2390280196579866,334.8683828692312,306.47238251162815,0.08855198948951924,33.80460261705328,47.44113029827315,23040970.0,0.01877367717734208,0.9511214846834003,0.16718137657198984,-0.788652706319648,-0.38655598007485414,0.0,1.0,0.0
2023-09-26,TSLA,242.97999572753903,249.5500030517578,241.66000366210935,244.1199951171875,101993600,-1.1619945391094122,-1.4828753029631048,260.7790008544922,258.7209983825684,253.43419952392577,255.38481621940915,254.73816966211012,0.6466465572990217,3.1765152529028495,2.0490839902369906,3.7239650878019632,279.6131771037509,237.82881966138586,0.16150354128032116,43.10517930015456,-2.5258848242393217,113494350.0,0.032320168554242946,0.9435646764017565,0.861646752809131,-4.231518261464751,-2.6238620989897266,0.0,0.0,1.0
2023-09-27,AAPL,170.3164478696235,170.73084132501634,166.7940959712009,168.15567016601562,66921800,-0.8897684497559899,0.15254644858329058,172.71107330322266,176.29903869628907,179.6753530883789,172.92996772014038,175.41463620124495,-2.4846684811045634,-1.9463793828009532,1.3158355574455873,1.519861962193658,187.74003400558038,164.85804338699776,0.1297907849514795,36.44856323881746,3.6119209337827307,64523390.0,0.02341131494363999,0.9538093424076914,-2.339835031810822,0.7380438489090757,0.49444425969669137,1.0,0.0,0.0
2023-09-27,MSFT,305.1528159801847,307.1070447852302,302.6025617027996,305.6316223144531,19410100,0.20824234237615258,0.27175408092932063,315.257177734375,319.9072570800781,320.9853210449219,314.1066486964276,317.57469394146625,-3.4680452450386383,-1.3370814563902926,1.1293315589602992,1.1828244963949908,335.615031071842,304.19948308831425,0.09820204852578229,34.78800140596097,-26.190602944755415,23327540.0,0.014738275602241417,0.9553757082726899,-1.700576461762704,0.16718137657198984,-0.788652706319648,0.0,1.0,0.0
2023-09-27,TSLA,244.25999450683597,245.3300018310547,234.5800018310547,240.5,136597200,-1.4828753029631048,2.444908475181906,257.6990020751953,257.8869987487793,252.37739959716797,253.0948444933462,253.68349042787975,-0.5886459345335595,2.4234830154155675,1.8831364167924813,3.2892912466852415,280.31355186096823,235.4604456365904,0.17392542641543357,41.15271022191512,33.92722680638784,115986700.0,0.0446985446985447,0.9325790023027998,-1.1619945391094122,0.861646752809131,-4.231518261464751,0.0,0.0,1.0
2023-09-28,AAPL,167.0801950701548,169.73430008001054,165.38314684947002,168.4121856689453,56294400,0.15254644858329058,0.3046825599677394,172.21280975341796,175.46235427856445,179.19885925292968,172.23492432764883,174.89593616181534,-2.6610118341665157,-2.089305873074066,1.268218775743743,1.4282801032671968,186.62330984972087,164.30139870740803,0.1272176657727647,37.040592856295035,-15.88032599242698,64063250.0,0.025836332526992776,0.9598194801465717,-0.8897684497559899,-2.339835031810822,0.7380438489090757,1.0,0.0,0.0
2023-09-28,MSFT,303.8728115871533,308.2600757204857,302.3680768122536,306.4621887207031,19683600,0.27175408092932063,0.6727541394758729,312.8085235595703,319.16709594726564,320.1901507568359,312.9305779309316,316.7515454065949,-3.8209674756633376,-1.8338586602449016,1.0635348703769048,1.185782335928641,335.9628083574156,302.37138353711566,0.10524714247439244,36.124388005091184,1.4090602315289358,23269200.0,0.019225859257964835,0.9601935557020524,0.20824234237615258,-1.700576461762704,0.16718137657198984,0.0,1.0,0.0
2023-09-28,TSLA,240.0200042724609,247.5500030517578,238.6499938964844,246.3800048828125,117058900,2.444908475181906,1.5585665483353939,254.73300170898438,257.3609992980957,251.47979949951173,252.06179224557178,253.1424914986155,-1.0806992530437185,1.7226465617237103,2.0122181686807274,3.345565644299947,280.3709151110035,234.3510834851879,0.17881431821964539,45.473072086160954,-14.303587482027446,116921610.0,0.03612309838010834,0.9573323291204502,-1.4828753029631048,-1.1619945391094122,0.861646752809131,0.0,0.0,1.0
2023-09-29,AAPL,169.72449683733615,170.7604882058458,168.06690763668684,168.92530822753906,51861100,0.3046825599677394,1.4835210346889838,171.83788452148437,174.64047241210938,178.77144958496095,171.72575261993964,174.45366742594302,-2.7279148060033833,-2.2170276596599297,1.2803062360122992,1.4328935165588133,185.13251833532757,164.14842648889118,0.1201559498586273,38.27922292738268,-7.8752060595725375,58323410.0,0.01594539383957061,0.967274686642602,0.15254644858329058,-0.8897684497559899,-2.339835031810822,1.0,0.0,0.0
2023-09-29,MSFT,310.478154923174,312.15879317799545,307.7715582965106,308.52392578125,24147300,0.6727541394758729,1.91603875560451,311.39464111328124,318.58034057617186,319.59631713867185,312.25263144636517,316.1420921010138,-3.8894606546486443,-2.24497905912565,0.9537640353568402,1.2024691830048604,336.02290735302165,301.1377737993221,0.10950184022845759,39.441957504173615,22.677254160824244,21915950.0,0.014220079918843961,0.968433661735893,0.27175408092932063,0.20824234237615258,-1.700576461762704,0.0,1.0,0.0
2023-09-29,TSLA,250.0,254.7700042724609,246.3500061035156,250.22000122070312,128522700,1.5585665483353939,0.5515166158101215,252.31600036621094,256.9680000305176,251.2261996459961,251.77843978020735,252.92601073728866,-1.1475709570813137,1.1486030579627056,2.181823336324603,3.3651968260748446,280.1936891405065,233.74231092052875,0.1807671702875889,48.150255262945095,9.793189582338456,116404650.0,0.033650380176917065,0.9737399255587735,2.444908475181906,-1.4828753029631048,-1.1619945391094122,0.0,0.0,1.0
2023-10-02,AAPL,168.9351141150612,171.97401410977108,168.64897565996583,171.4313507080078,52164500,1.4835210346889838,-0.7769700287273862,171.42151641845703,173.8654525756836,178.4176119995117,171.680460018104,174.22979211350338,-2.549332095399393,-2.2834885468078223,1.2472448895712778,1.4699172132851477,182.69249579297608,165.03840935839114,0.10153878285221797,44.06687092002241,0.585024228178721,56814100.0,0.01939574317108808,0.9860000832159785,0.3046825599677394,0.15254644858329058,-0.8897684497559899,1.0,0.0,0.0
2023-10-02,MSFT,309.0417036720847,314.52333029570326,307.96687199890835,314.43536376953125,20570000,1.91603875560451,-2.6134143058157977,310.68525390625,318.2451889038086,319.18116577148436,312.5884364191599,316.01566778016326,-3.4272313610033507,-2.4814295195011904,1.2124039736312875,1.288069046895908,335.7383186286871,300.75205917893004,0.1099349202112585,47.81154309932758,-14.814492717612326,22289530.0,0.020851529605940066,0.9880286481395045,0.6727541394758729,0.27175408092932063,0.20824234237615258,0.0,1.0,0.0
2023-10-02,TSLA,244.80999755859372,254.27999877929688,242.6199951171875,251.6000061035156,123810400,0.5515166158101215,-2.0151062008054055,250.9480010986328,257.29750061035156,251.05779998779298,251.7509884453317,252.82778817182398,-1.0767997264922826,0.7035225010717079,2.043016060950712,3.1572247789466372,279.98974396197667,234.60525725872645,0.17638914717628748,49.117136423201934,-3.6665118302058652,118631360.0,0.04634341565680292,0.977856393889095,1.5585665483353939,2.444908475181906,-1.4828753029631048,0.0,0.0,1.0
2023-10-03,AAPL,169.96124934298015,171.31297744317223,168.54047825044546,170.09938049316406,49594600,-0.7769700287273862,0.7308726435468316,170.76341400146484,173.0119956970215,178.02117218017577,171.43721701426708,173.92383569718197,-2.4866186829148944,-2.324114574029237,1.219219437954283,1.4660640003673713,179.3821276697985,166.64186372424447,0.07363803818473244,41.82212305220084,-4.926530494876779,56590870.0,0.01629929036007389,0.9831652412763449,1.4835210346889838,0.3046825599677394,0.15254644858329058,1.0,0.0,0.0
2023-10-03,MSFT,313.4875679533543,314.0347793953408,304.0877331522798,306.2178649902344,21033500,-2.6134143058157977,1.77736084591944,309.1941772460938,317.2602600097656,318.5755334472656,311.6083485070175,315.2899046105389,-3.681556103521359,-2.7214548363052242,1.4278220558887964,1.3474893984167566,335.1485227039654,299.3719973155658,0.11276711866559762,39.61512113352561,2.253281477880398,22742290.0,0.03248355951857433,0.9651945219385771,1.91603875560451,0.6727541394758729,0.27175408092932063,0.0,1.0,0.0
2023-10-03,TSLA,248.6100006103516,250.0200042724609,244.4499969482422,246.52999877929688,101985300,-2.0151062008054055,5.934371052307452,248.9510009765625,256.7995010375977,250.60720001220704,250.94775926594173,252.361285253859,-1.413525987917268,0.28011280327391275,2.06241053021119,3.0056916007278813,279.9978767327768,233.60112534241858,0.18067305895413444,45.74226821013511,-17.627840633743208,118459490.0,0.022593628977401675,0.960009648707233,0.5515166158101215,1.5585665483353939,2.444908475181906,0.0,0.0,1.0
2023-10-04,AAPL,168.80687858022958,171.88525384459265,168.68848474300435,171.34259033203125,53020300,0.7308726435468316,0.7197989368345148,170.58285522460938,172.55566864013673,177.63245239257813,171.42265906315384,173.73263233680044,-2.309973273646591,-2.3212863139527076,1.1156679549659791,1.2907392732871634,177.9018254318701,167.20951184840337,0.06196442961120825,44.65587286926346,6.9074052416997045,56049280.0,0.01865717738592335,0.992969930703144,-0.7769700287273862,1.4835210346889838,0.3046825599677394,1.0,0.0,0.0
2023-10-04,MSFT,306.8432936513831,312.7157618822206,306.813981406436,311.66046142578125,20720100,1.77736084591944,0.12539547162346842,309.0173278808594,316.58019104003904,317.9642822265625,311.616365879135,315.0210569672235,-3.404691088088498,-2.858102086661879,1.4102256404991027,1.4256833186743338,334.22006690886536,298.9403151712127,0.11144017451550116,46.194290661388806,-1.4900040411724103,22670650.0,0.018936571064501268,0.9844597680035022,-2.6134143058157977,1.91603875560451,0.6727541394758729,0.0,1.0,0.0
2023-10-04,TSLA,248.13999938964844,261.8599853515625,247.6000061035156,261.1600036621094,129721600,5.934371052307452,-0.42503287393760303,248.80800170898436,257.26150131225586,250.5248001098633,252.51887378842906,253.01304217298866,-0.4941683845596003,0.12525656570721014,2.9262713138647434,3.269697692826465,280.4187103321939,234.10429229231784,0.1800285616138929,55.28907262119875,27.196370457311005,119180190.0,0.05460246227633142,1.0151538505760396,-2.0151062008054055,0.5515166158101215,1.5585665483353939,0.0,0.0,1.0
2023-10-05,AAPL,171.47084810780015,173.10869980697885,170.3756599300563,172.57591247558594,48527900,0.7197989368345148,1.4750217397359044,170.67954864501954,172.4249382019043,177.25105712890624,171.60008266506648,173.64694938411787,-2.046866719051394,-2.266402394972445,1.1050637797491452,1.1421052788420345,177.62570265457063,167.22417374923796,0.060324968150215014,47.393413254778444,-8.47298110346415,54587160.0,0.01583674012043367,1.0008755941875696,0.7308726435468316,-0.7769700287273862,1.4835210346889838,1.0,0.0,0.0
2023-10-05,MSFT,311.78745935358154,312.6571055637684,307.6933472507753,312.05126953125,16965600,0.12539547162346842,2.4736985609022932,309.00071716308594,316.064762878418,317.6184552001953,311.68327413330655,314.80107271270697,-3.1177985794004144,-2.9100413852095866,1.4058386400831506,1.4179538488102388,333.595657988447,298.533867768389,0.11093229723158157,46.64383198727276,-18.12008629301982,20811170.0,0.01590686786965967,0.987301674154952,1.77736084591944,-2.6134143058157977,1.91603875560451,0.0,1.0,0.0
2023-10-05,TSLA,260.0,263.6000061035156,256.25,260.04998779296875,119159200,-0.42503287393760303,0.1845841218459432,249.24300079345704,257.6895004272461,250.43879974365234,253.6775067122044,253.5342974040983,0.1432093081060941,0.12884711418698694,2.787917662455823,3.2718298724208474,280.7136040149483,234.66539683954392,0.17869648200278637,54.5054522133108,-8.142360254575953,119100960.0,0.028263820221238075,1.0091602000151694,5.934371052307452,-2.0151062008054055,0.5515166158101215,0.0,0.0,1.0
2023-10-06,AAPL,171.48068444244805,175.6147723242181,170.86894795356997,175.12144470214844,57266700,1.4750217397359044,0.8451514926818726,170.9459442138672,172.39089965820312,176.94579681396485,172.14183067077138,173.75617125952755,-1.6143405887561642,-2.135990033729189,1.1881117233176604,1.190517367294177,177.50681371722231,167.27498559918394,0.05935248402511312,52.60433301493055,18.00778521221813,54641290.0,0.02710018969247296,1.015839264423813,0.7197989368345148,0.7308726435468316,-0.7769700287273862,1.0,0.0,0.0
2023-10-06,MSFT,309.3055602997531,321.65630098463043,309.06128169271835,319.7704772949219,25673600,2.4736985609022932,0.7822497654424554,310.00225830078125,315.7222869873047,317.5644940185547,312.9274592350935,315.16917675583403,-2.241717520740508,-2.7763766123157714,1.570449864845197,1.5019215572167843,332.64192330887175,298.80265066573764,0.10718050019856469,54.69535193204018,51.3273918989013,21233740.0,0.03938768643828176,1.0128219972883319,0.12539547162346842,1.77736084591944,-2.6134143058157977,0.0,1.0,0.0
2023-10-06,TSLA,253.97999572753903,261.6499938964844,250.6499938964844,260.5299987792969,118121800,0.1845841218459432,-0.3300907210654902,250.80800018310546,258.29100036621094,250.53519958496094,254.73173626098784,254.05249750596488,0.6792387550229648,0.23892544235418253,2.3174122568013034,3.255144841196785,280.92960206580483,235.65239866661707,0.17529531936843595,54.803767384682004,-0.8706000040282214,118160730.0,0.04222162534656294,1.0086685111363207,-0.42503287393760303,5.934371052307452,-2.0151062008054055,0.0,0.0,1.0
2023-10-09,AAPL,174.450569230968,176.66068313153215,173.45405252336897,176.6014862060547,42390800,0.8451514926818726,-0.3352498821687533,171.23306274414062,172.37264862060547,176.61870361328124,172.82793152235342,173.96693532964068,-1.1390038072872528,-1.9365927884408018,1.1943701532785695,1.1966603988418671,177.4220036401571,167.32329360105385,0.05858649919182161,55.37228702792796,-25.97652737105508,54263100.0,0.018157438405822676,1.024533112528525,1.4750217397359044,0.7197989368345148,0.7308726435468316,1.0,0.0,0.0
2023-10-09,MSFT,317.3179038998877,322.7408769349448,315.78382712320234,322.2718811035156,19891200,0.7822497654424554,-0.43357112859078173,311.2021545410156,315.32557678222656,317.41137939453125,314.36506259946617,315.6953030038104,-1.330240404344238,-2.4871493707214647,1.575408115594588,1.4903368736439275,331.152077778604,299.49907578584913,0.10038196810979083,56.96178675652106,-22.52274710208152,21439260.0,0.021587517309671313,1.0220289910896965,2.4736985609022932,0.12539547162346842,1.77736084591944,0.0,1.0,0.0
2023-10-09,TSLA,255.30999755859372,261.3599853515625,252.0500030517578,259.6700134277344,101377900,-0.3300907210654902,1.5211543440507347,252.0760009765625,257.5955017089844,250.3997998046875,255.4914712097181,254.46860979646632,1.0228614132517748,0.39571263653370103,2.3356078851752518,2.2951976360448887,279.0817473608422,236.1092560571266,0.16682159051155826,54.11908213748877,-14.1751141618228,117834860.0,0.03585312827195442,1.0080533693522864,0.1845841218459432,-0.42503287393760303,5.934371052307452,0.0,0.0,1.0
2023-10-10,AAPL,175.72330653262233,177.32168322438636,175.57529921161475,176.00942993164062,43698000,-0.3352498821687533,0.7904322808742981,171.8674758911133,172.47575302124022,176.26755126953125,173.31739281608992,174.11823122608513,-0.8008384099952082,-1.7094419127516831,0.8426701489031371,1.131493765229878,177.74012868794344,167.211377354537,0.061044820207915414,54.01336285094296,3.0836879700312236,52174010.0,0.009922104818190041,1.0204879633716701,0.8451514926818726,1.4750217397359044,0.7197989368345148,1.0,0.0,0.0
2023-10-10,MSFT,323.38576454759857,323.52257487302114,320.1710797301385,320.8746032714844,20557100,-0.43357112859078173,1.2272004758417943,312.7899658203125,315.16044464111326,317.2780950927734,315.3665303951613,316.07895487549,-0.712424480328707,-2.132204392642913,1.4329846111500737,1.4376057227917107,330.6636898592294,299.6571994229971,0.09838319168365409,55.29764337368688,3.347711550836552,20865210.0,0.01044487506556267,1.018130951163234,0.7822497654424554,2.4736985609022932,0.12539547162346842,0.0,1.0,0.0
2023-10-10,TSLA,257.75,268.94000244140625,257.6499938964844,263.6199951171875,122656000,1.5211543440507347,-0.2389822071472425,254.0260009765625,257.40250091552736,250.32359985351562,256.7420133493288,255.1464901905938,1.5955231587349772,0.6356747409739563,2.273452445340815,2.276862753887615,278.5820595017182,236.22294232933652,0.16456373586782996,56.789380333612264,20.988894029172034,119901100.0,0.0428268293529977,1.0241547544392373,-0.3300907210654902,0.1845841218459432,-0.42503287393760303,0.0,0.0,1.0
2023-10-11,AAPL,175.82201043112758,177.45000107017458,175.23002615297557,177.40066528320312,47551100,0.7904322808742981,0.5061099437215999,172.79197540283204,172.75152435302735,175.9607766723633,173.94558858026116,174.36137448957535,-0.4157859093141951,-1.4507107120641856,0.7222686447605218,1.1024484214539043,178.44593343053518,167.05711527551952,0.06592600671784506,56.70235386337142,8.817566021328215,50236940.0,0.012513904125754172,1.0269123004707905,-0.3352498821687533,0.8451514926818726,1.4750217397359044,1.0,0.0,0.0
2023-10-11,MSFT,323.6300480505899,325.2032177209948,321.60744393030456,324.8123779296875,20063200,1.2272004758417943,-0.37904995484547843,314.7080413818359,314.9826095581055,317.2153765869141,316.81973770816535,316.7258751017269,0.09386260643844935,-1.6869909928266407,1.4446871391072558,1.4344598623562794,329.91913970582505,300.0460794103859,0.09484034797142789,58.93843182061346,-2.402576238866372,20930520.0,0.011070310231430406,1.0312073367649484,-0.43357112859078173,0.7822497654424554,2.4736985609022932,0.0,1.0,0.0
2023-10-11,TSLA,266.20001220703125,268.6000061035156,260.8999938964844,262.989990234375,103706300,-0.2389822071472425,-1.5665976919941982,256.275,256.9870010375977,250.36199951171875,257.7032405624128,255.72749019383684,1.975750368575973,0.9036898664943597,2.1665369629370055,2.250332342637236,277.3280519676562,236.64595010753916,0.15830412314965764,56.22728715930938,-15.449468432037571,116612010.0,0.02927872730125222,1.0233591161130329,1.5211543440507347,-0.3300907210654902,0.1845841218459432,0.0,0.0,1.0
2023-10-12,AAPL,177.6670488234186,179.90674578858014,176.6507798893927,178.2985076904297,56743100,0.5061099437215999,-1.0292794051435794,173.78060760498047,172.99670867919923,175.731669921875,174.61526844336402,174.65301398593493,-0.03774554257091722,-1.168117678165532,0.7097962369813837,1.092854801545806,179.20668005472558,166.78673730367288,0.07179294245466793,58.39320792112944,19.330783094397397,50281810.0,0.018261318848728628,1.0306468201141443,0.7904322808742981,-0.3352498821687533,0.8451514926818726,1.0,0.0,0.0
2023-10-12,MSFT,323.0046828962765,325.9946502834495,321.1970154685532,323.5811767578125,19313100,-0.37904995484547843,-1.035743482005469,316.41994018554686,314.6142318725586,317.3004217529297,317.85995910041873,317.23367522439986,0.6262838760188743,-1.2243360190575379,1.4764254864049569,1.4225731187737256,328.1946278021843,301.0338359429329,0.0863304615865358,57.36525761289631,-3.7386857530204542,20893470.0,0.014826680782136888,1.0285013962397167,1.2272004758417943,-0.43357112859078173,0.7822497654424554,0.0,1.0,0.0
2023-10-12,TSLA,262.9200134277344,265.4100036621094,256.6300048828125,258.8699951171875,111508100,-1.5665976919941982,-2.993780718577166,257.5239990234375,256.1285003662109,250.45719940185546,257.88274126314735,255.96026833630725,1.9224729268401006,1.1074464785635079,2.223166525688632,2.2265954986063945,274.43087455810513,237.8261261743167,0.14291556125714708,52.56324218072465,7.522975942637999,116056930.0,0.03391663361882581,1.0107035911546618,-0.2389822071472425,1.5211543440507347,-0.3300907210654902,0.0,0.0,1.0
2023-10-13,AAPL,178.9990143278533,179.50220314362676,175.7627859383901,176.46331787109375,51427100,-1.0292794051435794,-0.07268671042049979,174.53440856933594,173.18614654541017,175.49364532470702,174.89958373993784,174.78711057002076,0.1124731699170809,-0.9119995085490095,0.8727493645610445,1.1177666242429383,179.58308087810988,166.78921221271045,0.07387351078941422,53.77094086735723,-9.368539963449296,50238410.0,0.02119090386801127,1.0189228260519343,0.5061099437215999,0.7904322808742981,-0.3352498821687533,1.0,0.0,0.0
2023-10-13,MSFT,324.7732817040409,326.190079660526,318.8910340646987,320.2297058105469,21072400,-1.035743482005469,1.4981864119412824,317.59051818847655,314.4925796508789,317.3348181152344,318.2245355173615,317.4556034159663,0.768932101395194,-0.8256823949669916,1.5578737414203283,1.3268293304503855,327.81045757521224,301.17470172654555,0.08469438572520627,53.20231971632698,9.10936100367108,20585980.0,0.02279315586089171,1.0182424849770282,-0.37904995484547843,1.2272004758417943,-0.43357112859078173,0.0,1.0,0.0
2023-10-13,TSLA,258.8999938964844,259.6000061035156,250.22000122070312,251.1199951171875,102073800,-2.993780718577166,1.115006015531006,257.61399841308594,254.96499938964843,250.29319915771484,256.8423187791535,255.6017295793354,1.2405891998181175,1.1340750228144298,2.4416421841796336,2.306636821718423,271.22387751845986,238.706121260837,0.12753811831218384,46.433592728785165,-8.460640975857359,113412040.0,0.03735268025325993,0.9849194819615816,-1.5665976919941982,-0.2389822071472425,1.5211543440507347,0.0,0.0,1.0
2023-10-16,AAPL,174.39134016768617,176.69024903281087,174.15453745424634,176.33505249023438,52517000,-0.07268671042049979,-0.8784823231392402,175.0247787475586,173.2231475830078,175.43396087646485,175.1204250861373,174.90177293448102,0.21865215165627205,-0.6858691765079532,0.8020726438761645,1.054611116010282,179.68696023192433,166.75933493409127,0.07462989489691726,53.4524671470132,2.1193106358320835,50273660.0,0.014380076693514814,1.0179647174794313,-1.0292794051435794,0.5061099437215999,0.7904322808742981,1.0,0.0,0.0
2023-10-16,MSFT,323.47370563502346,328.4472441018182,323.03402205271703,325.02734375,22158000,1.4981864119412824,-0.17436746607857323,318.64971618652345,314.66748504638673,317.4433264160156,319.2711213993059,318.01647307033915,1.2546483289667663,-0.4096162501802401,1.5172913618646093,1.367058917347547,328.457968265967,300.87700182680646,0.08765114843401975,57.91097155258721,5.151762495017187,20744780.0,0.016654666609418747,1.032923194152348,-1.035743482005469,-0.37904995484547843,1.2272004758417943,0.0,1.0,0.0
2023-10-16,TSLA,250.0500030517578,255.3999938964844,248.47999572753903,253.9199981689453,88917200,1.115006015531006,0.36626021631880334,257.8459976196289,254.39699935913086,250.29439910888672,256.39273099296764,255.47715688226947,0.9155741106981736,1.0903748403911786,2.4606178695589827,2.2245834923879326,269.9154647267284,238.87853399153335,0.12200195290582166,48.75855723900616,-12.889301662130737,109922720.0,0.027252670994196992,0.9981249732057093,-2.993780718577166,-1.5665976919941982,-0.2389822071472425,0.0,0.0,1.0
2023-10-17,AAPL,174.29265257502803,176.03903666999224,172.46734930467605,174.78598022460938,57549400,-0.8784823231392402,-0.7394733409842869,175.49343872070312,173.128426361084,175.40517333984374,175.0689720305176,174.89319569671275,0.1757763338048619,-0.5135400744453902,0.817505013415409,1.063470110667175,179.43246898152574,166.82438374064225,0.07282504384685816,49.62940023502736,9.582420930365409,51069140.0,0.020434633033647114,1.0095741288612439,-0.07268671042049979,-1.0292794051435794,0.5061099437215999,1.0,0.0,0.0
2023-10-17,MSFT,322.0471280716989,325.8285559881701,319.91702585909127,324.4606018066406,18338500,-0.17436746607857323,-0.5872407865932128,320.47398986816404,314.8340835571289,317.49506286621096,320.06950300043434,318.4938159396948,1.57568706073954,-0.01255558799628409,1.138014657494295,1.367463668269582,329.027828659987,300.6403384542708,0.09016650892743976,57.17907126383747,-17.237566567379726,20475280.0,0.018219562240107463,1.0305764806044735,1.4981864119412824,-1.035743482005469,-0.37904995484547843,0.0,1.0,0.0
2023-10-17,TSLA,250.1000061035156,257.17999267578125,247.0800018310547,254.8500061035156,93562900,0.36626021631880334,-4.775363208267336,258.67799835205074,253.81449966430665,250.36239929199218,256.1553887022827,255.43070126902845,0.7246874332542745,1.0172373589637977,2.3436327855756462,2.223230267799866,268.25745181692537,239.37154751168796,0.11380714791094168,49.54192788626845,5.224748417628988,109080480.0,0.039631118708406556,1.0040797765319889,1.115006015531006,-2.993780718577166,-1.5665976919941982,0.0,0.0,1.0
2023-10-18,AAPL,173.23695950912395,175.21027033840411,172.77323025982977,173.4934844970703,54764400,-0.7394733409842869,-0.21610247044234754,175.70852813720703,173.14569168090821,175.3318148803711,174.82658933306416,174.78951338562814,0.037075947436022716,-0.40341687006910765,0.85767587656387,0.9755208272269237,179.45185314490863,166.8395302169078,0.07284225674667197,46.63248263530091,-4.83932065321272,51243550.0,0.014046868017199196,1.002008671499624,-0.8784823231392402,-0.07268671042049979,-1.0292794051435794,1.0,0.0,0.0
2023-10-18,MSFT,324.8807739787621,327.909834737972,320.7866620472197,322.55523681640625,23153600,-0.5872407865932128,0.3665361337207296,321.56346740722654,315.29039764404297,317.58786743164063,320.45192358750694,318.7946619305623,1.6572616569446268,0.3214078609918981,1.1082698413588217,1.2511483854352417,329.8753485824208,300.7054467056651,0.09251757140313546,54.67714554903326,26.256782179567573,20718630.0,0.02208357477329292,1.023041739382641,-0.17436746607857323,1.4981864119412824,-1.035743482005469,0.0,1.0,0.0
2023-10-18,TSLA,252.6999969482422,254.6300048828125,242.0800018310547,242.67999267578125,125147800,-4.775363208267336,-9.300310180733772,256.82999725341796,252.81899948120116,250.22199920654296,254.08225085205171,254.48620433619533,-0.40395348414361365,0.7329991903423155,1.9203910768974335,2.435414817923124,267.45847106651405,238.17952789588824,0.11580990048496297,40.760343691565076,33.75793182981717,108623100.0,0.05171420566393591,0.9598961833318472,0.36626021631880334,1.115006015531006,-2.993780718577166,0.0,0.0,1.0
2023-10-19,AAPL,173.69080766680926,175.46679037407037,172.85215962113486,173.11856079101562,59302900,-0.21610247044234754,-1.4704246565465873,175.76279296875,173.22117080688477,175.28268524169923,174.56381571121054,174.66573911936055,-0.10192340815001444,-0.343118177685289,0.8367471342592999,0.9540909660315765,179.4858882149026,166.95645339886696,0.07233200628809999,45.76909354788456,8.28731803872589,52321050.0,0.015103122051088606,0.9994076358253949,-0.7394733409842869,-0.8784823231392402,-0.07268671042049979,1.0,0.0,0.0
2023-10-19,MSFT,324.5485100623169,329.1702714544596,323.336897867666,323.7375183105469,25052100,0.3665361337207296,-1.4034573719218568,322.7320922851562,315.8664047241211,317.77881103515625,320.9573996987438,319.1607994401908,1.7966002585530418,0.6164463405041269,1.1054675280942836,1.2454366883700354,330.8449752248618,300.88783422338037,0.09484117510897087,55.964700180777015,8.199588832838089,21527280.0,0.018018837041920942,1.0249191223526934,-0.5872407865932128,-0.17436746607857323,1.4981864119412824,0.0,1.0,0.0
2023-10-19,TSLA,225.9499969482422,230.6100006103516,216.77999877929688,220.1100006103516,170772700,-9.300310180733772,-3.6890623300491754,252.83599853515625,251.03949966430665,249.78039916992188,248.8557508148671,251.93981887502173,-3.0840680601546353,-0.03041425975707468,3.315791120535579,3.122055862072677,271.6421984051242,230.4368009234891,0.1641390997700979,30.103257239523927,36.45681346376044,113784450.0,0.06283222839809625,0.8767942929486618,-4.775363208267336,0.36626021631880334,1.115006015531006,0.0,0.0,1.0
2023-10-20,AAPL,172.97054807703984,173.07908076842247,170.33618008275127,170.57298278808594,64244000,-1.4704246565465873,0.0694179120219296,175.30794677734374,173.12694549560547,175.18697967529297,173.94984141534522,174.36257198371058,-0.4127305683653617,-0.35704065582130357,0.7904781795970341,1.0054931515115777,179.49584809754876,166.75804289366218,0.07357494333087455,40.3117879904696,8.331970274640877,53018780.0,0.016080510763412565,0.9852480346129346,-0.21610247044234754,-0.7394733409842869,-0.8784823231392402,1.0,0.0,0.0
2023-10-20,MSFT,324.12841643957864,324.3238512632102,318.0019193859901,319.1940002441406,25027700,-1.4034573719218568,0.8112072749460797,322.6744445800781,316.3383514404297,317.8652331542969,320.6861074749587,319.1632587590019,1.5228487159567976,0.7977268155946611,0.9570953397916314,1.2779915326535616,331.09938288026774,301.5773200005916,0.09332432424095594,50.077035429580775,-0.09739702460073163,21462690.0,0.019805923270439497,1.0090271975898841,0.3665361337207296,-0.5872407865932128,-0.17436746607857323,0.0,1.0,0.0
2023-10-20,TSLA,217.00999450683597,218.8600006103516,210.4199981689453,211.9900054931641,138010100,-3.6890623300491754,0.04245310418349302,247.981999206543,249.3949996948242,249.11339935302735,243.18409768845126,248.98057343932857,-5.796475750877306,-1.1836265579811212,3.3101716290624172,3.0919649279086423,276.34162996648865,222.44836942315973,0.21609599474438618,27.334291871168944,-19.184916558677124,115773280.0,0.03981320922074526,0.8500170643058952,-9.300310180733772,-4.775363208267336,0.36626021631880334,0.0,0.0,1.0
2023-10-23,AAPL,168.62928473640696,171.68790756499885,167.6623515662161,170.69139099121094,55980100,0.0694179120219296,0.2543080988029134,174.71693725585936,172.975,175.09245819091797,173.4485413500938,174.09063265093283,-0.6420913008390414,-0.41405078482485114,0.7032212442358765,0.988887406190886,179.42774337415128,166.5222566258487,0.074608970939746,40.666183579321505,-12.863302409563538,54377710.0,0.02358382561303299,0.9867980401284056,-1.4704246565465873,-0.21610247044234754,-0.7394733409842869,1.0,0.0,0.0
2023-10-23,MSFT,318.0214287466955,325.1152889172781,316.96615830256553,321.7833251953125,24374700,0.8112072749460797,0.3674248847422845,322.62558898925784,316.9138717651367,318.04088317871094,320.854910201167,319.3573377542842,1.4975724468828275,0.9376959418522943,0.9598118223107538,1.286322680909501,331.5764056564519,302.2513378738215,0.09253324134818268,53.10489274292179,-2.6091091071093198,21911040.0,0.02532490025630234,1.0153652265300162,-1.4034573719218568,0.3665361337207296,-0.5872407865932128,0.0,1.0,0.0
2023-10-23,TSLA,210.0,216.97999572753903,202.50999450683597,212.0800018310547,150683400,0.04245310418349302,2.0935507370200668,243.222998046875,247.64949951171874,248.50199951171874,238.39885217192872,246.2471977646416,-7.848345592712889,-2.5165703649274747,3.3329366492566552,3.075962967249686,279.35460069489426,215.9443983285432,0.2560481749059642,27.41398314196981,9.18287864438907,120703830.0,0.06822897536671106,0.8563716149203002,-3.6890623300491754,-9.300310180733772,-4.775363208267336,0.0,0.0,1.0
2023-10-24,AAPL,170.74067811302473,171.35239949336875,169.16202383806623,171.12547302246094,43816600,0.2543080988029134,-1.349154101439698,174.2285415649414,173.04800872802736,174.97366424560548,173.09114622276564,173.87099119697194,-0.7798449742062985,-0.48720962270114065,0.7277241588412457,0.8356164263155428,179.37489423907712,166.7211232169776,0.07312289297698282,42.02516634957429,-21.728257005614495,54389570.0,0.01279982235616682,0.9888901599059253,0.0694179120219296,-1.4704246565465873,-0.21610247044234754,1.0,0.0,0.0
2023-10-24,MSFT,323.71800459686386,324.2456547479909,320.1026990318568,322.96563720703125,31153600,0.3674248847422845,3.067796485248242,322.8346923828125,317.8123291015625,318.18109008789065,321.17963743283843,319.62461919522843,1.5550182376099997,1.0611604010038356,0.9540368164499072,1.2070102484939353,331.57465297254635,304.0500052305787,0.08660660780460687,54.46298667839653,27.81121408673748,22970690.0,0.012827852993779473,1.0162149408112544,0.8112072749460797,-1.4034573719218568,0.3665361337207296,0.0,1.0,0.0
2023-10-24,TSLA,216.5,222.0500030517578,214.1100006103516,216.5200042724609,118231100,2.0935507370200668,-1.8935922882932776,238.51299896240235,246.2694999694824,248.03719970703125,235.0328755720106,244.04518343188747,-9.01230785987687,-3.815717863917354,3.403381117638072,3.1364977096703277,280.8900413096711,211.64895862929373,0.2811597972504013,31.410502475575697,-21.536745255283595,120261340.0,0.03667098782898051,0.8791994311081639,0.04245310418349302,-3.6890623300491754,-9.300310180733772,0.0,0.0,1.0
2023-10-25,AAPL,169.5863166088348,170.75056262830392,168.37271975850888,168.8167266845703,57157000,-1.349154101439698,-2.4605523007802277,173.37014770507812,173.08106155395507,174.84835906982423,172.43354321688943,173.49660123309033,-1.0630580162008982,-0.6023793014010922,0.6921494562206422,0.868369295089806,179.30642483013716,166.85569827777297,0.07193581111982542,37.15128848495908,30.445995353359233,55350160.0,0.014085351117119952,0.9753622098738086,0.2543080988029134,0.0694179120219296,-1.4704246565465873,1.0,0.0,0.0
2023-10-25,MSFT,337.1239893295993,338.2770069491987,329.8933489527061,332.8735656738281,55053800,3.067796485248242,-3.7514206836131936,323.64081115722655,319.17442626953124,318.5619689941406,322.97870331606765,320.60602263808767,2.372680677979986,1.3234644563990656,1.3125036558655425,1.356482607198081,333.2495813676333,305.09927117142917,0.08819726105634863,63.898455823458086,76.71729751938781,26469750.0,0.025185712718045886,1.0429205421136356,0.3674248847422845,0.8112072749460797,-1.4034573719218568,0.0,1.0,0.0
2023-10-25,TSLA,215.8800048828125,220.1000061035156,212.1999969482422,212.4199981689453,107065100,-1.8935922882932776,-3.1352997455599274,233.45599975585938,244.8654998779297,247.62639953613282,231.5539713561544,241.70257711611399,-10.148605759959594,-5.082295443125802,3.3538023387329083,3.144260358779369,282.60795471085095,207.1230450450084,0.3082709066956074,29.779935352890618,-9.44421560824521,120597220.0,0.03719051512744222,0.8674966390726374,2.0935507370200668,0.04245310418349302,-3.6890623300491754,0.0,0.0,1.0
2023-10-26,AAPL,168.0964590692853,169.09299056011605,163.45918215856796,164.66290283203125,70625300,-2.4605523007802277,0.7969439962458802,172.00658721923827,172.8935974121094,174.65734161376952,171.2380600807574,172.84225320338226,-1.6041931226248494,-0.8027420656458437,0.837130167865667,1.0295152321684808,179.88910109241257,165.8980937318062,0.08092264589334325,30.334772177931526,23.563692985985973,56738380.0,0.03421419338935747,0.9523944512505027,-1.349154101439698,0.2543080988029134,0.0694179120219296,1.0,0.0,0.0
2023-10-26,MSFT,332.7465699625012,333.81162115649903,319.4578072066944,320.3860778808594,37828500,-3.7514206836131936,0.585555280699146,323.32130126953126,319.87062072753906,318.7083416748047,322.57983786449716,320.58973043384856,1.9901074306486066,1.456793051248974,1.8258475523668196,1.6489774049510528,332.61256009146564,307.1286813636125,0.07966933215026313,49.872385913248614,-31.288121800856615,28321290.0,0.04480161574043907,1.0016114551319153,3.067796485248242,0.3674248847422845,0.8112072749460797,0.0,1.0,0.0
2023-10-26,TSLA,211.32000732421875,214.8000030517578,204.8800048828125,205.75999450683597,115112600,-3.1352997455599274,0.7484489628865498,228.1449996948242,242.83449935913086,247.2295993041992,227.58566722549003,239.0401635895008,-11.454496364010765,-6.356735627302795,3.364821302802734,3.109971811495506,284.4107801037632,201.2582186144985,0.3424248272330094,27.30072892961971,7.5164549418998305,120957670.0,0.04821150094177194,0.8473260391330766,-1.8935922882932776,2.0935507370200668,0.04245310418349302,0.0,0.0,1.0
2023-10-27,AAPL,164.6826577744484,166.70530437202822,164.60372353518264,165.9751739501953,58499100,0.7969439962458802,1.230520414487013,170.95777282714843,172.7460906982422,174.54328369140626,170.42838529144015,172.33358066610916,-1.905195374669006,-1.0232327274504762,0.967927024640725,1.045644921189157,180.2030999802768,165.2890814162076,0.08633491214641387,34.42801142829947,-17.169767774437773,57445580.0,0.01266201918532836,0.9608042258977975,-2.4605523007802277,-1.349154101439698,0.2543080988029134,1.0,0.0,0.0
2023-10-27,MSFT,322.8679216685348,329.0139799295623,320.8843805209721,322.2621154785156,29856500,0.585555280699146,2.274020976554203,323.5245422363281,320.55753021240236,318.9610235595703,322.53095749742306,320.7136108075276,1.817346689895487,1.5289037789782767,1.8038061905431602,1.6478750180433008,332.1536339792381,308.9614264455666,0.0723495951516232,51.591552398996086,-21.074057919293654,29199700.0,0.025226668038589768,1.0053175642605676,-3.7514206836131936,3.067796485248242,0.3674248847422845,0.0,1.0,0.0
2023-10-27,TSLA,210.6000061035156,212.41000366210935,205.7700042724609,207.3000030517578,94881200,0.7484489628865498,-4.794984223383947,223.76300048828125,240.6884994506836,246.99119934082032,224.4647958141466,236.689040586705,-12.224244772558393,-7.530237456353915,3.4751239170510986,3.082104068594881,285.000401856895,196.37659704447222,0.368209553072483,28.7772545739153,-17.575313215060728,120238410.0,0.032030869714896194,0.8612792199248099,-3.1352997455599274,-1.8935922882932776,2.0935507370200668,0.0,0.0,1.0
2023-10-30,AAPL,166.76449089816728,168.8857938712959,166.61648356307745,168.0175323486328,51131000,1.230520414487013,0.2818494665021376,170.1260208129883,172.57539978027344,174.4604037475586,170.05748483870056,172.01387338333313,-1.9563885446325742,-1.209863890886896,1.1230964797760212,1.027063289623825,180.31023152869517,164.84056803185172,0.08964002700581744,40.30656779759127,-12.59523650791209,57306980.0,0.013506389937388676,0.9735891243048326,0.7969439962458802,-2.4605523007802277,-1.349154101439698,1.0,0.0,0.0
2023-10-30,MSFT,325.7796837612077,331.6814625082959,324.2358264617481,329.5904235839844,22828100,2.274020976554203,0.23717550867272674,323.98085021972656,321.315283203125,319.3680877685547,323.6170292030479,321.3711524946725,2.245876708375363,1.672298364857694,1.886466525102417,1.668950303218647,333.20388150944103,309.4266848968089,0.07399958189228412,57.69505215847034,-23.5406025488587,29266710.0,0.022590571551149904,1.0257539582255977,0.585555280699146,-3.7514206836131936,3.067796485248242,0.0,1.0,0.0
2023-10-30,TSLA,209.27999877929688,210.8800048828125,194.6699981689453,197.3600006103516,136448200,-4.794984223383947,1.7632730628176496,218.10700073242188,237.97649917602538,246.62859924316408,220.29482732125507,233.7757783662344,-13.48095104497932,-8.720380174078997,3.418291659862905,3.1807519995924833,285.9634189400841,189.98957941196662,0.4032912487595173,25.217205825426504,43.809521802000816,124991510.0,0.08213420482233708,0.8293255901053038,0.7484489628865498,-3.1352997455599274,-1.8935922882932776,0.0,0.0,1.0
2023-10-31,AAPL,167.090040488145,168.61934378752,165.6593786065443,168.4910888671875,44846000,0.2818494665021376,1.8739055654690029,169.49653167724608,172.4949851989746,174.36035583496093,169.8165008430832,171.75292638213716,-1.936425539053971,-1.355176220520311,1.1367846491674274,1.0173297319616643,180.37036721964705,164.61960317830216,0.09131143159423584,41.61360674054842,-12.291955956269195,56036640.0,0.01756748799521904,0.9767883319786452,1.230520414487013,0.7969439962458802,-2.4605523007802277,1.0,0.0,0.0
2023-10-31,MSFT,331.0952162716641,331.241777466002,327.0304168400943,330.37213134765625,20265300,0.23717550867272674,2.3542824374073623,324.57200317382814,322.5229965209961,319.6852600097656,324.6562756868338,322.03789166896763,2.6183840178661626,1.8615154954593875,1.8829538945605202,1.5273541555712067,332.74456492961514,312.3014281123771,0.06338505172578353,58.299041400291145,-11.226514690228273,29459390.0,0.012747324081873125,1.0243366671875416,2.274020976554203,0.585555280699146,-3.7514206836131936,0.0,1.0,0.0
2023-10-31,TSLA,196.1199951171875,202.8000030517578,194.07000732421875,200.83999633789065,118068300,1.7632730628176496,2.3999240251476373,212.70599975585938,235.69199905395507,246.01979919433595,217.30177640073748,231.33609080857929,-14.034314407841805,-9.78316702083156,3.570595238352306,3.2388188124384563,286.24601372410103,185.1379843838091,0.42898371495905585,28.549833045061064,-13.470239988508458,127442050.0,0.04346741628520959,0.8521290376595005,-4.794984223383947,0.7484489628865498,-3.1352997455599274,0.0,0.0,1.0
2023-11-01,AAPL,168.71808481806195,171.9049777602895,167.84982318964867,171.64845275878906,56934900,1.8739055654690029,2.069311351707981,169.31202850341796,172.5102783203125,174.29602600097655,170.09833959934565,171.7451875952225,-1.6468479958768398,-1.4135105755916169,1.324775332829462,1.0924026281707915,180.37742151900514,164.64313512161985,0.09120781990838996,49.54585551022103,26.956473264059234,56253690.0,0.023624766232757072,0.9950042074598986,0.2818494665021376,1.230520414487013,0.7969439962458802,1.0,0.0,0.0
2023-11-01,MSFT,332.01374650613616,339.4691349616439,331.8769361620282,338.1500244140625,28158800,2.3542824374073623,0.6501421416001074,326.13148193359376,323.8474746704102,320.1466540527344,326.7322370294844,323.2313829834191,3.5008540460652853,2.189383205580567,1.9744093243247864,1.5600055071041674,334.9679316203907,312.72701772042967,0.06867712623850564,63.832081090845875,38.950817407094895,29959910.0,0.022452161027553527,1.044164462786713,0.23717550867272674,2.274020976554203,0.585555280699146,0.0,1.0,0.0
2023-11-01,TSLA,204.0399932861328,205.9900054931641,197.8500061035156,205.66000366210935,121661700,2.3999240251476373,6.2481720392452145,209.00400085449218,232.91699905395507,245.46919921875,215.51073444094854,229.4341584273593,-13.923423986410768,-10.611218413947402,3.7337932680597676,2.923404852447765,283.67733144269755,182.15666666521258,0.4358662750672302,33.003241320675656,3.043492622490551,127093440.0,0.039579885464857655,0.8829754998451974,1.7632730628176496,-4.794984223383947,0.7484489628865498,0.0,0.0,1.0
2023-11-02,AAPL,173.17774724497193,175.40758286457637,173.11855033416663,175.2003936767578,77334800,2.069311351707981,-0.5180922062513305,169.52021179199218,172.6415023803711,174.2259735107422,170.8832709958706,172.00112878644734,-1.1178577905767497,-1.3543800185886434,1.489238852174674,1.1766811751959,180.60027433968045,164.68273042106173,0.09219998493495793,56.676573410583934,35.83022012860302,58056880.0,0.013065224811269394,1.0148219939070553,1.8739055654690029,0.2818494665021376,1.230520414487013,1.0,0.0,0.0
2023-11-02,MSFT,339.29318001958046,340.8467882699962,336.87970636333785,340.3484802246094,24348100,0.6501421416001074,1.2861645227154161,327.792578125,325.2623352050781,320.56329528808595,328.8270436748882,324.4993161123962,4.3277275624920435,2.6170520769628625,1.9744611420274478,1.5591972225571151,337.23161865679725,313.29305175335895,0.07359772193833947,65.2361426906287,-13.532892026648868,29889510.0,0.011655941298871975,1.0463814693146671,2.3542824374073623,0.23717550867272674,2.274020976554203,0.0,1.0,0.0
2023-11-02,TSLA,212.97000122070312,219.1999969482422,211.4499969482422,218.50999450683597,125987600,6.2481720392452145,0.6635907937775576,208.84400024414063,230.83999938964843,245.1021990966797,215.9721590664697,228.62496109991315,-12.652802033443464,-11.019535137846615,3.3807542011801113,3.358409028846518,280.3087306832068,181.37126809609006,0.4285975690898976,43.17246669627119,3.555679396227407,122614930.0,0.03546748521728394,0.9465863588831505,2.3999240251476373,1.7632730628176496,-4.794984223383947,0.0,0.0,1.0
2023-11-03,AAPL,171.91486569633807,174.46043878115682,171.03674287311975,174.29269409179688,79829200,-0.5180922062513305,1.4604927876218365,169.89218292236328,172.6000648498535,174.23130218505858,171.4077976260131,172.1708743646214,-0.763076738608305,-1.2361193625925757,1.403535213580462,1.1362051667220876,180.51296865508075,164.68716104462627,0.09169062377943783,54.55465204301405,3.2254560689366274,59615400.0,0.01964337017037487,1.009806654727597,2.069311351707981,1.8739055654690029,0.2818494665021376,1.0,0.0,0.0
2023-11-03,MSFT,341.6284859220493,346.2795596471139,339.3811050850171,344.7259216308594,23637700,1.2861645227154161,1.0572611723162817,330.34577026367185,326.510107421875,321.2048669433594,331.2730248988838,325.9975831878379,5.275441711045914,3.148730003779473,1.8635180824443522,1.4994014336349422,341.005368195836,312.01484664791394,0.08878904783938034,67.90762205583007,-2.9176814617978386,29750510.0,0.020011418141870442,1.0557894343694796,0.6501421416001074,2.3542824374073623,0.23717550867272674,0.0,1.0,0.0
2023-11-03,TSLA,221.1499938964844,226.3699951171875,218.3999938964844,219.9600067138672,119534800,0.6635907937775576,-0.31369449915678027,209.64100036621093,228.81149978637694,244.90059936523437,216.58567408914624,227.9831126268727,-11.397438537726458,-11.095115817822585,3.126785896133202,3.3675838647704146,276.44733326691437,181.17566630583948,0.41637621819717296,44.201687762620736,-5.121773888858905,120767400.0,0.036233865145634384,0.9613153487443871,6.2481720392452145,2.3999240251476373,1.7632730628176496,0.0,0.0,1.0
2023-11-06,AAPL,174.02626772873157,177.03555436857033,173.858538133294,176.83822631835938,63841300,1.4604927876218365,1.4451039625446693,170.50686645507812,172.61190185546874,174.24353698730468,172.24324819406638,172.51660413897235,-0.2733559449059726,-1.0435666790552551,1.4544321734999122,1.1686640924667324,180.55067491413044,164.67312879680705,0.09198407494877128,59.17116286037394,-20.02763399858698,60401520.0,0.017965664446084204,1.0244845483854839,-0.5180922062513305,2.069311351707981,1.8739055654690029,1.0,0.0,0.0
2023-11-06,MSFT,345.361075900052,349.3574699781312,345.26335850207806,348.3705749511719,23828300,1.0572611723162817,1.12193984848723,333.00449523925784,327.81504211425784,321.8605102539062,333.90341721462045,327.65484183697373,6.248575377646716,3.768699078552922,1.8654784895253105,1.5044679004314323,345.12883439881335,310.5012498297023,0.10563146933642481,69.97637022915221,0.8063390262165848,29695870.0,0.011752173606014089,1.0627046663397146,1.2861645227154161,0.6501421416001074,2.3542824374073623,0.0,1.0,0.0
2023-11-06,TSLA,223.97999572753903,226.32000732421875,215.0,219.2700042724609,117335800,-0.31369449915678027,1.3271256198382986,210.36000061035156,226.79149932861327,244.51419952392578,216.99864796350232,227.33769719321256,-10.339049229710241,-10.943902500200117,3.133503550409085,3.3677031515029685,272.2962804182665,181.28671823896002,0.4012917699681358,43.79520690654829,-1.8396316386525058,117432640.0,0.05162588180621694,0.9668351985042704,0.6635907937775576,6.2481720392452145,2.3999240251476373,0.0,0.0,1.0
2023-11-07,AAPL,176.78893738265648,180.0054441684603,176.58174814434753,179.3937225341797,70530000,1.4451039625446693,0.5884620975513011,171.33369140625,172.7811164855957,174.27570343017578,173.34332116946842,173.02602031639512,0.3173008530733057,-0.771393172629543,1.4927015670564627,1.2078738324414453,181.1570441713322,164.40518879985922,0.09695420259001236,63.211501888531515,10.477073618488353,63072860.0,0.019084815096918704,1.038271578417166,1.4604927876218365,-0.5180922062513305,2.069311351707981,1.0,0.0,0.0
2023-11-07,MSFT,351.17493911544506,354.16490704694723,349.44545721598166,352.2790832519531,25833900,1.12193984848723,0.7405565097737821,335.93583984375,329.38526611328126,322.5802526855469,336.73044275882546,329.47885971956475,7.251583039260709,4.46527587069448,1.860713971418998,1.499256118846221,349.5159063617334,309.2546258648291,0.12223157693719597,72.0566587004069,8.416882446502694,29163900.0,0.013396906189829557,1.069504678848623,1.0572611723162817,1.2861645227154161,0.6501421416001074,0.0,1.0,0.0
2023-11-07,TSLA,219.97999572753903,223.1199951171875,215.72000122070312,222.17999267578125,116900100,1.3271256198382986,-0.03150241594066516,210.9259994506836,224.71949920654296,244.18139923095703,217.79577791923754,226.95564500673615,-9.159867087498611,-10.587095417659818,3.0960277631334203,3.3609768108967804,266.80917398995814,182.62982442312776,0.3745974419845957,46.048561740738556,-0.3713274209576234,117299540.0,0.03330630182926913,0.9886992159571003,-0.31369449915678027,0.6635907937775576,6.2481720392452145,0.0,0.0,1.0
2023-11-08,AAPL,179.91659936077735,181.00191115396063,179.1667317000403,180.4493865966797,49340300,0.5884620975513011,-0.2624571376240947,172.49695739746093,172.93355255126954,174.25143157958985,174.436562004424,173.5758993001199,0.8606627043041044,-0.4449819972428136,1.347103567468935,1.2026500400689,181.7622042592028,164.10490084333628,0.1021045549308985,64.7627729849969,-30.04352757691763,62291190.0,0.010170050940777843,1.0434608202661073,1.4451039625446693,1.4604927876218365,-0.5180922062513305,1.0,0.0,0.0
2023-11-08,MSFT,353.40267618539207,355.54255878691407,352.2985323074461,354.8879089355469,26767800,0.7405565097737821,-0.6910588016975194,338.13727416992185,330.88904266357423,323.26012817382815,339.52389909370567,331.3610115133412,8.16288758036444,5.204798212628472,1.6960833528806938,1.490391422381126,353.87255767657535,307.9055276505731,0.13891977097814762,73.38236854094474,3.6150174770359866,26335300.0,0.009140989021570508,1.0725284405877806,1.12193984848723,1.0572611723162817,1.2861645227154161,0.0,1.0,0.0
2023-11-08,TSLA,223.1499938964844,224.1499938964844,217.63999938964844,222.1100006103516,106584800,-0.03150241594066516,-5.461260118625755,211.8949996948242,222.6754997253418,243.47999938964844,218.45950448710124,226.59670838478175,-8.137203897680507,-10.097117113663955,3.00397832721804,3.3631083703592046,260.7154752576102,184.63552419307342,0.34166287336674794,46.00079080326487,-8.824030090650048,117251510.0,0.029309776637462055,0.9974604340590333,1.3271256198382986,-0.31369449915678027,0.6635907937775576,0.0,0.0,1.0
2023-11-09,AAPL,180.51844768984608,181.6629563158929,179.38378514108624,179.9757843017578,53763500,-0.2624571376240947,2.322038868856202,174.0282455444336,173.01741638183594,174.14802978515624,175.28875005016766,174.0499648557968,1.2387851943708768,-0.10822855892007557,0.8748510088885986,1.2010031050367478,182.0891631955289,163.945669568143,0.10486512864892533,63.46972394494102,8.964679987758494,60605010.0,0.012663765759649493,1.0402177310552672,0.5884620975513011,1.4451039625446693,1.4604927876218365,1.0,0.0,0.0
2023-11-09,MSFT,354.00856480709007,356.441600143659,352.11296032697913,352.4354248046875,24847300,-0.6910588016975194,2.489651563080697,341.3422088623047,332.33175506591795,323.88352844238284,341.51028766462593,332.92207916455203,8.588208500073904,5.881480270117559,0.9034233078697234,1.501168013100752,356.94823486441993,307.71527526741596,0.14814401226039509,70.01931463890283,-7.174665082673959,25037180.0,0.012282079246371761,1.0604927739595091,0.7405565097737821,1.12193984848723,1.0572611723162817,0.0,1.0,0.0
2023-11-09,TSLA,219.75,220.8000030517578,206.67999267578125,209.97999572753903,142110500,-5.461260118625755,2.2240205086035747,212.31699981689454,220.2309997558594,242.54159942626953,217.1549646779378,225.36584078054156,-8.210876102603748,-9.719868911451915,3.381930034821068,3.5197733113161838,254.5823162277621,185.87968328395667,0.3119571405477287,38.53897242224074,33.33092523511796,119951300.0,0.06724455025848308,0.9534534010212719,-0.03150241594066516,1.3271256198382986,-0.31369449915678027,0.0,0.0,1.0
2023-11-10,AAPL,181.75416743266703,184.3228576622084,181.3194646176673,184.15489196777344,66133400,2.322038868856202,-0.8583886931358142,175.8462173461914,173.40199508666993,174.1238687133789,176.65277188364547,174.79847797520247,1.8542939084429975,0.2842759345525391,0.9819266498269804,1.273553693563312,183.66300881975587,163.14098135358398,0.11834943107727541,69.29541260657311,23.007988691212432,61368440.0,0.01630905925141909,1.0620113792562131,-0.2624571376240947,0.5884620975513011,1.4451039625446693,1.0,0.0,0.0
2023-11-10,MSFT,353.2170216186205,361.6299908391932,352.8066503312719,361.2098388671875,28042100,2.489651563080697,-0.8088036252408282,345.2369812011719,334.38076171875,324.7025445556641,344.5409878496354,335.01746877215464,9.523519077480785,6.609888031590205,1.0097591386597105,1.525696770926284,361.45523282315105,307.306290614349,0.16193797134282237,74.51876247586634,12.857735045658881,24855740.0,0.024427187630305845,1.0802351098506187,-0.6910588016975194,0.7405565097737821,1.12193984848723,0.0,1.0,0.0
2023-11-10,TSLA,210.02999877929688,215.3800048828125,205.69000244140625,214.6499938964844,130994000,2.2240205086035747,4.220830689495392,213.0519989013672,218.40749969482422,241.6729995727539,216.7695845577142,224.5720743446855,-7.802489786971279,-9.336393086555788,3.4375886766000456,3.5559247978745265,249.5796060635304,187.23539332611804,0.28544904742064486,42.41201003589416,-7.822433951045138,123562580.0,0.04514326912154157,0.9827958938974619,-5.461260118625755,-0.03150241594066516,1.3271256198382986,0.0,0.0,1.0
2023-11-13,AAPL,183.5818457400509,183.78930789371245,181.99123723697812,182.5741271972656,43627500,-0.8583886931358142,1.4285871885901136,177.3018768310547,173.71394882202148,174.03671630859375,177.56374962420242,175.3744519916516,2.1892976325508187,0.665280274152195,1.1473119116899773,1.2950348537911995,184.70388481634552,162.72401282769744,0.12652911373955092,65.06840663810289,-34.031064484814024,60618090.0,0.009848441749862871,1.0510044152201146,2.322038868856202,-0.2624571376240947,0.5884620975513011,1.0,0.0,0.0
2023-11-13,MSFT,359.7931253712149,360.0374040118228,357.5262124297735,358.2883605957031,19986500,-0.8088036252408282,0.9790302590381827,348.1067749023438,336.04381256103517,325.4455438232422,346.6559682721074,336.74123853686194,9.91472973524543,7.2708563723212505,1.096055780895873,1.54252753300423,364.736926628799,307.35069849327135,0.17077007815790285,70.71346176358821,-28.726807193469817,24571580.0,0.007008856156739411,1.0661953804926187,2.489651563080697,-0.6910588016975194,0.7405565097737821,0.0,1.0,0.0
2023-11-13,TSLA,215.6000061035156,225.3999938964844,211.6100006103516,223.7100067138672,140447600,4.220830689495392,6.123998273248876,215.68699951171874,216.89700012207032,241.24699981689454,217.83734181250696,224.50821748314337,-6.670875670636406,-8.803289603371912,3.0874488347926476,3.7049801702766025,243.40190682598745,190.3920934181532,0.24440086021475707,49.111862494553066,7.216819090950732,123962520.0,0.06164227290811666,1.0314112532121813,2.2240205086035747,-5.461260118625755,-0.03150241594066516,0.0,0.0,1.0
2023-11-14,AAPL,185.43922075842696,185.8442860799284,184.05608926427885,185.18235778808597,60108400,1.4285871885901136,0.30407599271295993,178.97100372314452,174.2337677001953,173.99699310302734,178.7358431878768,176.10096353212822,2.634879655748591,1.0592001504714743,1.1426000166489516,1.2983511166869808,186.36176672871136,162.10576867167924,0.13921525303160237,68.48440253183173,37.776402498424154,62144330.0,0.009656410238041523,1.0628385084728809,-0.8583886931358142,2.322038868856202,-0.2624571376240947,1.0,0.0,0.0
2023-11-14,MSFT,362.51919694143055,363.43768679672274,358.9429549170476,361.7961120605469,27683900,0.9790302590381827,0.040597756200067,351.2491729736328,337.9105880737305,326.16313720703124,348.9852211626365,338.5971550941719,10.388066068464582,7.8942983115499175,1.075350369900361,1.5375541063495508,368.24196289338033,307.5792132540806,0.17952308030686326,72.52744487485121,38.512996272483925,25313440.0,0.012423383584959476,1.0706859294435742,-0.8088036252408282,2.489651563080697,-0.6910588016975194,0.0,1.0,0.0
2023-11-14,TSLA,235.02999877929688,238.13999938964844,230.72000122070312,237.41000366210935,149771600,6.123998273248876,2.287179390936478,219.34400024414063,216.025,240.8654000854492,220.84852055859963,225.46390534825196,-4.615384789652325,-7.965708640627994,3.446584518145009,3.993594029556464,238.03967378588118,194.01032621411883,0.20381598227872857,57.21732177859703,6.638774888285748,127132850.0,0.031253940670106416,1.0989931890388118,4.220830689495392,2.2240205086035747,-5.461260118625755,0.0,0.0,1.0
2023-11-15,AAPL,185.5873915048758,187.2175115650197,185.5182274044454,185.74545288085935,53790500,0.30407599271295993,0.9042132047166085,180.38070373535157,174.84636611938475,174.10251953125,179.8142446791049,176.81537015055275,2.998874528552136,1.4471350260876066,1.1096729239130605,1.27525566150633,188.01039247579718,161.68233976297233,0.1505782092997466,69.18502049653516,-10.510843742305564,61829890.0,0.009148456310606068,1.0623352203615872,1.4285871885901136,-0.8583886931358142,2.322038868856202,1.0,0.0,0.0
2023-11-15,MSFT,363.5193258281366,365.3306622150657,359.436476024947,361.9429931640625,26860100,0.040597756200067,1.7583254441681406,353.6284698486328,339.8799758911133,326.8967602539062,350.97872454747124,340.32647643268234,10.652248114788904,8.445888272197715,0.9763101527651104,1.5192558870081168,371.11478552908915,308.64516625313746,0.18379905762958204,72.60396483058386,-2.975736800089579,25183570.0,0.016284846789248183,1.0649141427502558,0.9790302590381827,-0.8088036252408282,2.489651563080697,0.0,1.0,0.0
2023-11-15,TSLA,239.2899932861328,246.6999969482422,236.4499969482422,242.83999633789065,150354000,2.287179390936478,-3.8090924639652135,223.06199951171874,216.03300018310546,240.68380004882812,224.23182452464442,226.75102319933632,-2.519198674691893,-6.876406647440775,3.444370046703436,3.8856863921464417,238.08853753777672,193.9774628284342,0.20418674309922472,59.94081699587501,0.38885876895218274,130002080.0,0.04220886243853348,1.1240875057609907,6.123998273248876,4.220830689495392,2.2240205086035747,0.0,0.0,1.0
2023-11-16,AAPL,187.2866746678448,188.6599317940755,186.37774261703024,187.42498779296875,54412900,0.9042132047166085,-0.010534813569618162,181.60316314697266,175.56168746948242,174.34720886230468,180.98512823508395,177.60126775369469,3.383860481389263,1.8344801171479381,1.0187938162241437,1.2737083344503228,189.83818837765367,161.28518656131118,0.1626380005108222,71.2388039174665,1.157081640810187,59537700.0,0.012176547022461027,1.06757340109042,0.30407599271295993,1.4285871885901136,-0.8583886931358142,1.0,0.0,0.0
2023-11-16,MSFT,363.2060092906745,368.48335928952025,362.4423144168183,368.30712890625,27182300,1.7583254441681406,-1.6800832037417779,356.42433471679686,342.10845642089845,327.8157061767578,353.6446329103603,342.39911735665027,11.24551555371005,9.005813728500183,1.0329680973474906,1.5402726988943176,374.81887618262846,309.39803665916844,0.19122836134448631,75.75501788584174,1.1995487730872112,25466990.0,0.016402193708934837,1.0765800201475264,0.040597756200067,0.9790302590381827,-0.8088036252408282,0.0,1.0,0.0
2023-11-16,TSLA,239.4900054931641,240.8800048828125,230.9600067138672,233.58999633789065,136816800,-3.8090924639652135,0.30395424675639937,224.56999969482422,216.7069999694824,240.32579986572264,225.67154326514384,227.2576138021922,-1.5860705370483572,-5.818339425362292,3.4464597517941002,3.344611707552708,240.0721229895121,193.3418769494527,0.2156379168492026,53.67267195599717,-9.003551618181094,131085000.0,0.0424675642127924,1.077907019020086,2.287179390936478,6.123998273248876,4.220830689495392,0.0,0.0,1.0
2023-11-17,AAPL,187.9584954748911,188.08693448765237,186.29873780998344,187.40524291992188,50922700,-0.010534813569618162,0.9278289239597726,182.91441802978517,176.4033004760742,174.5792694091797,181.97283818659747,178.32748813637818,3.6453500502192924,2.196654103762209,0.9635406167650492,1.200257200776917,191.4075395515521,161.3990614005963,0.17011290644772195,71.17874284718508,-6.414287788373718,56647050.0,0.009541871133418773,1.062368121311539,0.9042132047166085,0.30407599271295993,1.4285871885901136,1.0,0.0,0.0
2023-11-17,MSFT,365.80064944827456,366.5447732050072,359.32882848725313,362.1192626953125,40157000,-1.6800832037417779,2.0521705684277025,358.1636688232422,344.25471954345704,328.5256915283203,354.9484221080453,343.85986886321786,11.088553244827438,9.422361631765634,1.2746319108320854,1.5608657691832566,376.25996935212106,312.249469734793,0.18593935241386766,67.61212452237335,47.73216394492004,27118920.0,0.01992698390039953,1.0518933863144913,1.7583254441681406,0.040597756200067,0.9790302590381827,0.0,1.0,0.0
2023-11-17,TSLA,232.0,237.38999938964844,226.5399932861328,234.3000030517578,142532800,0.30395424675639937,0.5548455120893081,226.00399932861328,217.8224998474121,240.04179992675782,226.9989986169306,227.77927226512298,-0.7802736481923773,-4.810726269928309,3.4490253927848378,3.2071251828510308,242.34119109041217,193.30380860441204,0.22512542331646887,54.069699893999946,4.177849503862108,133384800.0,0.04630817738879335,1.0756464700198025,-3.8090924639652135,2.287179390936478,6.123998273248876,0.0,0.0,1.0
2023-11-20,AAPL,187.6028350817968,189.59850904887813,187.592960955599,189.14404296875,46505100,0.9278289239597726,-0.42308876336910606,184.1449996948242,177.32593307495117,174.82282012939453,183.07610046077477,179.12871442025758,3.9473860405171877,2.546800491113205,0.9330439184380411,1.200206781134135,193.1008615152803,161.55100463462205,0.17792015151739207,73.31258794929556,-8.67510952875633,54913430.0,0.010603284469342075,1.066646258045086,-0.010534813569618162,0.9042132047166085,0.30407599271295993,1.0,0.0,0.0
2023-11-20,MSFT,363.4605799020616,370.950669899153,363.2451772540551,369.5505676269531,52465100,2.0521705684277025,-1.1577916158419632,360.2816680908203,346.64308166503906,329.3125811767578,357.1949060340311,345.7628835864575,11.432022447573559,9.82429379492722,1.3589379729334308,1.5921933188473185,378.71676973874145,314.5693935913367,0.18505309795679215,71.56513018994175,30.649948950369787,29982600.0,0.02085098311329433,1.0660837823500817,-1.6800832037417779,1.7583254441681406,0.040597756200067,0.0,1.0,0.0
2023-11-20,TSLA,234.0399932861328,237.1000061035156,231.0200042724609,235.6000061035156,116320100,0.5548455120893081,2.376906069461704,227.63699951171876,218.99850006103514,239.2822003173828,228.32223053794368,228.3585858827817,-0.036355344838028714,-3.855852084910253,3.431914816066892,3.2049001592248265,244.59020702966717,193.40679309240312,0.23371581961976529,54.832959104940954,-18.390644118406428,133283230.0,0.025806458716233296,1.0758064828656524,0.30395424675639937,-3.8090924639652135,2.287179390936478,0.0,0.0,1.0
2023-11-21,AAPL,189.10452557023848,189.21320125507725,187.45464204586924,188.3437957763672,38134500,-0.42308876336910606,0.35143765050169584,185.04000701904297,178.18684921264648,175.11074920654298,183.88651512471205,179.81131303922865,4.075202085483397,2.852480809987244,0.949468189958895,1.2175739248721635,194.409989322638,161.96370910265495,0.18209132920500765,70.7175922959317,-17.999316204029235,51673880.0,0.009336963832331742,1.0570016620676619,0.9278289239597726,-0.010534813569618162,0.9042132047166085,1.0,0.0,0.0
2023-11-21,MSFT,367.8176018281633,368.35609354646346,363.36268990163154,365.2719421386719,28423100,-1.1577916158419632,1.2812686128290007,361.58095397949216,348.7583969116211,330.13447509765626,358.43752697320656,347.20799903476967,11.229527938436888,10.105340623629154,1.4498722169425866,1.6449431272940924,379.8214867407146,317.6953070825276,0.1781352942562423,66.53026222066114,-45.82474826122508,30241520.0,0.013670372861368636,1.047349527275283,2.0521705684277025,-1.6800832037417779,1.7583254441681406,0.0,1.0,0.0
2023-11-21,TSLA,235.0399932861328,243.6199951171875,233.33999633789065,241.1999969482422,122288000,2.376906069461704,-2.8980059381488954,229.53899993896485,220.2324996948242,238.75660003662108,230.3034253702973,229.30980151726027,0.993623853037036,-2.8859568973207956,3.4665943730131135,3.212579042693553,247.63688613658482,192.8281132530636,0.2488677781865512,58.06569239886881,5.130583622263041,133822020.0,0.04262022765076061,1.0952061901965995,0.5548455120893081,0.30395424675639937,-3.8090924639652135,0.0,0.0,1.0
2023-11-22,AAPL,189.1835465620032,190.60618938615343,188.53149251239265,189.00570678710935,39617700,0.35143765050169584,-0.7004299296389127,185.89563903808593,179.19629821777343,175.45315856933593,184.67408307277316,180.49237924277537,4.181703829997787,3.1183254139893526,0.9497530850966613,1.1394290305475534,195.47688105701883,162.91571537852803,0.18170668703725065,71.61263407932952,3.889391495889538,50701620.0,0.010976900692727047,1.0547411339793122,-0.42308876336910606,0.9278289239597726,-0.010534813569618162,1.0,0.0,0.0
2023-11-22,MSFT,370.0989155578587,371.8515087359404,367.13225084262217,369.9520568847656,23345300,1.2812686128290007,-0.1111643725610123,363.0873687744141,350.612321472168,330.9661346435547,360.2089931134464,348.8927440606953,11.316249052751118,10.347522309453547,1.4749984160777825,1.5514614466880146,382.1065197525837,319.11812319175226,0.17965254699650238,69.0917808250028,-17.86504638832499,29899270.0,0.012756403986660912,1.0551598852299116,-1.1577916158419632,2.0521705684277025,-1.6800832037417779,0.0,1.0,0.0
2023-11-22,TSLA,242.0399932861328,244.00999450683597,231.3999938964844,234.2100067138672,117950600,-2.8980059381488954,0.529435207219775,230.7490005493164,221.3220001220703,238.01480041503908,230.9044378846927,229.6727796799719,1.2316582047207874,-2.062433876912479,3.663187666402097,3.260936385017964,249.14795234369467,193.49604790044594,0.25145220272975066,52.969476125336065,-3.5468729556456857,134958600.0,0.05384057149085486,1.058231927168056,2.376906069461704,0.5548455120893081,0.30395424675639937,0.0,0.0,1.0
2023-11-24,AAPL,188.57100791556655,188.60064536615056,186.970525284031,187.68185424804688,24048300,-0.7004299296389127,-0.09476485940799195,186.66624603271484,180.3472457885742,175.73889923095703,185.13681709973832,181.02493294686957,4.111884152868754,3.317037161765233,0.9961638835332917,0.9440512601938822,195.51864559229918,165.17584598484925,0.16824653725525474,67.18918921994329,-39.2991011593303,47730100.0,0.00868554974933878,1.0406693677377874,0.35143765050169584,-0.42308876336910606,0.9278289239597726,1.0,0.0,0.0
2023-11-24,MSFT,369.44288626548433,370.0695230751344,367.2986899991627,369.5408020019531,10176600,-0.1111643725610123,0.31265708726972985,364.79790649414065,353.07005767822267,331.73797607421875,361.64465601937053,350.4222298341218,11.222426185248707,10.52250308461258,1.4370995810032816,1.193664396529972,382.2168864256576,323.92322893078773,0.16510507256890344,68.59498626941912,-56.40835628584768,28432200.0,0.007498043682756908,1.0466500740165892,1.2812686128290007,-1.1577916158419632,2.0521705684277025,0.0,1.0,0.0
2023-11-24,TSLA,233.75,238.75,232.3300018310547,235.4499969482422,65125200,0.529435207219775,0.26757481035388775,233.2960006713867,222.80650024414064,237.20300018310547,231.6037546637003,230.1007216998438,1.5030329638564979,-1.3493405087586838,2.9914612377634966,3.144433349985298,250.302707233254,195.31029325502726,0.24681691924593183,53.745031847936595,-44.786037544531354,127260070.0,0.027266928231715327,1.0567465342808555,-2.8980059381488954,2.376906069461704,0.5548455120893081,0.0,0.0,1.0
2023-11-27,AAPL,187.63243679384848,188.3734031425855,186.6247183385664,187.5039978027344,40552600,-0.09476485940799195,0.3214124178016142,187.00115661621095,181.42368698120117,176.03548797607422,185.5009987463531,181.5048636769336,3.996135069419495,3.4528567432960857,0.7465720224936578,0.9582229271149767,195.3013642831599,167.54600967924245,0.15298638819303356,66.59404659794497,68.62979919578515,45172020.0,0.009326120106830014,1.0335144264936214,-0.7004299296389127,0.35143765050169584,-0.42308876336910606,1.0,0.0,0.0
2023-11-27,MSFT,368.904461712827,372.68379469499627,368.336598145399,370.6961975097656,22179200,0.31265708726972985,1.0802526687101466,365.7465423583984,355.4917617797852,332.6986450195312,363.03720086404667,351.92400521750284,11.11319564654383,10.64064159699883,1.2526186099547763,1.1968732292244153,381.76787545270724,329.2156481068631,0.14782966300748882,69.26364888141845,117.9431244226952,27845910.0,0.011727113951533641,1.042770149310518,-0.1111643725610123,1.2812686128290007,-1.1577916158419632,0.0,1.0,0.0
2023-11-27,TSLA,236.88999938964844,238.3300018310547,232.1000061035156,236.0800018310547,112031800,0.26757481035388775,4.506946504203557,235.43900146484376,224.24550018310546,236.4367999267578,232.2924080740625,230.54363133919276,1.7487767348697503,-0.729717060032997,2.980379746461841,3.146067849821226,251.3341135103143,197.15688685589663,0.24159783188594547,54.15865125834436,72.02526825253513,125363850.0,0.02638934123694834,1.0527747564088727,0.529435207219775,-2.8980059381488954,2.376906069461704,0.0,0.0,1.0
2023-11-28,AAPL,187.4941315522009,188.77847629228077,187.1187037624085,188.10665893554688,38415400,0.3214124178016142,-0.5409661675707778,187.55440979003907,182.4281433105469,176.28572052001954,185.9018695446906,181.993885547942,3.9079839967486123,3.543882193986591,0.6508160406544046,0.949056636334545,195.0735971341331,169.78268948696066,0.13863490132725745,67.64001420446141,-5.27019229346577,44650810.0,0.00882357136777905,1.0311274100692538,-0.09476485940799195,-0.7004299296389127,0.35143765050169584,1.0,0.0,0.0
2023-11-28,MSFT,370.4415726583984,374.994370396148,370.25554172918464,374.7006530761719,20453100,1.0802526687101466,-1.006003245917908,367.3877716064453,357.74727325439454,333.7620733642578,364.83157812745054,353.611164318145,11.220413809305569,10.756596039460177,1.2142710023740109,1.1433019111392917,382.3532962893507,333.1412502194384,0.13756092568430991,71.52645373100238,-7.782516952820662,27892570.0,0.012646971997670897,1.047389263564622,0.31265708726972985,-0.1111643725610123,1.2812686128290007,0.0,1.0,0.0
2023-11-28,TSLA,236.67999267578125,247.0,234.00999450683597,246.72000122070312,148549900,4.506946504203557,-1.0457205813430348,237.74000091552733,226.71350021362304,236.06559997558594,234.5120377889303,231.7418809600454,2.7701568288848932,-0.029742282249418994,3.0159415870961475,2.9739684888094677,252.44887109560352,200.97812933164255,0.22702989330349607,60.571298760954434,32.596191438502274,126174080.0,0.05265080021438488,1.0882457418205302,0.26757481035388775,0.529435207219775,-2.8980059381488954,0.0,0.0,1.0
2023-11-29,AAPL,188.60063575450744,189.77630481775705,186.69388951411068,187.0890655517578,43014200,-0.5409661675707778,0.30628650731838736,187.74508056640624,183.3580421447754,176.49389373779297,186.08451508423943,182.3713062889654,3.713208795274028,3.577747514244079,0.5638258479953115,0.9795736816161497,194.31008217742485,172.40600211212595,0.11946070000029739,63.99637383809171,11.971240700344143,42941390.0,0.016475657166578915,1.0203482943171724,0.3214124178016142,-0.09476485940799195,-0.7004299296389127,1.0,0.0,0.0
2023-11-29,MSFT,375.7385254123956,376.26721663239306,369.5506210654893,370.93115234375,28963400,-1.006003245917908,0.015821076866573414,368.3012756347656,359.77522430419924,334.75812377929685,365.7699741607274,354.89412639411574,10.875847766611628,10.780446384890467,1.2796728359201448,1.1993281196848273,381.3845903038391,338.1658583045594,0.12012703788278976,66.55907678033223,41.60885146994833,28020520.0,0.01810739142416208,1.0310080497097214,1.0802526687101466,0.31265708726972985,-0.1111643725610123,0.0,1.0,0.0
2023-11-29,TSLA,249.2100067138672,252.75,242.75999450683597,244.13999938964844,135401300,-1.0457205813430348,-1.6629792613843564,238.41300048828126,228.87850036621094,235.61839996337892,235.99326265057923,232.66026010297895,3.333002547600273,0.6428066837205195,2.472105989833426,3.010295345019803,252.66026870853375,205.09673202388814,0.20781129118087913,58.436640701350676,-8.851301818446188,124737050.0,0.04091916735536623,1.066679478408932,4.506946504203557,0.26757481035388775,0.529435207219775,0.0,0.0,1.0
2023-11-30,AAPL,187.55341843722024,188.02764780463457,185.92329832736,187.6620941162109,48794400,0.30628650731838736,0.6791410713215873,187.9367446899414,184.1587242126465,176.78417205810547,186.32721955069658,182.763216498391,3.564003052305594,3.5749986218563823,0.5639134667917893,0.927672906546159,193.76505604417454,174.55239238111844,0.10432665487447344,65.13532249582384,13.437887953280537,42441780.0,0.01121350311678527,1.019023643427933,-0.5409661675707778,0.3214124178016142,-0.09476485940799195,1.0,0.0,0.0
2023-11-30,MSFT,370.57860354905085,372.14516552640623,367.6217398530599,370.9898376464844,30554400,0.015821076866573414,-1.1612133167223204,369.2059600830078,361.41721496582034,335.9093414306641,366.57303008161307,356.08640130169863,10.48662877991444,10.721682863895262,1.2801623245434242,1.1300001411516931,381.0038803292327,341.830549602408,0.10838811518850693,66.59796906885738,5.493139617586329,28389950.0,0.012192856014715625,1.0264863495270122,-1.006003245917908,1.0802526687101466,0.31265708726972985,0.0,1.0,0.0
2023-11-30,TSLA,245.13999938964844,245.22000122070312,236.91000366210935,240.0800018310547,132353200,-1.6629792613843564,-0.5206597761023168,238.13700103759766,230.5995002746582,235.1682000732422,236.62199175526774,233.20987060135494,3.412121153912807,1.196669577758977,2.435941133730374,3.0493750502342403,252.18705825672686,209.01194229258954,0.1872298765292774,55.143243009071696,-2.25116007010272,122936970.0,0.03461345174614568,1.0411124115408084,-1.0457205813430348,4.506946504203557,0.26757481035388775,0.0,0.0,1.0
2023-12-01,AAPL,188.03754149609296,189.25272234216075,186.9507845931041,188.93658447265625,45704800,0.6791410713215873,-0.94647552266377,188.08790435791016,184.8455337524414,177.13072418212892,186.72866030792113,183.22050301500323,3.5081572929179003,3.5616303560686857,0.5320222084393198,0.8487614788144866,193.68896449024015,176.00210301464267,0.09568454869612925,67.59098511599586,-6.331874149492567,41570970.0,0.012183652813887981,1.0221322670727542,0.30628650731838736,-0.5409661675707778,0.3214124178016142,1.0,0.0,0.0
2023-12-01,MSFT,368.8848238631299,370.2555545365773,363.5487299547205,366.6818542480469,33040500,-1.1612133167223204,-1.4338728257022204,369.0434326171875,362.7338836669922,336.99863098144533,366.5897722610644,356.8712496680948,9.718522592969634,10.521050809710138,1.2310784471627916,1.1860469931035034,379.7257111086304,345.742056225354,0.0936875665976522,60.99038290804898,8.13663498546855,28975770.0,0.0182905821604138,1.010883931054754,0.015821076866573414,-1.006003245917908,1.0802526687101466,0.0,1.0,0.0
2023-12-01,TSLA,233.13999938964844,240.19000244140625,231.8999938964844,238.8300018310547,121331700,-0.5206597761023168,-1.360800559009756,238.66100158691407,231.61550064086913,234.83080017089844,236.96168561308113,233.62617661836973,3.335508994711404,1.6244374611494625,2.072599760237157,2.7789138417097905,252.71450288475393,210.51649839698433,0.1821898982192889,54.131711038693396,-8.327339270980982,121388460.0,0.034710917729616285,1.0311486112553925,-1.6629792613843564,-1.0457205813430348,4.506946504203557,0.0,0.0,1.0
2023-12-04,AAPL,187.69172432124148,187.7608884211111,185.19219887595256,187.1483459472656,43389500,-0.94647552266377,2.1063103864882082,188.06221466064454,185.48831634521486,177.42454132080078,186.79322732935876,183.51145434331895,3.2817729860398117,3.505658882062911,0.6243521895498552,0.8775749327417399,192.84618930927687,178.13044338115284,0.07933516362689036,61.08935628391382,-5.065769897253681,40817650.0,0.01372541943748918,1.008949510323665,0.6791410713215873,0.30628650731838736,-0.5409661675707778,1.0,0.0,0.0
2023-12-04,MSFT,361.3849305128498,361.79613477265366,355.3145134346435,361.4241027832031,32063300,-1.4338728257022204,0.9156351627882531,368.9739166259766,363.56879272460935,338.03201171875,365.795053879855,357.2084980469917,8.586555832863326,10.134151814340775,1.1965532815230326,1.231738132527998,378.3294646224483,348.8081208267704,0.08119878379671411,54.913198362172764,-2.957582361041755,28166400.0,0.01793356139808441,0.9941010065101193,-1.1612133167223204,0.015821076866573414,-1.006003245917908,0.0,1.0,0.0
2023-12-04,TSLA,235.75,239.3699951171875,233.2899932861328,235.5800018310547,104099800,-1.360800559009756,1.3328802806870987,238.78900146484375,232.39650039672853,234.64480010986327,236.74911887738475,233.77090441190194,2.9782144654828073,1.8951928620161316,2.132980532078045,2.8086672092390277,252.82462869879475,211.9683720946623,0.17580409573459993,51.48720445056903,-14.202306569511514,117545160.0,0.025808650071303327,1.0136985773404141,-0.5206597761023168,-1.6629792613843564,-1.0457205813430348,0.0,0.0,1.0
2023-12-05,AAPL,187.9189436108549,192.05846275973383,187.8892910892655,191.09027099609372,66628400,2.1063103864882082,-0.5686923214758277,188.2568374633789,186.20091857910157,177.77174072265626,187.4543109703949,184.07284816945042,3.3814628009444903,3.480819665839227,0.8802354270399649,0.9304823742092256,192.74725059667625,179.65458656152688,0.07031471238197659,68.32283627613492,53.558810311250426,42829980.0,0.021817812328883853,1.0262584763507225,-0.94647552266377,0.6791410713215873,0.30628650731838736,1.0,0.0,0.0
2023-12-05,MSFT,358.7903292029664,365.2817212233485,357.9776614584204,364.7334289550781,23065000,0.9156351627882531,-0.998612317947789,368.49220275878906,364.3869354248047,339.1212219238281,365.63172696835085,357.7659003364796,7.8658266318712435,9.68048677784687,1.0194989652257647,1.2272152555107674,377.29879223743745,351.4750786121719,0.07086893385779625,57.76572871508234,-28.064173057670295,25226390.0,0.02002574808087488,1.000950894493156,-1.4338728257022204,-1.1612133167223204,0.015821076866573414,0.0,1.0,0.0
2023-12-05,TSLA,233.8699951171875,246.66000366210935,233.6999969482422,238.72000122070312,137971100,1.3328802806870987,0.2722829646282676,239.1010009765625,233.36900024414064,234.47940002441408,237.05233154558755,234.13750417551682,2.914827370070725,2.0991197636270504,2.1663669872451905,2.8113649198644812,253.00238570040688,213.7356147878744,0.16826044106737942,53.83384972518373,32.53733436567601,119710260.0,0.05428957208275682,1.0229293563882285,-1.360800559009756,-0.5206597761023168,-1.6629792613843564,0.0,0.0,1.0
2023-12-06,AAPL,192.10788966712872,192.4141533735728,189.79607806848605,190.0035552978516,41089700,-0.5686923214758277,1.0139275604953424,188.42281341552734,186.73141021728514,178.178505859375,187.84650240538826,184.51215980859126,3.3343425967970006,3.451524252030782,0.8910949142815509,0.9194636239671734,192.6439730983601,180.81884733621018,0.06332692367283,64.74923751269819,-38.330051449532036,43125500.0,0.013779085875433285,1.0175232708667432,2.1063103864882082,-0.94647552266377,0.6791410713215873,1.0,0.0,0.0
2023-12-06,MSFT,365.7320986020271,366.35870548187097,360.33726166675575,361.0911560058594,21182100,-0.998612317947789,0.5829752367156438,368.0741241455078,364.8275390625,340.243115234375,364.933177589506,358.0122155712485,6.920962018257512,9.128581825928999,1.0027112243807306,1.2382803983889776,376.54599653769145,353.1090815873086,0.06424107952653155,53.7361038452465,-8.163451116410148,24502290.0,0.016675688991445448,0.9897584950241365,0.9156351627882531,-1.4338728257022204,-1.1612133167223204,0.0,1.0,0.0
2023-12-06,TSLA,242.9199981689453,246.57000732421875,239.1699981689453,239.3699951171875,126436200,0.2722829646282676,1.366087788429815,238.91800079345703,234.22850036621094,234.38440002441405,237.40889517198755,234.52509609712206,2.883799074865493,2.256055625874739,2.0238021927117464,2.8041914635259557,253.29638411795608,215.1606166144658,0.16281437760078676,54.32636658741501,-8.360374020356442,120125080.0,0.030914522731433577,1.0219507649279995,1.3328802806870987,-1.360800559009756,-0.5206597761023168,0.0,0.0,1.0
2023-12-07,AAPL,191.29776300970337,192.6512567588297,191.25823636118903,191.9300537109375,47477700,1.0139275604953424,0.7412511424411905,188.71524810791016,187.30544357299806,178.65399353027342,188.47474106778046,185.06163343098729,3.413107636793171,3.44384092898326,0.9360732223622314,0.9315337604312284,192.86893711180187,181.74195003419425,0.059405572338697844,67.94967761027297,15.546475150706861,43911500.0,0.007257958671437004,1.0246902068072417,-0.5686923214758277,2.1063103864882082,-0.94647552266377,1.0,0.0,0.0
2023-12-07,MSFT,360.5330816435184,363.6857767752552,358.66300184093467,363.19622802734375,23118900,0.5829752367156438,0.8842375240038614,367.39854125976564,365.24295501708986,341.3944073486328,364.66595457994254,358.39621649392217,6.269738086020368,8.556813077947272,0.9155424947364227,1.2346929703719975,376.0298299551665,354.4560800790132,0.05906684736778533,55.66122134521907,9.143569334485257,24479650.0,0.01382936976411103,0.9943962588144915,-0.998612317947789,0.9156351627882531,-1.4338728257022204,0.0,1.0,0.0
2023-12-07,TSLA,241.5500030517578,244.0800018310547,236.97999572753903,242.63999938964844,107142300,1.366087788429815,0.49455858525417895,239.76100006103516,235.25500030517577,234.42720001220704,238.21368043624307,235.1262000447166,3.0874803915264692,2.422340579005085,1.7952191854730546,2.810003821102776,253.77864745743955,216.731353152912,0.15747718117136442,56.82201574548909,-15.259791104129983,119044250.0,0.029261482531220923,1.0313914648993336,0.2722829646282676,1.3328802806870987,-1.360800559009756,0.0,0.0,1.0
2023-12-08,AAPL,191.86091528323507,193.629363703371,191.33730018286,193.3527374267578,53406400,0.7412511424411905,-1.2927527104978576,189.28233642578124,187.97429122924805,179.15280456542968,189.22520204608466,185.67578928252584,3.54941276355882,3.4649552958983723,0.8995529071231478,0.9259214028557893,193.01982914054918,182.92875331794693,0.05368327634918683,70.10801962252867,12.487336159923501,46847310.0,0.011854311198357134,1.028612669117344,1.0139275604953424,-0.5686923214758277,2.1063103864882082,1.0,0.0,0.0
2023-12-08,MSFT,361.4828850941495,366.6329187107603,360.533159123913,366.4077453613281,20154400,0.8842375240038614,-0.7829542273489865,367.0852355957031,365.9415710449219,342.5933184814453,364.9339223924634,358.989663076693,5.94425931577041,8.034302325511899,0.9760148527510911,1.2302677313301942,374.888864740238,356.9942773496058,0.04890012178593259,58.49852956735579,-12.822841917219241,25477430.0,0.016647463554112688,1.0012739036865232,0.5829752367156438,-0.998612317947789,0.9156351627882531,0.0,1.0,0.0
2023-12-08,TSLA,240.2700042724609,245.2700042724609,239.2700042724609,243.83999633789065,103126800,0.49455858525417895,-1.681426716823431,240.6,236.94800033569337,234.3763998413086,239.079267498035,235.77166643680357,3.3076010612314235,2.599392675450353,1.7949056500615845,2.4381760054662207,251.5110932805172,222.38490739086953,0.12292226922524555,57.73469562317521,-3.7478194886613414,122844410.0,0.024606299582147963,1.0290865337223067,1.366087788429815,0.2722829646282676,1.3328802806870987,0.0,0.0,1.0
2023-12-11,AAPL,190.7840156527889,191.1594434259829,189.11436907200368,190.8531646728516,60943700,-1.2927527104978576,0.7920207570456306,189.61725311279298,188.30920486450196,179.59136169433594,189.47565783481804,186.0592985706981,3.416359264119933,3.4552360895426846,1.0287230242157461,0.8748164353093474,193.17324389638395,183.44516583261998,0.05166013032004367,62.18459748679097,14.113102549507172,48886420.0,0.010715433288647531,1.013509481972377,0.7412511424411905,1.0139275604953424,-0.5686923214758277,1.0,0.0,0.0
2023-12-11,MSFT,360.77790780370736,363.8326876484096,358.44765064841334,363.5389404296875,27708800,-0.7829542273489865,0.8295191146334036,366.3695098876953,366.0580261230469,343.69361877441406,364.71930978280557,359.3266465843222,5.392663198483376,7.505974500106195,0.9883540558950418,1.1229025409619582,374.80438073211195,357.3116715139818,0.0477867113129494,55.10619522631615,37.48263406501806,26030390.0,0.014812820309239434,0.9931183432308827,0.8842375240038614,0.5829752367156438,-0.998612317947789,0.0,1.0,0.0
2023-12-11,TSLA,242.7400054931641,243.44000244140625,237.4499969482422,239.7400054931641,97913900,-1.681426716823431,-1.1387381846063915,240.96600036621095,238.20250091552734,234.16679992675782,239.18091949728563,236.06561747801547,3.1153020192701604,2.7025745442143148,1.9088610082307942,2.472439428138766,248.32299839766483,228.08200343338984,0.08497389778226115,53.56838101336575,-5.054845103309713,121432620.0,0.024985423191436693,1.0064546113988198,0.49455858525417895,1.366087788429815,0.2722829646282676,0.0,0.0,1.0
2023-12-12,AAPL,190.75438957156285,192.3746354774224,189.41076991243543,192.36476135253903,52696900,0.7920207570456306,1.6691524910689148,190.04306335449218,188.79873657226562,180.01002990722657,189.9201352990828,186.5263698878715,3.393765411211291,3.442941953876406,1.046424298452141,0.848928534622904,193.17915367119312,184.41831947333813,0.04640303402931749,64.77713252284545,-13.531833479096278,50314570.0,0.015407528614636542,1.0188879695119595,-1.2927527104978576,0.7412511424411905,1.0139275604953424,1.0,0.0,0.0
2023-12-12,MSFT,363.0983520859286,366.59373770012405,362.7164896784692,366.5545654296875,24838300,0.8295191146334036,-0.002664166790167233,365.5549011230469,366.4713363647461,344.7360028076172,365.0016568054028,359.8620479802752,5.1396088251275955,7.0327013651104755,0.9551612457460614,1.1176127795056252,374.41629513392877,358.5263775955634,0.04335923703061524,57.871784977543086,-10.35952477191362,26468910.0,0.010577546666510102,1.000227109344395,-0.7829542273489865,0.8842375240038614,0.5829752367156438,0.0,1.0,0.0
2023-12-12,TSLA,238.5500030517578,238.9900054931641,233.8699951171875,237.00999450683597,95328300,-1.1387381846063915,0.9619842336358042,239.99499969482423,238.86750030517578,233.87499969482423,238.84693103721645,236.13557133200217,2.711359705214278,2.7043315764143077,1.179048036567601,2.3445328712319107,246.39375510446604,231.34124550588552,0.06301614735930804,50.932785263684266,-2.640687379422124,116110460.0,0.021602508310378098,0.992223698092178,-1.681426716823431,0.49455858525417895,1.366087788429815,0.0,0.0,1.0
2023-12-13,AAPL,192.740180817866,195.61513413450965,192.50308121236984,195.57562255859372,70404200,1.6691524910689148,0.0757651176805485,190.89171905517577,189.31839981079102,180.51955474853514,190.79021026208449,187.1966849005176,3.59352536156689,3.4730586354145028,1.0978636198157836,0.8677787170609484,194.3150354545704,184.32176416701165,0.05278552585245933,69.552224702605,33.602166351341346,53053570.0,0.015912274144531745,1.0330513185937358,0.7920207570456306,-1.2927527104978576,0.7412511424411905,1.0,0.0,0.0
2023-12-13,MSFT,368.1603050277397,369.74646839477913,363.0200421218617,366.5447998046875,30955500,-0.002664166790167233,-2.2544613494031474,365.11626586914065,366.7087707519531,345.9425415039062,365.2390634206774,360.35706663393535,4.881996786742036,6.602560449436789,0.9147328107780104,1.099308719881551,374.34320010128096,359.0743414026253,0.04163756069249767,57.8593546572138,24.628094515325127,26668120.0,0.018350898107138833,0.9995528578524877,0.8295191146334036,-0.7829542273489865,0.8842375240038614,0.0,1.0,0.0
2023-12-13,TSLA,234.19000244140625,240.3000030517578,228.1999969482422,239.2899932861328,146286300,0.9619842336358042,4.914543063053567,239.50999908447267,238.96149978637695,233.73019958496093,238.91509446012665,236.36923221749333,2.5458622426333193,2.67263770965811,1.2258360982694514,1.9164284496877029,246.45801005517362,231.46498951758028,0.06274241060169343,53.012058667286766,53.45526984116993,117198960.0,0.05056628544030653,1.0013746712338578,-1.1387381846063915,-1.681426716823431,0.49455858525417895,0.0,0.0,1.0
2023-12-14,AAPL,195.6348883112765,197.2156075489979,193.7972910796132,195.7238006591797,66831600,0.0757651176805485,-0.2725666379900793,191.69788970947266,189.81731719970702,181.00717895507813,191.5492241693299,187.82832310486293,3.7209010644669718,3.522627121224997,1.1036219524710735,0.8689043142245535,195.28251977002557,184.35211462938847,0.057583814279374805,69.75599623354185,-5.074413174214043,54857290.0,0.017465001486135726,1.0311166733710522,1.6691524910689148,0.7920207570456306,-1.2927527104978576,1.0,0.0,0.0
2023-12-14,MSFT,365.5069342628608,365.9475401487158,356.5188251808004,358.2811889648437,43277500,-2.2544613494031474,1.3117199955912096,363.84540100097655,366.52568054199213,346.8749560546875,364.168621196703,360.2032979177064,3.965323278996607,6.075113015348753,1.1340622659011281,1.2162147622804487,374.79092149226005,358.2604395917242,0.04510047393157212,48.38808185061104,39.80552728917317,27940430.0,0.026316522492171972,0.9775063740009784,-0.002664166790167233,0.8295191146334036,-0.7829542273489865,0.0,1.0,0.0
2023-12-14,TSLA,241.22000122070312,253.8800048828125,240.7899932861328,251.0500030517578,160829200,4.914543063053567,0.9758999874367902,240.60699920654298,239.37200012207032,233.5279995727539,240.78200347422376,237.45669672373515,3.3253067504886076,2.8031715178242096,1.9187033761797472,2.1528300472261286,248.48714517889758,230.25685506524306,0.07615882435856235,61.96492700132951,9.941395742458447,120046560.0,0.05214105332626098,1.0487860022213633,0.9619842336358042,-1.1387381846063915,-1.681426716823431,0.0,0.0,1.0
2023-12-15,AAPL,195.1507962246044,196.01031245444227,194.62718115642724,195.19032287597656,128538400,-0.2725666379900793,-0.8503287955207606,192.3232635498047,190.20558395385743,181.45946716308595,192.10939320112172,188.37365642124172,3.73573677988,3.5652490529559975,1.1203674657579101,0.8632052474310407,196.04566352160546,184.3655043861094,0.061408076948622055,67.99174223687604,92.331771198056,63140650.0,0.007086064911598452,1.0262071113712854,0.0757651176805485,1.6691524910689148,0.7920207570456306,1.0,0.0,0.0
2023-12-15,MSFT,359.1819317961551,364.6159110894826,358.6238390376856,362.9808349609375,78502300,1.3117199955912096,0.5179013962823387,363.4752990722656,366.2593658447266,347.89354736328124,363.98588485273905,360.4090414023902,3.5768434503488606,5.575459102348775,1.2031307492928283,1.185087072120268,374.62554323250396,357.8931884569492,0.0456844420536903,53.09103432530054,81.39287158454162,32486610.0,0.016507957100384718,0.9910486087468983,-2.2544613494031474,-0.002664166790167233,0.8295191146334036,0.0,1.0,0.0
2023-12-15,TSLA,251.2100067138672,254.1300048828125,248.3000030517578,253.5,135932800,0.9758999874367902,-0.5601570686174839,242.0739990234375,240.36750030517578,233.39699981689452,242.73861832434318,238.64508955901402,4.093528765329154,3.0612429673251986,1.8915340161324794,1.9406443329050544,251.03970996324543,229.69529064710613,0.08879910673880603,63.52420341367728,-15.480024771621071,121506670.0,0.02299803483650764,1.0546350886794218,4.914543063053567,0.9619842336358042,-1.1387381846063915,0.0,0.0,1.0
2023-12-18,AAPL,193.7281513997374,194.2616557044012,192.04863040265064,193.5305633544922,55751900,-0.8503287955207606,0.5360153443696003,192.96148529052735,190.51184997558593,181.8276495361328,192.32803476317872,188.75564952740842,3.572385235770298,3.566676289518858,1.1085288665471342,0.8941982862105438,196.37598925438934,184.64771069678253,0.06156193727114503,62.68016828508039,-56.62626888151712,64376890.0,0.011435017102166566,1.0158452788070302,-0.2725666379900793,0.0757651176805485,1.6691524910689148,1.0,0.0,0.0
2023-12-18,MSFT,361.7276233545495,365.2034079122954,360.97369907312446,364.8607177734375,21802900,0.5179013962823387,0.16367848256522155,363.81896057128904,366.3964385986328,348.79535217285155,364.1204745328465,360.73879520765297,3.381679325193545,5.136703146917729,1.1170021206868435,1.1280835848219857,374.5644941288852,358.2283830683804,0.04458588932519644,54.86279700255053,-72.2264188437791,31460570.0,0.011592667100428725,0.9958085814614656,1.3117199955912096,-2.2544613494031474,-0.002664166790167233,0.0,1.0,0.0
2023-12-18,TSLA,253.77999877929688,258.739990234375,251.3600006103516,252.0800018310547,116416500,-0.5601570686174839,2.03903496997484,243.7239990234375,241.25650024414062,233.22799987792968,244.17575424845262,239.64026824583186,4.5354860026207575,3.356091574384311,1.8140271314293186,1.9531181454877615,252.73249836769742,229.78050212058383,0.0951352449525182,61.9392670084361,-14.357314790837828,122738340.0,0.0292763788099681,1.0448630464918507,0.9758999874367902,4.914543063053567,0.9619842336358042,0.0,0.0,1.0
2023-12-19,AAPL,193.7973129513213,194.5777909959987,193.53056080250687,194.5679168701172,40714100,0.5360153443696003,-1.0713969497623044,193.3092498779297,190.7830436706543,182.18697814941407,192.6726320104,189.18618784909057,3.4864441613094357,3.5506298638769738,0.9271184366162833,0.8807912923177618,196.8779678276158,184.6881195136928,0.0638937721056916,64.54447466176299,-26.972713037582572,61785460.0,0.005382337490876777,1.0198386246840503,-0.8503287955207606,-0.2725666379900793,0.0757651176805485,1.0,0.0,0.0
2023-12-19,MSFT,363.72489468578055,365.4579162597656,362.109389902321,365.4579162597656,20603700,0.16367848256522155,-0.7072542916371827,363.8914093017578,366.1918060302734,349.65907287597656,364.32623479852634,361.0883597300317,3.2378750684946453,4.756937531233112,1.0807399589226228,1.0254977729070223,374.2311982229667,358.1524138375801,0.043908094393726955,55.438609426571006,-5.500185755105969,31214440.0,0.009162549799754461,0.9979958869684618,0.5179013962823387,1.3117199955912096,-2.2544613494031474,0.0,1.0,0.0
2023-12-19,TSLA,253.47999572753903,258.3399963378906,253.00999450683597,257.2200012207031,106737400,2.03903496997484,-3.918825045959673,245.5739990234375,242.3375,233.17899963378906,246.1825614749527,240.94247068841491,5.240090786537792,3.7328914168150074,1.8549522303192156,1.9878279742572695,255.51670418848823,229.15829581151178,0.10876735287347793,65.31291937667278,-8.314199447672799,119614970.0,0.020721568329678003,1.061412291620996,-0.5601570686174839,0.9758999874367902,4.914543063053567,0.0,0.0,1.0
2023-12-20,AAPL,194.5283816611859,195.2989855460905,192.4833221435547,192.4833221435547,52242800,-1.0713969497623044,-0.07699816093859058,193.5572265625,190.99001998901366,182.51645599365236,192.64350741550072,189.4304200190509,3.213087396449822,3.483121370391544,0.9843510655295014,0.9141037123524545,197.01693697942426,184.96310299860306,0.06311237614151027,58.247467449741016,28.316234424928965,62900770.0,0.014628090221946022,1.0078187444277293,0.5360153443696003,-0.8503287955207606,-0.2725666379900793,1.0,0.0,0.0
2023-12-20,MSFT,367.1616523430076,368.1701218195888,362.7850842518913,362.8731994628906,26316700,-0.7072542916371827,0.7878557139407993,364.0696136474609,366.0718688964844,350.49904479980466,364.1026909007362,361.22057008061387,2.8821208201223385,4.381974189010958,1.05366223154913,1.0046337014886393,374.23959072124234,357.9041470717264,0.0446235972700081,52.32722927368833,27.72802943160695,31727900.0,0.014839998036967766,0.9912621818135436,0.16367848256522155,0.5179013962823387,1.3117199955912096,0.0,1.0,0.0
2023-12-20,TSLA,256.4100036621094,259.8399963378906,247.0,247.13999938964844,125097000,-3.918825045959673,2.9780693649462897,246.3509994506836,242.6345001220703,232.84939971923828,246.3298596156751,241.4015468885063,4.928312727168816,3.971975678885769,2.3781778124537727,2.159147000378157,255.97253568478766,229.29646455935296,0.1099434380189704,55.014260202294416,17.20071877336342,119481050.0,0.05195434316420264,1.018569079274841,2.03903496997484,-0.5601570686174839,0.9758999874367902,0.0,0.0,1.0
2023-12-21,AAPL,193.7380231930817,194.7062150802908,191.16933361068988,192.33511352539065,46482500,-0.07699816093859058,-0.5547457277240708,193.5977325439453,191.15649032592773,182.8151449584961,192.5960622016376,189.645582501002,2.9504797006356114,3.3765930364403576,0.9352359320892777,0.9132346517388026,197.13637309578866,185.1766075560668,0.06256531242716411,57.815593888233956,-11.026016982244446,62801250.0,0.018389161525277156,1.0061657503621946,-1.0713969497623044,0.5360153443696003,-0.8503287955207606,1.0,0.0,0.0
2023-12-21,MSFT,364.77259031859234,366.5839268091088,362.3052751851502,365.7321166992188,17708000,0.7878557139407993,0.27841402633941303,364.3232025146484,365.86087188720705,351.3174395751953,364.35337179281044,361.55475871902905,2.7986130737813824,4.065301965965043,1.0669925621294851,0.9764497190111336,373.82195693695337,357.89978683746074,0.043519740215349816,55.31453925724706,-32.71192816728541,31186810.0,0.011698867637258612,0.9996480760915369,-0.7072542916371827,0.16367848256522155,0.5179013962823387,0.0,1.0,0.0
2023-12-21,TSLA,251.8999938964844,254.8000030517578,248.5500030517578,254.5,109594200,2.9780693649462897,-0.7701401626197146,247.53699951171876,243.64899978637695,232.67959991455078,247.58680429018662,242.37180267454286,5.215001615643757,4.220580866237366,2.5062410566144098,2.122953640594555,257.3700859178848,229.9279136548691,0.11262994014781949,59.976711743359736,-12.392623324300345,119726240.0,0.02455795677799607,1.044535377625752,-3.918825045959673,2.03903496997484,-0.5601570686174839,0.0,0.0,1.0
2023-12-22,AAPL,192.8290987313997,193.0563392932213,190.6457260678158,191.2681427001953,37149600,-0.5547457277240708,-0.2840936967513641,193.38927307128907,191.33580474853517,183.0745376586914,192.3917668937234,189.76577214538668,2.6259947483367228,3.226473378819631,0.9145227501653436,0.907147987708047,197.08772044510175,185.58388905196858,0.06012377771244741,54.6728085067357,-20.078309041036945,61175570.0,0.01260331799835609,0.9996463701687784,-0.07699816093859058,-1.0713969497623044,0.5360153443696003,1.0,0.0,0.0
2023-12-22,MSFT,365.8691843460341,367.3378307474357,364.9194584779402,366.7503662109375,17107500,0.27841402633941303,0.02136852416390056,364.3574645996094,365.7213500976562,352.18082336425783,364.72214016482997,361.93961853324447,2.782521631585496,3.808745899089134,1.0325682326618584,0.9791062709908211,373.50675675588536,357.9359434394271,0.04257562024284471,56.36335349640155,-3.3911226564264707,30882120.0,0.006594055500150597,1.0028136615841718,0.7878557139407993,-0.7072542916371827,0.16367848256522155,0.0,1.0,0.0
2023-12-22,TSLA,256.760009765625,258.2200012207031,251.3699951171875,252.5399932861328,93370100,-0.7701401626197146,1.6116227819877649,248.40699920654296,244.50349960327148,232.5529998779297,248.34883336648605,243.1250019791051,5.2238313873809545,4.421230970466084,2.5386108395021223,2.139813170510189,258.2032628829454,230.80373632359758,0.11206189933398085,58.13745720311477,-14.80379436138044,118750570.0,0.027124440823732946,1.0328686243587566,2.9780693649462897,-3.918825045959673,2.03903496997484,0.0,0.0,1.0
2023-12-26,AAPL,191.27801448490152,191.5546407459069,190.5074106042434,190.72476196289065,28919300,-0.2840936967513641,0.05179474304957132,193.37643280029297,191.49684295654296,183.35976654052735,192.13530459667223,189.83680842816477,2.298496168507455,3.0408779367571963,0.8196140919438563,0.910254346114672,196.97067544603186,186.02301046705406,0.057168905815654564,53.09003376000464,-22.154478110127695,57973130.0,0.005490792757509193,0.9959681789958933,-0.5547457277240708,-0.07699816093859058,-1.0713969497623044,1.0,0.0,0.0
2023-12-26,MSFT,367.1616249726416,369.0610768362086,365.6929784727511,366.8287353515625,12673100,0.02136852416390056,-0.15749264324418366,364.6864440917969,365.5279769897461,353.1128039550781,365.0462317320196,362.30177533460136,2.744456397418219,3.595887998754951,0.994189612679128,0.9758500173549254,372.9780066910085,358.0779472884837,0.040763116205856854,56.448079204213975,-25.920794972965076,29378550.0,0.009181664463198468,1.003558574018133,0.27841402633941303,0.7878557139407993,-0.7072542916371827,0.0,1.0,0.0
2023-12-26,TSLA,254.4900054931641,257.9700012207031,252.91000366210935,256.6099853515625,86892400,1.6116227819877649,1.8822405072142834,250.0939971923828,245.52999877929688,232.6627996826172,249.61977982572859,244.12388963632415,5.4958901894044345,4.636162814253754,2.4536535349731,2.1573771186650643,259.642586384941,231.4174111736527,0.11495611677438844,60.824035890686105,-6.937659914683614,117648420.0,0.019718630791632864,1.045126813942704,-0.7701401626197146,2.9780693649462897,-3.918825045959673,0.0,0.0,1.0
2023-12-27,AAPL,190.17150836602556,191.16933772508392,188.78836199381533,190.82354736328125,48087700,0.05179474304957132,0.22261649223576097,193.2223114013672,191.6326873779297,183.64953643798827,191.93349579153517,189.90990020113637,2.0235955903987985,2.837421467485517,0.771794009026378,0.908627989149792,196.88253760551612,186.38283715034328,0.05479075933671893,53.35441551245205,66.28237889575475,57512210.0,0.012477368564665647,0.9957776513719045,-0.2840936967513641,-0.5547457277240708,-0.07699816093859058,1.0,0.0,0.0
2023-12-27,MSFT,365.8789452512751,367.2203040385082,365.0173346750331,366.2510070800781,14905400,-0.15749264324418366,0.3234729400025005,364.6560882568359,365.1054946899414,353.93727722167966,365.231581785567,362.5943110194515,2.6372707661155346,3.4041645522270683,0.9615818874413601,0.9390954712638264,371.2004267894399,359.0105625904429,0.033387238418170186,55.591173760943484,17.614474753611976,28385260.0,0.0060149168763743485,1.0031374832939985,0.02136852416390056,0.27841402633941303,0.7878557139407993,0.0,1.0,0.0
2023-12-27,TSLA,258.3500061035156,263.3399963378906,257.5199890136719,261.44000244140625,106494400,1.8822405072142834,-3.1594284304201747,252.53699798583983,246.26599884033203,232.8131997680664,251.43827561275592,245.40656465892283,6.031710953833084,4.91527244216962,2.3858722259351817,1.9685065283241503,262.073475760908,230.45852191975607,0.12837725869599115,63.79364037070789,22.5589349586385,118765030.0,0.02226134971645407,1.0616163159856769,1.6116227819877649,-0.7701401626197146,2.9780693649462897,0.0,0.0,1.0
2023-12-28,AAPL,191.80160450052028,192.3153453788488,190.84328683758,191.24835205078125,34049900,0.22261649223576097,-0.5423957837667581,192.78958435058593,191.84065170288085,183.97878387451172,191.8280890621884,190.00904478259153,1.8190442795968806,2.6337460299077895,0.4933251442280114,0.89732788127395,196.64312116288517,187.03818224287653,0.05006727632933911,54.54091689262115,-29.192080303279223,53876780.0,0.007697104448136314,0.9969125435780058,0.05179474304957132,-0.2840936967513641,-0.5547457277240708,1.0,0.0,0.0
2023-12-28,MSFT,367.5238451750327,368.591057926556,366.3391454974242,367.4357299804688,14327000,0.3234729400025005,0.20253096850912922,364.74518127441405,364.9307235717774,354.7967797851563,365.5706815078596,362.9529346461935,2.6177468616660917,3.2468810141148734,0.9671503778175358,0.9191585433837444,370.5000899289716,359.36135721458317,0.030522869122576284,57.03166334185645,-3.8804728487662143,26722410.0,0.006128724686767614,1.0068643340965473,-0.15749264324418366,0.02136852416390056,0.27841402633941303,0.0,1.0,0.0
2023-12-28,TSLA,263.6600036621094,265.1300048828125,252.7100067138672,253.17999267578125,113619900,-3.1594284304201747,-1.8563856087400077,253.92599792480468,246.71799850463867,232.7797994995117,251.70623208399059,245.98237414165308,5.723857942337503,5.076989542203197,2.7269532219983836,2.0975488945315477,262.78437342400457,230.6516235852728,0.13024080137439842,55.978816320908436,6.690962153878521,115498390.0,0.04905600177044869,1.0261918230948242,1.8822405072142834,1.6116227819877649,-0.7701401626197146,0.0,0.0,1.0
2023-12-29,AAPL,191.56452296375952,192.0585006042798,189.4206618129017,190.2110290527344,42672100,-0.5423957837667581,-3.5786604330132366,192.2383071899414,191.96809844970704,184.313134765625,191.57931059919548,190.02400658037988,1.5553040188156046,2.4180576276893526,0.49053457089801555,0.9077530844867536,196.42663513091637,187.50956176849772,0.046450808412600894,51.12136248451076,25.322247642430675,51460830.0,0.013867959205702959,0.9908470760966934,0.22261649223576097,0.05179474304957132,-0.2840936967513641,1.0,0.0,0.0
2023-12-29,MSFT,368.1407288494093,369.2764857473798,365.6734134446601,368.1799011230469,18730800,0.20253096850912922,-1.374866250366058,365.73505249023435,364.7902267456055,355.7092730712891,365.9720999101961,363.3401173481827,2.631982562013434,3.123901323694586,0.5408852986808571,0.9207373841574139,369.83287124655715,359.7475822446538,0.027646817985988788,57.954242694715,30.73776785091087,24267740.0,0.00978617325858731,1.0092921194947617,0.3234729400025005,-0.15749264324418366,0.02136852416390056,0.0,1.0,0.0
2023-12-29,TSLA,255.1000061035156,255.19000244140625,247.42999267578125,248.47999572753903,100891600,-1.8563856087400077,-0.02414583049957786,253.66899719238282,247.13799819946288,232.89579956054686,251.2098880291519,246.167383148015,5.042504881136892,5.070092609989937,2.3511414923134155,2.107027835679582,262.9102159722142,231.36578042671158,0.12763895384490156,52.07011861331781,-11.20252702211496,109504630.0,0.03122991749458147,1.0054301545608257,-3.1594284304201747,1.8822405072142834,1.6116227819877649,0.0,0.0,1.0
2024-01-02,AAPL,184.89582930034305,186.17030008579115,181.6751004330507,183.40402221679688,82488700,-3.5786604330132366,-0.7487624761160272,191.05967712402344,191.69147033691405,184.51884399414064,190.3215739249803,189.53363736826262,0.7879365567176819,2.0920334134950185,1.1511279735656803,1.2075040317135701,197.44145380285497,185.94148687097314,0.05999206387049805,35.425381022375376,93.3082740244797,46855860.0,0.02450982044127045,0.956766735079285,-0.5423957837667581,0.22261649223576097,0.05179474304957132,1.0,0.0,0.0
2024-01-02,MSFT,366.0454121665628,368.0427796247224,359.1036138103624,363.117919921875,25258600,-1.374866250366058,-0.07278978250302437,365.74876098632814,364.6120300292969,356.49688110351565,365.5329952966082,363.3236582795673,2.209337017040866,2.9409884623638423,0.6284296288216877,0.9356235211017992,369.62501371977584,359.5990463388179,0.02749763188052881,50.07775770357061,34.85062036859077,18943370.0,0.02461780409042685,0.9959021919619552,0.20253096850912922,0.3234729400025005,-0.15749264324418366,0.0,1.0,0.0
2024-01-02,TSLA,250.0800018310547,251.25,244.41000366210935,248.4199981689453,104654200,-0.02414583049957786,-4.013364984377277,253.16099700927734,247.61749801635742,233.46199951171874,250.78067420450475,246.33424351993577,4.4464306845689805,4.945360224905746,2.322435719787264,2.101091748912917,262.90179248564795,232.33320354706692,0.1234508432702187,52.020184085933856,3.7293491232173848,106376770.0,0.02753400043598307,1.0032408862823372,-1.8563856087400077,-3.1594284304201747,1.8822405072142834,0.0,0.0,1.0
2024-01-03,AAPL,182.00112426612563,183.6411336613478,181.22063114701328,182.03076171875,58414500,-0.7487624761160272,-1.270020842330588,189.90969696044922,191.4355911254883,184.7479995727539,189.046064354791,188.97786880163204,0.06819555315897219,1.6872658414278092,1.1492657067932595,1.2013607710506775,198.37026070281425,184.50092154816232,0.0724491149901191,33.21005773903542,-29.184845924350856,47122120.0,0.01329721686312755,0.9508720956670313,-3.5786604330132366,-0.5423957837667581,0.22261649223576097,1.0,0.0,0.0
2024-01-03,MSFT,361.2968454478335,365.4580105992302,360.8072966064926,362.8536071777344,23083500,-0.07278978250302437,-0.7177720211132277,365.5480499267578,364.6835052490234,357.3700732421875,365.1207817398584,363.28883967943153,1.8319420604268544,2.7191791819764446,0.6021321936909977,0.8769157282608041,369.54353606314703,359.8234744348998,0.0266534172463048,49.69794637276001,-8.61132445978795,19071430.0,0.012817053215787749,0.9949822296732628,-1.374866250366058,0.20253096850912922,0.3234729400025005,0.0,1.0,0.0
2024-01-03,TSLA,244.97999572753903,245.67999267578125,236.32000732421875,238.4499969482422,121082600,-4.013364984377277,-0.21807686270334248,251.7979965209961,247.7609977722168,233.99119934082032,248.8836469343105,245.75022525536588,3.1334216789446145,4.58297251571352,2.622894653902754,2.28193078567463,262.61733287732835,232.9046626671052,0.1199247277714791,44.40035641590602,15.697793304043216,106843380.0,0.03925345133719659,0.9624194247371621,-0.02414583049957786,-1.8563856087400077,-3.1594284304201747,0.0,0.0,1.0
2024-01-04,AAPL,179.95603270422265,180.88471299934187,178.70134046081682,179.71893310546875,71983600,-1.270020842330588,-0.401296987789157,188.42479858398437,190.86702423095704,184.92855041503907,187.61112108566454,188.29202171302734,-0.6809006273628029,1.213632547669687,1.0904985351350376,1.1035751142605847,199.56210769464013,182.17194076727395,0.09111142690799934,29.828328100681603,23.228992801444836,50249070.0,0.012148817605342272,0.9415923668826175,-0.7487624761160272,-3.5786604330132366,-0.5423957837667581,1.0,0.0,0.0
2024-01-04,MSFT,362.92209250603474,365.3012923191343,359.4952511707328,360.2491455078125,20901500,-0.7177720211132277,-0.05163222203058426,365.0271728515625,364.4592910766602,358.1393896484375,364.3712992426206,363.0636771482005,1.3076220944200827,2.4368677644651724,0.6306477642500247,0.8654335416974733,369.70785251824384,359.2107296350765,0.028801907758085832,45.996019451527424,-9.452639331123958,19101210.0,0.016116738154138364,0.9884482418971667,-0.07278978250302437,-1.374866250366058,0.20253096850912922,0.0,1.0,0.0
2024-01-04,TSLA,239.25,242.6999969482422,237.72999572753903,237.92999267578125,102629300,-0.21807686270334248,-0.1849229589212409,249.8689956665039,247.72149734497071,234.50819915771484,247.1984693560752,245.17094876798924,2.027520588085963,4.071882130188008,2.470606984813738,2.2635830185557664,262.6828765909502,232.76011809899126,0.1207919329273601,44.03803204099633,-15.240257477127184,106432570.0,0.020888502390178264,0.9604737385566742,-4.013364984377277,-0.02414583049957786,-1.8563856087400077,0.0,0.0,1.0
2024-01-05,AAPL,179.79798286255345,180.5586975573488,177.99989705667167,178.9977264404297,62379700,-0.401296987789157,2.4175002631961373,187.07623901367188,190.31673278808594,185.08599548339845,186.2859834479361,187.60355539653864,-1.3175719486025343,0.7073916484152427,1.091550465172772,1.102067329451322,200.5065057940987,180.1269597820732,0.10708226078427771,28.84164418607091,-13.341788963041578,51262760.0,0.014295156433334386,0.9405254273660753,-1.270020842330588,-0.7487624761160272,-3.5786604330132366,1.0,0.0,0.0
2024-01-05,MSFT,361.2576411312496,364.2830491168241,358.8392688743441,360.0631408691406,21004600,-0.05163222203058426,1.887155785003758,364.7461669921875,364.4078903198242,358.8813397216797,363.7085056467006,362.84141520160347,0.8670904450971193,2.1229123005915618,0.5985783789544203,0.8367063031369043,369.8131333644542,359.00264727519425,0.029665894664827556,45.73400867395471,0.49326603353825327,18570000.0,0.015118960050560815,0.9880772355206953,-0.7177720211132277,-0.07278978250302437,-1.374866250366058,0.0,1.0,0.0
2024-01-05,TSLA,236.8600006103516,240.1199951171875,234.8999938964844,237.4900054931641,92488900,-0.1849229589212409,1.2463646412957274,248.90399627685548,247.62749786376952,234.92759918212892,245.70485953101195,244.60199000689107,1.1028695241208766,3.4780796089745825,2.2063068742882845,2.2630798288303535,262.8314637278266,232.42353199971245,0.12279707217670487,43.71299009725469,-9.880609143782525,103171760.0,0.0219798774683735,0.9590615240308147,-0.21807686270334248,-4.013364984377277,-0.02414583049957786,0.0,0.0,1.0
2024-01-08,AAPL,179.89679059145493,183.36452360523836,179.3139005382843,183.3249969482422,59144500,2.4175002631961373,-0.22633697416274412,186.17522735595702,189.88647994995117,185.37616088867188,185.83044706336779,187.28662514110928,-1.456178077741498,0.27467770318389456,1.4728221844395637,1.227195063321042,200.5070034443479,179.26595645555443,0.11186181867393626,41.37270862205515,-5.186302595235304,52528960.0,0.022095312338107822,0.9654452333655434,-0.401296987789157,-1.270020842330588,-0.7487624761160272,1.0,0.0,0.0
2024-01-08,MSFT,361.58074269539895,367.3574426143648,361.2968258961624,366.8580932617188,23134000,1.887155785003758,0.2935811931015886,364.8587646484375,364.59098358154296,359.5610302734375,364.1930575874726,363.13894690976014,1.0541106777124583,1.9091519760157412,0.8307796067898928,0.9309413097201391,370.0709759914577,359.1109911716282,0.030061041861662627,55.66874340607894,10.137779343572362,19112600.0,0.01652032987555966,1.0062182274994982,-0.05163222203058426,-0.7177720211132277,-0.07278978250302437,0.0,1.0,0.0
2024-01-08,TSLA,236.13999938964844,241.25,235.3000030517578,240.4499969482422,85166600,1.2463646412957274,-2.283214932024613,247.49899597167968,247.51799774169922,235.48819915771483,244.89641913366276,244.29443496550968,0.6019841681530806,2.902860520810282,1.9690496732000407,2.259389504356085,262.903666523199,232.13232896019946,0.12431959632734008,46.570125190247325,-7.916950034004078,100729000.0,0.02474525690895703,0.9714444975397993,-0.1849229589212409,-0.21807686270334248,-4.013364984377277,0.0,0.0,1.0
2024-01-09,AAPL,181.7047578864997,182.9199388244019,180.5290885321457,182.9100646972656,42841800,-0.22633697416274412,0.5671302224691033,185.33941955566405,189.36434631347657,185.74110412597656,185.38115746858284,186.96243547860234,-1.5812780100195027,-0.09651343945678492,1.4743536186622526,1.206118270598227,200.28975537335583,178.43893725359732,0.1153903495834762,40.633788982026694,-27.564186018987392,53098180.0,0.013071179523189713,0.96591606740201,2.4175002631961373,-0.401296987789157,-1.270020842330588,1.0,0.0,0.0
2024-01-09,MSFT,364.2341316530872,368.13092123395006,363.4312643972459,367.9351196289063,20830000,0.2935811931015886,1.8574133218451916,364.97723999023435,364.6673522949219,360.51201110839844,364.76875944000085,363.4942189630302,1.2745404769706283,1.7822296762067187,0.8312894172203906,0.9124113872657955,370.29454162402675,359.04016296581705,0.030862040671817012,57.01212415670584,-9.959367165211376,19484850.0,0.01277305858012182,1.0089609539033855,1.887155785003758,-0.05163222203058426,-0.7177720211132277,0.0,1.0,0.0
2024-01-09,TSLA,238.1100006103516,238.9600067138672,232.0399932861328,234.9600067138672,96705700,-2.283214932024613,-0.43411825132567694,245.74099731445312,247.07399826049806,236.07219940185547,243.36774029984804,243.60299583575838,-0.23525553591034054,2.2752373094661573,2.0446463220619435,2.310817044019642,263.3909061967406,230.7570903242555,0.1320811420960543,42.28310735154226,13.548856006932297,101062560.0,0.029451877894102734,0.9509701885592239,1.2463646412957274,-0.1849229589212409,-0.21807686270334248,0.0,0.0,1.0
2024-01-10,AAPL,182.12956878813148,184.15486512874932,181.7047401626592,183.9474029541016,46792900,0.5671302224691033,-0.3222681840341468,184.66168365478515,189.01905822753906,186.1005487060547,185.16057985097035,186.73909973604674,-1.578519885076389,-0.3929147285807058,1.5082788285513942,1.1947810039981994,200.18030596813168,177.85781048694645,0.11809653317769499,43.35745528501693,9.222535000863651,54885540.0,0.013319704038993596,0.9731685507218417,-0.22633697416274412,2.4175002631961373,-0.401296987789157,1.0,0.0,0.0
2024-01-10,MSFT,368.50297659226095,376.1399561660862,368.45403366179033,374.7691955566406,25514200,1.8574133218451916,0.48594361910736517,365.7712860107422,365.2288650512695,361.5621527099609,366.30728807333,364.3294024144088,1.9778856589212523,1.8213608727496255,1.0111583747634085,0.9780486959351739,372.4089248109895,358.0488052915495,0.039318139647653995,64.38673373727153,22.487758041286597,20768960.0,0.02050841583412444,1.0261215128876298,0.2935811931015886,1.887155785003758,-0.05163222203058426,0.0,1.0,0.0
2024-01-10,TSLA,235.1000061035156,235.5,231.2899932861328,233.94000244140625,91628500,-0.43411825132567694,-2.8725319101363445,243.4739990234375,246.78399810791015,236.60499938964844,241.917319090857,242.88721854728786,-0.9698994564308521,1.6262099562867554,1.8836747905054534,2.284272648303876,263.83919917505625,229.72879704076402,0.13821966738449923,41.518385595978586,-5.250155885330443,101536170.0,0.017996095878992077,0.9479545036753653,-2.283214932024613,1.2463646412957274,-0.1849229589212409,0.0,0.0,1.0
2024-01-11,AAPL,184.293153408918,184.7970202008086,181.40832608034748,183.35459899902344,49128400,-0.3222681840341468,0.17782472131457894,183.91478881835937,188.56855010986328,186.4072900390625,184.8827366429785,186.48839597774872,-1.6056593347702233,-0.6354636498186093,1.5018082489548934,1.1729837354992623,199.88744079869105,177.24965942103552,0.12005067316085513,42.16686786243595,4.991141818523759,54989610.0,0.01848164234200179,0.9723498371928824,0.5671302224691033,-0.22633697416274412,2.4175002631961373,1.0,0.0,0.0
2024-01-11,MSFT,377.9317216506199,382.5138918300766,372.4291972197734,376.5903625488281,27850800,0.48594361910736517,0.9983458012094326,366.8052215576172,365.73065490722655,362.5021514892578,367.88929953109897,365.23762168362504,2.651677847473934,1.9874242676944873,1.004994958620776,0.9685821719252464,374.52261605519783,356.9386937592553,0.048078885540516154,66.05777806407967,9.158037485008341,22063500.0,0.026778950321639263,1.029693184030079,1.8574133218451916,0.2935811931015886,1.887155785003758,0.0,1.0,0.0
2024-01-11,TSLA,230.57000732421875,230.92999267578125,225.3699951171875,227.22000122070312,105873600,-2.8725319101363445,-3.6660513098772496,240.0519989013672,246.29449844360352,237.20219940185547,239.65619326467947,241.7266839305038,-2.0704906658243374,0.8868698318645369,1.6924823055982958,2.357587385000917,265.01181986536017,227.57717702184686,0.15199138868335332,36.79669613526467,15.546582122374586,101474090.0,0.024469666088916257,0.9225541076092365,-0.43411825132567694,-2.283214932024613,1.2463646412957274,0.0,0.0,1.0
2024-01-12,AAPL,183.8189619436421,184.49077939116623,182.95944565085557,183.6806488037109,40477800,0.17782472131457894,-1.2317142110677803,183.15801849365235,187.97380142211915,186.71108123779297,184.69780005232192,186.28041470559776,-1.58261465327584,-0.8248938505100555,1.4998494104265199,1.0901793990940523,198.98838606313726,176.95921678110105,0.11719276364777503,43.09247089721458,-17.608145186898007,55632400.0,0.008336935601458522,0.9771608990937656,-0.3222681840341468,0.5671302224691033,-0.22633697416274412,1.0,0.0,0.0
2024-01-12,MSFT,377.4323150873344,380.5556387457832,376.6098767088899,380.35003662109375,21661200,0.9983458012094326,0.46336807798248447,368.0966522216797,366.42091674804686,363.50170959472655,369.8063360064828,366.3570598271412,3.4492761793416093,2.279794650023912,1.0303322025235202,0.9865402311916657,377.3821164570123,355.45971703908145,0.059828460701671096,69.26410055037141,-22.224137188159766,22796920.0,0.010374028281806365,1.0380139867468992,0.48594361910736517,1.8574133218451916,0.2935811931015886,0.0,1.0,0.0
2024-01-12,TSLA,220.0800018310547,225.33999633789065,217.1499938964844,218.88999938964844,123043800,-3.6660513098772496,0.46598943547220273,236.6229995727539,245.2744987487793,237.56319946289062,236.4613942069824,240.03507766821824,-3.573683461235845,-0.005240826755539496,1.7579812693326853,2.4638869951916287,267.4946487509911,223.0543487465675,0.18118597828607216,31.946680590242153,16.217640658294428,102416480.0,0.03741606498352233,0.8924286891065875,-2.8725319101363445,-0.43411825132567694,-2.283214932024613,0.0,0.0,1.0
2024-01-16,AAPL,179.96593271976667,182.04062970854807,178.7507369031224,181.4182281494141,65603000,-1.2317142110677803,-0.5173505026525804,182.27873840332032,187.25852279663087,186.90647674560546,184.19325052879765,185.92025273847304,-1.7270022096753905,-1.0053155223431225,1.5231515143314591,1.1050833699621843,198.00885388465338,176.50819170860836,0.11481806998656859,38.489252038621984,62.071555272272704,57925490.0,0.01813430127162385,0.9688115950078302,0.17782472131457894,-0.3222681840341468,0.5671302224691033,1.0,0.0,0.0
2024-01-16,MSFT,385.4316128958056,385.7938742722587,379.51785428757296,382.1124572753906,27202300,0.46336807798248447,-0.2049906154119041,369.4899078369141,367.6124801635743,364.38095825195313,371.69958543246867,367.5241263047893,4.175459127679346,2.6589275455549988,1.0294631269777608,0.8020976321239709,379.94365869440514,355.2813016327434,0.0670879210920366,70.66312357870837,25.58076191531402,23644070.0,0.016424536455671098,1.0394436475751976,0.9983458012094326,0.48594361910736517,1.8574133218451916,0.0,1.0,0.0
2024-01-16,TSLA,215.1000061035156,223.4900054931641,212.17999267578125,219.91000366210935,115355000,0.46598943547220273,-1.9826295019532925,233.76600036621093,243.71749877929688,237.84819946289062,233.9150264308481,238.5443314455435,-4.6293050146954045,-0.9300536643435126,1.8466518319397174,2.1364090668740268,268.4551017224506,218.97989583614313,0.20300227162232082,33.109310665138494,-6.24883171683579,103862820.0,0.05143018793615511,0.9023152000310537,-3.6660513098772496,-2.8725319101363445,-0.43411825132567694,0.0,0.0,1.0
2024-01-17,AAPL,179.08665457169852,180.72664884969063,178.12833676151584,180.4796600341797,47317400,-0.5173505026525804,3.2570660171298282,181.9863021850586,186.52298965454102,187.0120620727539,183.62192891424104,185.51724587148837,-1.8953169572473314,-1.1833158093239644,1.0661543407772383,1.1052687648696553,196.99777175930842,176.04820754977362,0.11231625789579858,36.73605832201526,-27.87311555873969,54408360.0,0.014396703139194294,0.967600081729581,-1.2317142110677803,0.17782472131457894,-0.3222681840341468,1.0,0.0,0.0
2024-01-17,MSFT,379.870316661969,381.9557695556543,376.7665639671979,381.32916259765625,22234100,-0.2049906154119041,1.1297442881753161,371.3110321044922,368.5298965454102,365.20057189941406,373.1810588424975,368.54672158574243,4.634337256755089,3.0540094877950166,0.8609593379245354,0.7751999554475306,382.08009570624944,354.979697384571,0.07353649887218612,69.15647464693731,-18.26389680284388,23341620.0,0.01360820544934709,1.0347306044156146,0.46336807798248447,0.9983458012094326,0.48594361910736517,0.0,1.0,0.0
2024-01-17,TSLA,214.8600006103516,215.6699981689453,212.00999450683597,215.5500030517578,103164400,-1.9826295019532925,-1.7026203279913998,230.4790008544922,241.81999893188475,237.78899963378908,231.08963821868036,236.84104786081863,-5.75140964213827,-1.8943248599024642,1.8118025261618929,2.1211430284009163,269.09041135048125,214.54958651328823,0.2255430695480068,30.695329991433184,-10.567899094100818,103713840.0,0.0169798358167061,0.8913654950121532,0.46598943547220273,-3.6660513098772496,-2.8725319101363445,0.0,0.0,1.0
2024-01-18,AAPL,183.8485869578717,186.86185345428623,183.59172402252184,186.3580017089844,78005800,3.2570660171298282,1.5532755737704962,182.41902618408204,186.16436157226562,187.25336822509766,184.04286319035538,185.57952408167327,-1.5366608913178936,-1.2539848257227502,1.487704506576094,1.3652987685644542,196.10655115965633,176.2221719848749,0.10681087941239857,51.60459622037059,64.85647985730407,56367490.0,0.017547566521297027,1.0010401568543161,-0.5173505026525804,-1.2317142110677803,0.17782472131457894,1.0,0.0,0.0
2024-01-18,MSFT,383.5321529482961,385.7546939747168,381.9655906494616,385.63720703125,23392100,1.1297442881753161,1.2186781845692218,373.5893920898437,369.5687210083008,366.0187976074219,375.09738933307483,369.81268347059483,5.284705862479996,3.500148762732013,0.856990943644364,0.798075930477644,384.9908622076603,354.14657980894134,0.08346020819772294,72.61486354248828,5.208216208436589,23372480.0,0.009825564691811915,1.043479020570543,-0.2049906154119041,0.46336807798248447,0.9983458012094326,0.0,1.0,0.0
2024-01-18,TSLA,216.8800048828125,217.4499969482422,208.7400054931641,211.8800048828125,108595400,-1.7026203279913998,0.14630807600990448,227.8220016479492,239.80999908447265,237.62739959716797,228.13431001316224,234.99208171429964,-6.857771701137409,-2.8870142281494533,1.572155512132279,2.130104484657096,269.69677389406706,209.92322427487827,0.2492537836094719,28.792388956105682,5.264412917634376,102465120.0,0.04110813316195389,0.8835328205317167,-1.9826295019532925,0.46598943547220273,-3.6660513098772496,0.0,0.0,1.0
2024-01-19,AAPL,187.04951962775425,189.63795687149488,186.5456680110328,189.25265502929688,68903000,1.5532755737704962,1.216364416535476,183.37239837646484,185.89859848022462,187.5016567993164,184.8443696271156,185.85160785557133,-1.0072382284557193,-1.204635506269344,1.4352033379243114,1.411535217101733,195.1555059997739,176.64169096067533,0.09959093393094097,56.96788437004721,-11.669388686482286,56059430.0,0.016339474127765242,1.0180423982563218,3.2570660171298282,-0.5173505026525804,-1.2317142110677803,1.0,0.0,0.0
2024-01-19,MSFT,387.4877057228784,390.3368835449219,385.2749354141452,390.3368835449219,29331100,1.2186781845692218,-0.5418058741607723,376.59816589355466,370.8126693725586,366.8581237792969,377.44192690412825,371.33299458721166,6.108932316916594,4.021905473568929,0.7323089940828806,0.8243936381599962,388.66128007998395,352.9640586651333,0.09626753442716213,75.80239626834052,25.388913351088615,24215440.0,0.01296815224020232,1.05265250026489,1.1297442881753161,-0.2049906154119041,0.46336807798248447,0.0,1.0,0.0
2024-01-19,TSLA,209.9900054931641,213.19000244140625,207.55999755859372,212.19000244140625,102260300,0.14630807600990448,-1.5976244642273096,225.2480026245117,237.55849914550782,237.48579956054687,225.68133961750746,233.30303880519642,-7.621699187688961,-3.833951220057355,1.6004623951502892,2.0352479233749925,268.68189605165486,206.4351022393608,0.262027222920646,29.191702724652473,-5.833672512832033,102428220.0,0.026532847061761015,0.8932115803250507,-1.7026203279913998,-1.9826295019532925,0.46598943547220273,0.0,0.0,1.0
2024-01-22,AAPL,189.9838116367789,192.97731505960863,189.944284981856,191.55465698242188,60133900,1.216364416535476,0.6653243825777144,184.62809143066406,185.85216522216797,187.74487548828125,185.87672152793198,186.27405593904172,-0.397334411109739,-1.043175287237423,1.4098401659373216,1.4237854566875472,194.97839567740382,176.7259347669321,0.09820956828053465,60.69810341416564,-12.726731782360712,55834850.0,0.01583375797556814,1.0306829449817663,1.5532755737704962,3.2570660171298282,-0.5173505026525804,1.0,0.0,0.0
2024-01-22,MSFT,391.6586277842315,392.2460923450514,385.36303712070327,388.2220153808594,27016900,-0.5418058741607723,0.6027548059512,379.41405334472654,372.08011016845705,367.576982421875,379.1004020543946,372.58403316451887,6.516368889875707,4.520798156830285,0.8086501049806384,0.8141719212604691,391.1154972558784,353.0447230810357,0.10231875645706065,71.75485706510509,-7.8899188915519725,24816670.0,0.017729688043568635,1.0433828758142814,1.2186781845692218,1.1297442881753161,-0.2049906154119041,0.0,1.0,0.0
2024-01-22,TSLA,212.25999450683597,217.8000030517578,206.2700042724609,208.8000030517578,117952500,-1.5976244642273096,0.16283349277841364,222.3790023803711,235.6414993286133,237.2181997680664,223.08421091508444,231.48799911975652,-8.403788204672082,-4.7479186169803,1.570153975123027,1.9191812300504094,268.927851521065,202.35514713616158,0.282516893563237,27.38328230202609,15.345349074860914,104974580.0,0.05522029986004752,0.886091811699841,0.14630807600990448,-1.7026203279913998,-1.9826295019532925,0.0,0.0,1.0
2024-01-23,AAPL,192.67105542323813,193.392258603415,191.4953861517841,192.82911682128903,42355600,0.6653243825777144,-0.3483986111217585,185.57850341796876,185.8768653869629,187.99247009277343,186.94632080383306,186.75961600439337,0.18670479943969553,-0.7971992699019993,1.2734555614814258,1.4317254603423117,195.07932986215138,176.6744009117744,0.09901678141634875,62.62951791241609,-29.564521842089075,54155960.0,0.009837064458418402,1.0374024568353506,1.216364416535476,1.5532755737704962,3.2570660171298282,1.0,0.0,0.0
2024-01-23,MSFT,387.47789064929606,391.0320198597543,385.6959257751216,390.5620422363281,20525900,0.6027548059512,0.9175306926421101,381.7844482421875,373.3216064453125,368.29046508789065,380.86373131315355,373.91573754020845,6.947993772945097,5.006237280053248,0.7048470454851788,0.8098695672771781,393.7980465615706,352.84516632905445,0.10969866068685544,73.4444630591304,-24.02570243070078,24555860.0,0.013662602883983882,1.0461811893374597,-0.5418058741607723,1.2186781845692218,1.1297442881753161,0.0,1.0,0.0
2024-01-23,TSLA,211.3000030517578,215.6499938964844,207.75,209.13999938964844,106605900,0.16283349277841364,-0.6263735117226887,219.2480026245117,233.3734992980957,236.95879974365235,220.9389476034789,229.83259173234111,-8.893644128862206,-5.577063719356682,1.406187700983663,1.7185745407754858,267.4221359336139,199.32486266257752,0.29179522728951107,27.86594046076408,-9.619635022572648,107118510.0,0.037773711004779796,0.8961600182482887,-1.5976244642273096,0.14630807600990448,-1.7026203279913998,0.0,0.0,1.0
2024-01-24,AAPL,193.06621990928545,194.01466361551056,191.9992263929076,192.1573028564453,53631300,-0.3483986111217585,-0.16965476902215393,186.50322723388672,185.92132339477538,188.2361004638672,187.7480103503888,187.15944466010092,0.5885656902878793,-0.5200462778640236,1.281896490762965,1.4280851452703642,195.2412953557902,176.60135143376058,0.10025716029597392,60.92971457203119,26.62150931635958,55234910.0,0.010488475809366658,1.0335409588733875,0.6653243825777144,1.216364416535476,1.5532755737704962,1.0,0.0,0.0
2024-01-24,MSFT,393.14689994749176,397.1514059663693,392.07968703700567,394.14556884765625,24867000,0.9175306926421101,0.5738205402217922,384.4054931640625,374.6913665771484,369.12466796875,382.9070909338463,375.41424356298234,7.492847370863956,5.50355929821539,0.6993227471741817,0.8201843805322764,396.9081606267707,352.4745725275261,0.11858716816763325,75.8290335032695,21.149377128408496,24959560.0,0.012867628942757225,1.0519206045450802,0.6027548059512,-0.5418058741607723,1.2186781845692218,0.0,1.0,0.0
2024-01-24,TSLA,211.8800048828125,212.72999572753903,206.7700042724609,207.8300018310547,123369900,-0.6263735117226887,-12.125293136804816,216.53500213623047,231.13799972534179,236.91579986572265,218.92218671541363,228.20277025817177,-9.280583542758137,-6.317767684036973,1.3849137939355272,1.719721739607419,265.7543556823106,196.521643768373,0.2995297700776415,27.11804257476561,15.725208454691542,109784930.0,0.028677242951299257,0.8991598182817897,0.16283349277841364,-1.5976244642273096,0.14630807600990448,0.0,0.0,1.0
2024-01-25,AAPL,192.8686550164736,193.90601120482225,190.7840685127456,191.831298828125,54822100,-0.16965476902215393,-0.9012829927418808,187.29161682128907,185.9766502380371,188.3896286010742,188.37620857773283,187.50550793180642,0.8707006459264051,-0.24189689310593784,1.2987821568967275,1.4269771081578346,195.42888454683992,176.5244159292343,0.1016496887830232,60.07761390002062,2.220345208861252,56037830.0,0.016274417736564583,1.0314805572774557,-0.3483986111217585,0.6653243825777144,1.216364416535476,1.0,0.0,0.0
2024-01-25,MSFT,395.8687653294727,398.5025403738,394.1161721859946,396.4072570800781,21021200,0.5738205402217922,-0.23217262162983365,386.5692993164063,376.17029266357423,369.8286163330078,384.98403957172815,376.96928160128573,8.014757970442417,6.0057990326607955,0.5670861545341457,0.817334703936628,400.05839887795054,352.2821864491979,0.12700687258012955,77.21939312603908,-15.465476334097394,24510260.0,0.011065307482297896,1.0537973487305727,0.9175306926421101,0.6027548059512,-0.5418058741607723,0.0,1.0,0.0
2024-01-25,TSLA,189.6999969482422,193.0,180.05999755859375,182.6300048828125,198076800,-12.125293136804816,0.3394815203478396,211.40400238037108,227.4390007019043,236.2754000854492,213.3387741257827,224.82700985999702,-11.488235734214328,-7.351861294072444,3.6835853304372526,2.9463246240914454,266.1618733393508,188.71612806445782,0.3405121594620361,17.427926121135556,60.5552083611967,120429760.0,0.07085364997777563,0.802984555503648,-0.6263735117226887,0.16283349277841364,-1.5976244642273096,0.0,0.0,1.0
2024-01-26,AAPL,191.93007928184088,192.41416772814077,189.6281416366758,190.10235595703125,44594000,-0.9012829927418808,-0.3585971655766018,187.96639251708984,185.94059066772462,188.54019317626953,188.6417697130095,187.69786704478602,0.9439026682234726,-0.004736980840055777,1.3479257819952761,1.4423446060429206,195.32019355316015,176.5609877822891,0.10088816919159796,55.63392331037155,-18.656892019824124,55584390.0,0.014655400126102067,1.0223822311974027,-0.16965476902215393,-0.3483986111217585,0.6653243825777144,1.0,0.0,0.0
2024-01-26,MSFT,395.9177133168471,397.680107020746,394.0182614789132,395.4869079589844,17803300,-0.23217262162983365,1.433416812539856,388.4589538574219,377.63208770751953,370.5725872802734,386.5998654774599,378.3409576277819,8.258907849677996,6.456420796064236,0.6210203186160579,0.8201412729382587,402.52152826240945,352.7426471526296,0.13181846228155844,75.32071174018382,-15.307879664338852,23505510.0,0.009259081572967192,1.0472809934130747,0.5738205402217922,0.9175306926421101,0.6027548059512,0.0,1.0,0.0
2024-01-26,TSLA,185.5,186.77999877929688,182.1000061035156,183.25,107343200,0.3394815203478396,4.190991910385411,207.0070022583008,223.52950057983398,235.4661999511719,208.70973195258534,221.7472313518491,-13.037499399263766,-8.48898891511071,3.7747583853269018,2.868359789093359,263.56462975885535,183.4943714008126,0.3582089082216935,18.202359209636697,-45.80728283170971,120576720.0,0.025538841341234807,0.8198023058462116,-12.125293136804816,-0.6263735117226887,0.16283349277841364,0.0,0.0,1.0
2024-01-29,AAPL,189.69728055859,189.8849944665396,187.29655655692048,189.420654296875,47145600,-0.3585971655766018,-1.9245969347839287,188.54039306640624,185.8492057800293,188.62495910644532,188.76159811052727,187.82548091531115,0.9361171952161271,0.18343385437118082,1.3669690261434448,1.4432861319751187,195.04487984169344,176.65353171836517,0.09895844346569997,53.9398232910981,5.721845988249541,56251170.0,0.013665024647007749,1.0192169156809465,-0.9012829927418808,-0.16965476902215393,-0.3483986111217585,1.0,0.0,0.0
2024-01-29,MSFT,397.5723828631368,401.41045873539736,395.8785331996652,401.1558837890625,24510200,1.433416812539856,-0.2758066975040663,390.53953857421874,379.3180953979492,371.35978271484373,388.8392529100141,380.03095215824715,8.808300751766978,6.926796787204785,0.6734231079618433,0.8524677407906401,405.8157657044315,352.8204250914669,0.13971213410572003,78.78151401521338,37.67222930580285,23790410.0,0.013789964847283636,1.0575711748425893,-0.23217262162983365,0.5738205402217922,0.9175306926421101,0.0,1.0,0.0
2024-01-29,TSLA,185.6300048828125,191.47999572753903,183.6699981689453,190.92999267578125,125013100,4.190991910385411,0.3456783572134414,204.21100158691405,220.417000579834,234.5365997314453,205.97438744846164,219.46447293139963,-13.490085482937985,-9.489208228676166,4.197080499438963,3.132833532337511,260.4253630185041,180.40863814116392,0.3630242888109643,27.298390646661645,16.46112655482601,120773650.0,0.04090503251553516,0.8662217168980453,0.3394815203478396,-12.125293136804816,-0.6263735117226887,0.0,0.0,1.0
2024-01-30,AAPL,188.64014902264395,189.48979101081807,185.21194362297624,185.7750701904297,55859400,-1.9245969347839287,-1.9357607481916728,188.9760772705078,185.62740783691407,188.62555145263673,188.3021322766661,187.67359863939402,0.6285336372720849,0.2724538109513617,1.4679911784602047,1.500656340760095,194.59117242612965,176.6636432476985,0.09657802900626432,45.89175772301821,18.482742822235785,55276810.0,0.023027026088359444,1.0007954771078058,-0.3585971655766018,-0.9012829927418808,-0.16965476902215393,1.0,0.0,0.0
2024-01-30,MSFT,403.64277019124665,404.4162357513152,397.9542157503529,400.0494689941406,33477600,-0.2758066975040663,-2.694635924924138,392.33323974609374,380.9115737915039,372.1219122314453,390.56390153834127,381.51380525720225,9.05009628113902,7.351456685991632,0.7211607789918005,0.8661814552021716,408.40338324010827,353.4197643428995,0.1443474619316888,76.52597128058025,36.58640076376365,24417940.0,0.016153052314280023,1.0502423568077563,1.433416812539856,-0.23217262162983365,0.5738205402217922,0.0,1.0,0.0
2024-01-30,TSLA,195.3300018310547,196.3600006103516,190.6100006103516,191.58999633789065,109982300,0.3456783572134414,-2.244377647032414,201.37900085449218,217.57250061035157,233.5115997314453,203.76140420068148,217.399696887436,-13.638292686754511,-10.319025120291835,4.191711079298051,3.1527974979861813,257.26823532552055,177.8767658951826,0.36489661702477444,28.038982099280673,-12.023379949781265,120236380.0,0.03001200537557934,0.8805800172375978,4.190991910385411,0.3394815203478396,-12.125293136804816,0.0,0.0,1.0
2024-01-31,AAPL,184.7871100896247,184.84640005696093,182.1295236081413,182.1789093017578,55467800,-1.9357607481916728,1.3340841325651498,189.14600219726563,185.5661521911621,188.5206298828125,187.36009797283404,187.2665846143839,0.09351335845013864,0.23666572045111708,1.611576753128205,1.3366323618342864,194.6102751750341,176.5220292072901,0.0974759984736348,39.61296668301596,-0.7010458400913744,56091850.0,0.01491323259773959,0.9817464400193259,-1.9245969347839287,-0.3585971655766018,-0.9012829927418808,1.0,0.0,0.0
2024-01-31,MSFT,398.4535321203711,406.6388032074163,388.9073309710071,389.26959228515625,47871100,-2.694635924924138,1.559442271017586,393.1272827148438,382.21915740966796,372.5411614990234,390.36477703785124,382.0883080000136,8.276469037837614,7.536459156360829,1.2284081235875746,1.0424194459101552,408.61331503210414,355.8249997872318,0.13811007172592632,58.84779580762999,42.99442014959256,26981640.0,0.045550622467886256,1.0184460531054218,-0.2758066975040663,1.433416812539856,-0.23217262162983365,0.0,1.0,0.0
2024-01-31,TSLA,187.0,193.97000122070312,185.8500061035156,187.2899932861328,103221400,-2.244377647032414,0.8382761388752824,198.5529998779297,214.51600036621093,232.58559967041015,201.2273409830586,215.16934847252466,-13.94200748946605,-11.043621594126678,4.1973653466307566,3.146753656330374,253.62027985635672,175.41172087606515,0.3645814710640598,26.16863246025882,-6.147261877593035,120242080.0,0.04335520000143405,0.8730816953812338,0.3456783572134414,4.190991910385411,0.3394815203478396,0.0,0.0,1.0
2024-02-01,AAPL,181.77390231724044,184.69824158324056,181.6059517240919,184.6093292236328,64885400,1.3340841325651498,-0.5405190056962828,188.97113494873048,185.69508056640626,188.46471160888672,186.93690278064923,187.06975088173567,-0.13284810108643796,0.16276295614360609,1.2728531576055762,1.3582462463927483,194.599435934546,176.79072519826653,0.09590297536132578,45.08168355206679,16.978499237395383,54779810.0,0.016750452819221825,0.9941530419682542,-1.9357607481916728,-1.9245969347839287,-0.3585971655766018,1.0,0.0,0.0
2024-02-01,MSFT,393.4307745878308,399.4718199134869,393.40140285508346,395.3400268554688,30657700,1.559442271017586,1.8425949527044683,394.0975646972656,383.8434783935547,373.20557678222656,391.1302000867155,383.0699168041214,8.060283282594071,7.641223981607478,1.2708164627015752,1.0707957783197777,409.19764009863445,358.4893166884749,0.13210677337122376,63.904548767250105,-35.95781170685445,27708200.0,0.015354926508928264,1.0299511366196163,-2.694635924924138,-0.2758066975040663,1.433416812539856,0.0,1.0,0.0
2024-02-01,TSLA,188.5,189.8800048828125,184.27999877929688,188.8600006103516,91843300,0.8382761388752824,-0.5030164911426827,196.2509994506836,212.0365005493164,231.67679962158203,199.32467323341137,213.22050789014148,-13.895834656730102,-11.614064206647363,4.247637181645524,3.117718573145415,251.03953132993428,173.03346976869852,0.36788978010459455,28.05564538955683,-11.023004919522506,118566870.0,0.02965162599501063,0.8906957062632039,-2.244377647032414,0.3456783572134414,4.190991910385411,0.0,0.0,1.0
2024-02-02,AAPL,177.6936236133024,185.07365019396585,177.09097033579843,183.61148071289065,102551700,-0.5405190056962828,0.9846455985550451,188.40701751708986,185.88970794677735,188.35406036376952,186.42529938560943,186.8135827210805,-0.38828333547107263,0.05255369782067035,1.1381511090550394,1.3296035856662194,194.40576448426438,177.37365140929032,0.09162483099844657,43.34604532675287,58.05050134544905,58144680.0,0.04347592986655209,0.9877441991864392,1.3340841325651498,-1.9357607481916728,-1.9245969347839287,1.0,0.0,0.0
2024-02-02,MSFT,395.36942496681314,404.02464472350925,395.1246505510253,402.6245422363281,28256700,1.8425949527044683,-1.3545158601009688,395.3263305664062,385.96224822998045,373.86705627441404,392.8985604174251,384.51840757687745,8.380152840547623,7.789009753395508,1.3369212089971765,1.0787303801155979,410.0660208206723,361.8584756392886,0.12490222917516695,68.8509467088868,-7.831637728857677,27600760.0,0.02210494701353783,1.0431707869947406,1.559442271017586,-2.694635924924138,-0.2758066975040663,0.0,1.0,0.0
2024-02-02,TSLA,185.0399932861328,188.69000244140625,182.0,187.91000366210935,110612700,-0.5030164911426827,-3.645365318513305,193.8229995727539,209.5355010986328,230.7229995727539,197.56857022244182,211.34565572510206,-13.777085502660242,-12.046668465849939,4.232133253968163,3.114076707249978,247.95804903011742,171.1129531671482,0.3667402204402423,27.59603913474095,20.4363301405764,119402110.0,0.03560216226399467,0.8967931576122564,0.8382761388752824,-2.244377647032414,0.3456783572134414,0.0,0.0,1.0
2024-02-05,AAPL,185.88374317202,186.9704997952812,183.60156933816975,185.41940307617188,69668800,0.9846455985550451,0.8631917025890834,187.79349212646486,186.21079177856444,188.29557250976563,186.27054610723442,186.71031015479096,-0.43976404755653675,-0.04590985125477107,1.1058324377450006,1.3373432313802063,194.09341986098963,178.32816369613926,0.08466349352940768,47.30455748188191,-32.064704924442985,59098170.0,0.01816924443299745,0.9957500384653664,-0.5405190056962828,1.3340841325651498,-1.9357607481916728,1.0,0.0,0.0
2024-02-05,MSFT,401.3320936868834,402.5657662041655,395.5456233801517,397.1709289550781,25352300,-1.3545158601009688,-0.039440633011023074,396.2212219238281,387.81763763427733,374.5050360107422,393.5558478847563,385.4556313826701,8.100216502086198,7.851251103133646,1.4173156778781448,1.1544901418757691,409.0716535615287,366.56362170702596,0.10960829969932669,62.000766546793756,-10.278624184706631,27434300.0,0.01767536924840697,1.0241177564224688,1.8425949527044683,1.559442271017586,-2.694635924924138,0.0,1.0,0.0
2024-02-05,TSLA,184.25999450683597,184.67999267578125,175.00999450683594,181.05999755859372,134294400,-3.645365318513305,2.23130928940527,191.0489990234375,206.7140007019043,229.52019958496095,195.02878981261904,209.10227363869402,-14.073483826074977,-12.452031537894946,4.306592266152833,3.154998662472589,244.7792372155513,168.6487641882573,0.3682889052932575,24.481733290431293,21.40956689421738,121036300.0,0.05340770075850662,0.8758961509321983,-0.5030164911426827,0.8382761388752824,-2.244377647032414,0.0,0.0,1.0
2024-02-06,AAPL,184.60931480628847,187.02980210381148,184.5204024536245,187.0199279785156,43490800,0.8631917025890834,0.058115921477996935,187.2125732421875,186.39553833007812,188.25585693359375,186.38583562589307,186.7332448084002,-0.3474091825071355,-0.10620971750524395,1.1269794547622491,1.2425745092754186,194.16578434500292,178.62529231515333,0.08337373399104513,50.595608741811546,-37.574925935282366,59211690.0,0.013417819573084414,1.0033498100546365,0.9846455985550451,-0.5405190056962828,1.3340841325651498,1.0,0.0,0.0
2024-02-06,MSFT,397.39614463854895,399.4424550677267,394.4882235276778,397.0142822265625,18382600,-0.039440633011023074,2.111017879121535,396.86644592285154,389.32544708251953,375.0462805175781,394.08791470657263,386.311827741477,7.776086965095658,7.836218275526049,1.4134578128736632,1.1120766675364318,408.4952624550357,370.1556317100034,0.09847707369846294,61.81053774453476,-27.491391313608627,27219970.0,0.012478723718109713,1.0197491204380824,-1.3545158601009688,1.8425949527044683,1.559442271017586,0.0,1.0,0.0
2024-02-06,TSLA,177.2100067138672,186.4900054931641,177.11000061035156,185.1000061035156,122676000,2.23130928940527,1.3398139631352501,188.6449996948242,203.94650115966797,228.5379995727539,193.5012846266031,207.32432789534747,-13.823043268744357,-12.726233884064829,4.433879183400003,3.2040992652654166,239.66008943884762,168.23291288048833,0.3502250646724239,29.532739531135533,-8.651440417470868,122643310.0,0.05067533535124165,0.9075909861214161,-3.645365318513305,-0.5030164911426827,0.8382761388752824,0.0,0.0,1.0
2024-02-07,AAPL,188.3437971267345,188.74886241631052,186.33824908078665,187.1286163330078,53439000,0.058115921477996935,-0.5754725281463813,186.70970458984374,186.60646591186523,188.24479217529296,186.5001095808338,186.76253158800077,-0.2624220071669754,-0.13745217543759025,1.1323461609569092,1.2401824616591082,194.20547558276223,179.00745624096822,0.08144422685209673,50.82023128200371,22.874263062532773,59192460.0,0.01288212023774074,1.0027981368094137,0.8631917025890834,0.9846455985550451,-0.5405190056962828,1.0,0.0,0.0
2024-02-07,MSFT,398.92350430633786,405.64009909216526,398.8843320384044,405.3953247070313,22340500,2.111017879121535,0.014506179391515772,397.99142150878913,391.1984573364258,375.7633709716797,395.8275162451048,387.72542010929584,8.10209613580895,7.889393847582629,1.5289741417972802,1.175240921421421,408.8266056512624,373.5703090215892,0.09012381303782402,67.54757606987809,21.530686627571715,26967320.0,0.016664639777587635,1.036290703872578,-0.039440633011023074,-1.3545158601009688,1.8425949527044683,0.0,1.0,0.0
2024-02-07,TSLA,188.17999267578125,189.7899932861328,182.67999267578125,187.5800018310547,111535200,1.3398139631352501,1.0555473441792307,186.61999969482423,201.57750091552734,227.58059967041015,192.59031804267258,205.8617852239184,-13.27146718124581,-12.835280543501026,4.501277278525859,3.2446590532386463,234.83002237847637,168.3249794525783,0.3299229458835663,32.51658465975429,-9.081482930646578,121459840.0,0.03790383058400456,0.9305602112294347,2.23130928940527,-3.645365318513305,-0.5030164911426827,0.0,0.0,1.0
2024-02-08,AAPL,187.1088468471974,187.257034106798,185.0934247416245,186.0517425537109,40962000,-0.5754725281463813,0.40939591425863675,186.13174896240236,186.7116828918457,188.2157470703125,186.4311300381995,186.70988054842374,-0.2787505102242278,-0.16571184239491776,1.1360527943120322,1.24487473564702,194.21332050717294,179.21004527651846,0.08035531038165004,48.468881432790965,-23.34811654409701,57806450.0,0.011629073372150177,0.9964654577158031,0.058115921477996935,0.8631917025890834,0.9846455985550451,1.0,0.0,0.0
2024-02-08,MSFT,405.3953886087612,406.8738356895148,403.9071708692484,405.4541320800781,21225300,0.014506179391515772,1.5551424699875804,398.8961090087891,392.73270416259766,376.4585296630859,397.30853406586994,389.0386580330575,8.26987603281242,7.965490284628588,1.5277641722819488,1.1341223637688331,409.66784678995623,375.7975615352391,0.08624258915981263,67.58437346272274,-4.991830979611023,26987730.0,0.007316893787829267,1.0323920768060446,2.111017879121535,-0.039440633011023074,-1.3545158601009688,0.0,1.0,0.0
2024-02-08,TSLA,189.0,191.6199951171875,185.5800018310547,189.55999755859372,83034000,1.0555473441792307,2.115430374167171,187.31299896240233,199.3585006713867,226.65019958496094,192.12411489127584,204.6542453968573,-12.530130505581468,-12.774250535917115,2.1962060944431983,3.2768891414426546,229.2735664500028,169.44343489277063,0.3001132700925223,34.887158787962434,-25.553547220967012,109955560.0,0.0318632272838357,0.9508498354482291,1.3398139631352501,2.23130928940527,-3.645365318513305,0.0,0.0,1.0
2024-02-09,AAPL,186.61557552858977,187.94113632063824,185.97259122428568,186.8134307861328,45155200,0.40939591425863675,-0.9001874948184718,185.8028564453125,186.88462448120117,188.18988250732423,186.48994553788157,186.7175509364022,-0.22760539852063744,-0.1780905536200617,1.1345316587048446,1.2436695434428091,194.21798527223518,179.55126369016716,0.07848008696693695,50.22318538618223,10.236804843513504,57862570.0,0.010537492342326182,0.9996190500140608,-0.5754725281463813,0.058115921477996935,0.8631917025890834,1.0,0.0,0.0
2024-02-09,MSFT,406.5703156804263,412.0238969836169,406.4136564644989,411.759521484375,22032800,1.5551424699875804,-1.2578880649271595,400.52337036132815,394.491162109375,377.19970703125,399.5317628994861,390.7216849553773,8.810077944108798,8.13440781652463,1.5707923306370901,1.163194606535919,411.6706885577324,377.31163566101765,0.0870971423364574,71.33716062989072,3.8044220811955576,27410680.0,0.013625041380690693,1.0437737547342372,0.014506179391515772,2.111017879121535,-0.039440633011023074,0.0,1.0,0.0
2024-02-09,TSLA,190.17999267578125,194.1199951171875,189.47999572753903,193.57000732421875,84476300,2.115430374167171,-2.8103539988478476,188.3449996948242,197.6760009765625,225.58719970703126,192.34655988095938,203.83319072481,-11.486630843850634,-12.516726597503819,2.262051177521178,3.315851853422343,224.63193128968797,170.72007066343704,0.27272840587585034,39.52085927891295,1.7369993014909602,107668870.0,0.02397065254988977,0.979228668973172,1.0555473441792307,1.3398139631352501,2.23130928940527,0.0,0.0,1.0
2024-02-12,AAPL,186.38806813077576,186.63537211912904,184.7756412965565,185.1317596435547,41781900,-0.9001874948184718,-1.1274318901786318,185.37396697998048,186.95718002319336,188.15073638916016,186.28099386183126,186.6000849147098,-0.319091052878548,-0.20629065347175898,1.1573101395175194,1.2633600979105257,194.18502306168568,179.72933698470104,0.07732083932369603,46.462344961079026,-7.470457444546808,57326200.0,0.010045444531792902,0.9902361579297879,0.40939591425863675,-0.5754725281463813,0.058115921477996935,1.0,0.0,0.0
2024-02-12,MSFT,411.7692525356792,411.9454829189744,406.0806983084005,406.5800476074219,21202900,-1.2578880649271595,-2.152848328224932,401.0657867431641,395.8026626586914,377.9126849365234,400.6161143930147,391.8963784851584,8.719735907856318,8.251473434790968,1.607084765177705,1.2158266179619077,412.43279169825166,379.1725336191312,0.08403242629977323,64.70997459898655,-3.7666569841327435,27079950.0,0.014424673923587903,1.0272291875864008,1.5551424699875804,0.014506179391515772,2.111017879121535,0.0,1.0,0.0
2024-02-12,TSLA,192.1100006103516,194.72999572753903,187.27999877929688,188.1300048828125,95498600,-2.8103539988478476,-2.1846598116614824,188.06500091552732,196.13800125122071,224.46699981689454,191.6978591120137,202.66999177355095,-10.972132661537245,-12.207807810310506,2.094946715915066,3.2814939973040733,221.45801122925687,170.81799127318456,0.25818566332390996,35.798917659825776,13.047801572748806,104717420.0,0.03960025915527305,0.9591716224427551,2.115430374167171,1.0555473441792307,1.3398139631352501,0.0,0.0,1.0
2024-02-13,AAPL,183.76666370675508,184.20192116931864,181.5310258479947,183.0445251464844,56529500,-1.1274318901786318,-0.4809934239779934,185.10091247558594,187.0384948730469,188.05838500976563,185.78307559793177,186.3367101170635,-0.5536345191317196,-0.27575942660375113,1.0494896499947797,1.2580091643432265,194.03691250511795,180.04007724097582,0.07483398149478557,42.23499718944301,35.2966236576125,57393210.0,0.014591506187833324,0.9786462688909392,-0.9001874948184718,0.40939591425863675,-0.5754725281463813,1.0,0.0,0.0
2024-02-13,MSFT,396.4758362047706,401.49861232810986,394.9582466788669,397.8269958496094,27824900,-2.152848328224932,0.9665315152391551,400.843539428711,396.58838958740233,378.4494281005859,400.1870192324908,392.3356834751177,7.851335757373079,8.171445899307392,1.7638059727154185,1.3367030949229575,411.93007361419257,381.2467055606121,0.07736829634751144,55.3515699726423,31.231576812605823,26514680.0,0.01644022582046048,1.0031231531096905,-1.2578880649271595,1.5551424699875804,0.014506179391515772,0.0,1.0,0.0
2024-02-13,TSLA,183.9900054931641,187.25999450683597,182.1100006103516,184.0200042724609,86759500,-2.1846598116614824,2.5486372853585237,187.30800170898436,194.34350128173827,223.34579986572265,190.51665067515944,201.28851121791465,-10.771860542755206,-11.920618356799448,2.1824023921001987,3.2854355765293697,217.57040015923874,171.1166024042378,0.23902933439311272,33.251054627159235,-9.151024203496172,102395140.0,0.027986054651206665,0.9468801532277045,-2.8103539988478476,2.115430374167171,1.0555473441792307,0.0,0.0,1.0
2024-02-14,AAPL,183.32148884677065,183.52921572281525,180.4725423642709,182.16409301757807,54630500,-0.4809934239779934,-0.1574762784602446,185.09943084716798,187.1227165222168,187.92293518066407,185.22630904710815,186.02762736895346,-0.801318321845315,-0.38087120565206395,0.8564430618173161,1.2571689573365705,193.8229819954723,180.42245104896128,0.07161359772649517,40.55866595819132,-3.359307971943848,57309480.0,0.016779779746436574,0.9735006866253463,-1.1274318901786318,-0.9001874948184718,0.40939591425863675,1.0,0.0,0.0
2024-02-14,MSFT,400.2792461565028,402.01544302317166,396.8460672009255,401.672119140625,20401200,0.9665315152391551,-0.7155223920512932,402.08379211425785,397.6055374145508,379.1492333984375,400.4154961414345,393.0272713021924,7.3882248392421275,8.014801687294339,1.51426095300553,1.3432030696488513,411.2961260412806,383.91494878782095,0.06886518088130034,58.21068296732291,-26.68005994630709,23767690.0,0.012869640624562107,1.0102276788007465,-2.152848328224932,-1.2578880649271595,1.5551424699875804,0.0,1.0,0.0
2024-02-14,TSLA,185.3000030517578,188.88999938964844,183.3500061035156,188.7100067138672,81203000,2.5486372853585237,6.221180550417671,187.4500030517578,193.00150146484376,222.3433999633789,190.23870545034524,200.35677014354076,-10.118064693195521,-11.560107624078663,2.2528186027540893,3.357421744329562,214.07067686906242,171.9323260606251,0.21833172534211118,38.61954467899419,-6.404485964073103,100193300.0,0.029357178151834275,0.9777644488856048,-2.1846598116614824,-2.8103539988478476,2.115430374167171,0.0,0.0,1.0
2024-02-15,AAPL,181.57057328309747,182.5004386022798,179.3943014199978,181.87722778320312,65434500,-0.1574762784602446,-0.8430215144822228,184.826220703125,186.89867782592773,187.8175128173828,184.71106577573815,185.72019036260156,-1.0091245868634076,-0.5065218818943327,0.7173564348478291,1.0060513845937082,193.99457574135556,179.8027799104999,0.07593309913124961,40.00156858858757,19.77649847612597,57364390.0,0.017078208306454398,0.9731327685078572,-0.4809934239779934,-1.1274318901786318,-0.9001874948184718,1.0,0.0,0.0
2024-02-15,MSFT,400.34791702088137,401.3190066322356,396.5714141818058,398.7980651855469,21825500,-0.7155223920512932,-0.6149076949742538,402.4295959472656,398.2635803222656,379.8967126464844,400.16666060975945,393.45473751577424,6.711923093985206,7.754225968632513,1.478576103037232,1.3443277047058388,410.74365970332235,385.7835009412089,0.06267246114223217,55.357241936982525,6.981452071446781,22884470.0,0.011904752968700881,1.0013420380112306,0.9665315152391551,-2.152848328224932,-1.2578880649271595,0.0,1.0,0.0
2024-02-15,TSLA,189.16000366210935,200.8800048828125,188.8600006103516,200.4499969482422,120831800,6.221180550417671,-0.24943876658132247,188.60900268554684,192.43000106811525,221.64079986572267,191.8096733730986,200.3636758327779,-8.554002459679282,-10.958886591198787,2.976172806127208,3.673848421906719,211.9026440245133,172.95735811171718,0.2023867676382255,49.55641450371528,48.80213785204981,103092150.0,0.05996510080049825,1.0416774714733181,2.5486372853585237,-2.1846598116614824,-2.8103539988478476,0.0,0.0,1.0
2024-02-16,AAPL,181.44199396902647,182.8565806751117,179.71086599707365,180.34396362304688,49752500,-0.8430215144822228,-0.4113961375145969,184.4994689941406,186.45324325561523,187.60258666992186,184.03920390609335,185.32195134485676,-1.2827474387634084,-0.6617669932681478,0.7417725019908592,0.9370105836059838,194.0291847437904,178.87730176744006,0.08126371368921756,37.07066475558721,-23.96595068350793,52084470.0,0.01744286093552423,0.9672342538756865,-0.1574762784602446,-0.4809934239779934,-1.1274318901786318,1.0,0.0,0.0
2024-02-16,MSFT,400.17136177032233,400.49507828913886,395.7376668083811,396.3458251953125,22296500,-0.6149076949742538,-0.314318581154438,401.8017242431641,398.5640274047852,380.5289605712891,399.5788397767676,393.66889215870304,5.909947618064564,7.385370298518923,1.3552882834541589,1.331982261564635,410.51888728762543,386.6091675219449,0.05998965817704763,52.9713015531758,2.1580261620581354,22288450.0,0.012003183024353496,0.9944345147656293,-0.7155223920512932,0.9665315152391551,-2.152848328224932,0.0,1.0,0.0
2024-02-16,TSLA,202.05999755859372,203.1699981689453,197.3999938964844,199.9499969482422,111346700,-0.24943876658132247,-3.095775211743823,189.81300201416013,191.81800079345703,220.86539978027344,193.06203084619762,200.3330329524419,-7.271002106244282,-10.221309694207887,2.9664460960206047,3.6728935182819615,209.34827511593295,174.2877264709811,0.1827802839145624,49.154702360509646,-7.849837542766059,103165550.0,0.02885723611165894,1.042394332758902,6.221180550417671,2.5486372853585237,-2.1846598116614824,0.0,0.0,1.0
2024-02-20,AAPL,179.82955095197704,180.46264852115328,178.0588611409836,179.60203552246094,53665600,-0.4113961375145969,0.41860093272962917,183.91773223876953,185.8556121826172,187.39455627441407,183.35656261630376,184.89825387653113,-1.541691260227367,-0.8377518466599917,0.6202938083091404,0.8726460533950757,193.62054133070944,178.09068303452494,0.0835587266577952,35.7073029750141,7.865132405406761,50484150.0,0.013383965126993634,0.9663525002731064,-0.8430215144822228,-0.1574762784602446,-0.4809934239779934,1.0,0.0,0.0
2024-02-20,MSFT,395.5414273661721,396.76756266074034,390.4112964520626,395.10003662109375,24307900,-0.314318581154438,-0.15145244657337464,401.5946350097656,398.9079284667969,381.2091381835937,398.8897931374332,393.77490285962085,5.1148902778123215,6.931274294377603,1.2908518286298423,1.3273123563807891,409.97271724661596,387.8431396869778,0.05547540166647784,51.750992362114296,9.021146816764958,22184010.0,0.01608773884972709,0.9904542086683041,-0.6149076949742538,-0.7155223920512932,0.9665315152391551,0.0,1.0,0.0
2024-02-20,TSLA,196.1300048828125,198.6000061035156,189.1300048828125,193.75999450683597,104545800,-3.095775211743823,0.5212684735028228,191.08300170898434,191.06600036621094,219.9531997680664,193.1694098709112,199.84614121573034,-6.676731344819132,-9.512394024330137,2.8816520081311294,3.717265819679504,206.718797699402,175.4132030330199,0.16384701938795768,44.360493487464375,-6.107859505490509,100190690.0,0.04887490446521967,1.0140998091521334,-0.24943876658132247,6.221180550417671,2.5486372853585237,0.0,0.0,1.0
2024-02-21,AAPL,179.9779444437335,180.91769653606136,178.71174929095213,180.35385131835935,41371400,0.41860093272962917,1.1244053344975136,183.2511245727539,185.2318489074707,187.1630322265625,182.89460703200461,184.5616314648147,-1.6670244328100807,-1.0036063638900097,0.5366345676924092,0.8596609258022143,192.6339124234487,177.8297853914927,0.07992214686228792,38.188077545799594,-22.90890253719329,50272210.0,0.012231217847493073,0.9736654489069638,-0.4113961375145969,-0.8430215144822228,-0.1574762784602446,1.0,0.0,0.0
2024-02-21,MSFT,392.5300428466808,394.6095634160917,389.6363517174895,394.5016479492188,18518900,-0.15145244657337464,2.3546630587226947,401.34337158203124,399.1049087524414,381.83524658203123,398.2146938777079,393.8287358292207,4.3859580484871685,6.422211045199517,1.2912863289272982,1.322870665687267,409.67324111497425,388.5365763899086,0.052960172279355254,51.1415580579488,-23.815302843931395,22197640.0,0.012606314129370539,0.9884660381211249,-0.314318581154438,-0.6149076949742538,-0.7155223920512932,0.0,1.0,0.0
2024-02-21,TSLA,193.3600006103516,199.44000244140625,191.9499969482422,194.7700042724609,103500300,0.5212684735028228,1.3554445406056326,192.0500015258789,190.34750061035157,218.99579986572266,193.4156551634573,199.47013107178446,-6.054475908327163,-8.820810401129542,2.8321291019866544,3.720501548680757,203.6498405069037,177.04516071379945,0.1397689998964842,45.29800048494812,-1.0000401737802922,98273120.0,0.03845564167409681,1.0232338415157989,-3.095775211743823,-0.24943876658132247,6.221180550417671,0.0,0.0,1.0
2024-02-22,AAPL,181.50135795637885,182.9654085889493,180.4923684458442,182.3817596435547,52292200,1.1244053344975136,-1.0034159177971014,182.77643890380858,184.74307174682616,186.94361267089843,182.81570743378154,184.4001594780547,-1.5844520442731493,-1.1197754999666376,0.7078005842789572,0.9190617342770255,191.48083835409759,178.00530513955474,0.07294202205866676,44.41798376557789,26.396979555925103,50157530.0,0.01355969011341037,0.9872183996891237,0.41860093272962917,-0.4113961375145969,-0.8430215144822228,1.0,0.0,0.0
2024-02-22,MSFT,402.3587150074255,404.9482969480148,400.7696485996868,403.7908325195313,27009900,2.3546630587226947,-0.318227419011341,401.18292236328125,399.58717193603513,382.5829083251953,399.0725613610653,394.5666689173919,4.505892443673417,6.0389473248942975,1.3381647611027405,1.408262119552437,410.08265573761014,389.0916881344601,0.05253163534116203,59.178272011289124,45.8504554806171,22664580.0,0.010348546850988476,1.0105200088459523,-0.15145244657337464,-0.314318581154438,-0.6149076949742538,0.0,1.0,0.0
2024-02-22,TSLA,194.0,198.32000732421875,191.3600006103516,197.41000366210935,92739500,1.3554445406056326,-2.7556873210526023,193.0330017089844,189.8265007019043,218.06720001220702,194.03017031709606,199.31752904143818,-5.287358724342113,-8.114120065772056,2.8326200576480103,3.7373364169201824,200.87029347401523,178.7827079297934,0.11635670184379192,47.77503655161466,-10.396878076681904,96393550.0,0.03525660597109373,1.0399496536688198,0.5212684735028228,-3.095775211743823,-0.24943876658132247,0.0,0.0,1.0
2024-02-23,AAPL,183.01485026342843,183.0445255364629,180.26483093781445,180.5517120361328,45119700,-1.0034159177971014,-0.745125537105551,182.22643585205077,184.17909240722656,186.73758361816405,182.46740044952787,184.11508929717158,-1.6476888476437068,-1.2253581695020515,0.7415070931631551,0.9336986136169421,190.27656727224476,178.08161754220836,0.06621245425117488,40.45534968369539,-13.7161947670972,50573300.0,0.015395559351396106,0.9803051458030129,1.1244053344975136,0.41860093272962917,-0.4113961375145969,1.0,0.0,0.0
2024-02-23,MSFT,407.73411674298126,407.9204617572133,401.162019956702,402.505859375,16295900,-0.318227419011341,-0.6823555315091379,400.8880950927734,399.89210205078126,383.36224670410155,399.60076105551684,395.15475709943695,4.446003956079892,5.720358651131417,1.3410243352330966,1.4076046419657942,410.3528994085958,389.4313046929667,0.0523180993281341,57.76284138587433,-39.66693693793757,22171640.0,0.016790915319855434,1.0065361564052266,2.3546630587226947,-0.15145244657337464,-0.314318581154438,0.0,1.0,0.0
2024-02-23,TSLA,195.30999755859372,197.57000732421875,191.5,191.97000122070312,78841900,-2.7556873210526023,3.870392576202164,193.2740020751953,190.29350051879882,217.1117999267578,193.71322122534332,198.77326772138372,-5.0600464960404,-7.503305351825725,3.0076892097625185,2.5658289250743627,200.83443546273716,179.75256557486048,0.1107860743031212,43.41263876044934,-14.985631796591525,95974340.0,0.03161956183581108,1.0088100786276655,1.3554445406056326,0.5212684735028228,-3.095775211743823,0.0,0.0,1.0
2024-02-26,AAPL,180.2747302189796,180.7891116738245,178.70186529911302,179.2063751220703,40867400,-0.745125537105551,0.8114287670221598,181.46573028564453,183.63429336547853,186.4744158935547,181.9657042453036,183.75148083975665,-1.78577659445304,-1.3374418544922493,0.7084155379505463,0.9290329147122768,189.44368584961686,177.8249008813402,0.06327132451863088,37.78655144644474,-9.424486421673905,50144520.0,0.011647165862764068,0.9758873020814498,-1.0034159177971014,1.1244053344975136,0.41860093272962917,1.0,0.0,0.0
2024-02-26,MSFT,403.6044817802024,404.2911294979053,399.5827521513917,399.7593383789063,16193500,-0.6823555315091379,-0.01471069401040026,399.6880767822266,400.10572357177733,384.0263421630859,399.62515756680756,395.49583719421247,4.129320372595089,5.402150995424152,1.2220778039264484,1.4165278130381551,410.3602070029148,389.85124014063985,0.051258868978903145,54.74863385444367,-0.6283789173963994,21587710.0,0.011778029665565513,0.9991342658390917,-0.318227419011341,2.3546630587226947,-0.15145244657337464,0.0,1.0,0.0
2024-02-26,TSLA,192.2899932861328,201.77999877929688,192.0,199.3999938964844,111747100,3.870392576202164,0.1654974128163511,193.85700073242188,191.10100021362305,216.35959991455078,194.5881093285958,198.81969188250227,-4.231582553906463,-6.848960792241873,3.180284467433173,2.6886214258427583,201.8425077724766,180.3594926547695,0.1124170731377242,50.112828374540115,41.73567608086564,98701420.0,0.04904713680369528,1.0434272645019351,-2.7556873210526023,1.3554445406056326,0.5212684735028228,0.0,0.0,1.0
2024-02-27,AAPL,179.1470080612827,181.93658908973129,177.62360710096542,180.66050720214844,54318900,0.8114287670221598,-0.6625468220785136,181.01860504150392,183.1962860107422,186.17611358642577,181.76490470020283,183.52251982956346,-1.7576151293606301,-1.4214765094659254,0.7806143845947686,0.9608188577009104,188.4645098675511,177.9280621539333,0.05751452686655433,42.223159392640014,32.91498847492134,51398220.0,0.023873407949308464,0.9861581320024956,-0.745125537105551,-1.0034159177971014,1.1244053344975136,1.0,0.0,0.0
2024-02-27,MSFT,400.2007738907874,400.524490398334,396.13982903252327,399.7005310058594,14835800,-0.01471069401040026,0.05889724416023867,399.0001251220703,400.0329559326172,384.68945678710935,399.6367534805079,395.8072959950752,3.8294574854326697,5.087612293425856,1.1748425642827756,1.3793284836772988,410.27671127336095,389.78920059187345,0.051214557144983006,54.68283638738715,-8.384228239725811,20951000.0,0.01096986625155742,0.9991690061485489,-0.6823555315091379,-0.318227419011341,2.3546630587226947,0.0,1.0,0.0
2024-02-27,TSLA,204.0399932861328,205.6000061035156,198.25999450683597,199.72999572753903,108645400,0.1654974128163511,1.156560160219966,195.01699981689453,191.54100036621094,215.5683999633789,195.37916877458707,198.88712179694943,-3.507953022362358,-6.180759238265971,2.9858096201706643,2.5410233965012283,202.95302767207008,180.1289730603518,0.11916015144580289,50.393770276503545,-2.775642499894848,100016100.0,0.03674967082406832,1.0427532243523392,3.870392576202164,-2.7556873210526023,1.3554445406056326,0.0,0.0,1.0
2024-02-28,AAPL,180.54178846123017,181.14521076395337,178.1874648834917,179.4635467529297,48953900,-0.6625468220785136,-0.3693121938747823,180.66050720214844,182.88070983886718,185.8509085083008,181.41084963139159,183.2218551572202,-1.8110055258286195,-1.4993823127384642,0.7344664924427816,0.882022953156307,188.25362075219596,177.5077989255384,0.058758640187505325,39.712680321157855,-9.876856858294259,50640660.0,0.016481039932491885,0.9813147975587568,0.8114287670221598,-0.745125537105551,-1.0034159177971014,1.0,0.0,0.0
2024-02-28,MSFT,400.3871530513853,401.48576558617054,397.5817696096978,399.9359436035156,13183100,0.05889724416023867,1.4519766005618662,399.2110198974609,400.02727966308595,385.5225518798828,399.6827827302014,396.1131217438486,3.569660986352801,4.784022032011245,0.944497036105514,1.3779524966309649,410.2711222896018,389.7834370365701,0.05121572026359555,54.916417065748185,-11.13994526752855,19486820.0,0.009761553165981615,0.999771675422618,-0.01471069401040026,-0.6823555315091379,-0.318227419011341,0.0,1.0,0.0
2024-02-28,TSLA,200.4199981689453,205.3000030517578,198.44000244140625,202.0399932861328,99806200,1.156560160219966,-0.07918650199801869,196.81899871826172,192.06350021362306,214.5881997680664,196.40391100713256,199.12066783318522,-2.7167568260526593,-5.487958755823309,2.8168024921213584,2.548986425351166,204.40410136128858,179.72289906595753,0.12850542798542838,52.413937236205456,-8.135825354778026,101320770.0,0.03395367668932903,1.0519437220576184,0.1654974128163511,3.870392576202164,-2.7556873210526023,0.0,0.0,1.0
2024-02-29,AAPL,179.31516246277232,180.6011460945577,177.59392143922238,178.80076599121094,136682600,-0.3693121938747823,-0.6030268085022494,180.3241744995117,182.71180267333983,185.52311737060546,181.00929830213303,182.89436707084914,-1.8850687687161098,-1.5765196039339933,0.7304720108726631,0.7805948162241155,188.3817908973508,177.04181444932885,0.062064827132684276,38.35286942396927,179.20676391462172,58845870.0,0.016818857786566357,0.9785945044331853,-0.6625468220785136,0.8114287670221598,-0.745125537105551,1.0,0.0,0.0
2024-02-29,MSFT,400.8383784661031,406.2922261701258,398.1703067167653,405.742919921875,31947300,1.4519766005618662,0.4496447789698932,399.61809997558595,400.8509460449219,386.37779357910154,400.6151115289204,396.8264401274061,3.788671401514307,4.584951905911858,1.006862812949369,1.256577330971147,410.0484246527303,391.6534674371135,0.04588976874600013,60.34599742154614,142.33526257101894,20641430.0,0.0200174027803722,1.0122039723872944,0.05889724416023867,-0.01471069401040026,-0.6823555315091379,0.0,1.0,0.0
2024-02-29,TSLA,204.17999267578125,205.27999877929688,198.4499969482422,201.8800048828125,85907000,-0.07918650199801869,0.3764585340074067,198.13599853515626,192.79300079345703,213.55579986572266,197.24638698800638,199.32506317019465,-2.078676182188275,-4.806102241096302,2.775839226777735,2.480448119867795,205.65922379357184,179.9267777933422,0.13347188899143342,52.255213332739544,-13.92618895419323,101791170.0,0.033831987645430134,1.0471334750325847,1.156560160219966,0.1654974128163511,3.870392576202164,0.0,0.0,1.0
2024-03-01,AAPL,177.61373507516265,178.58316252471684,175.46713817545924,177.72254943847656,73563100,-0.6030268085022494,-2.5381238878788737,179.90870666503906,182.36746368408203,185.20695709228517,180.5036446308013,182.51126946845116,-2.007624837649871,-1.662740650677169,0.7421832216882714,0.711642794933992,188.37845878042233,176.35646858774172,0.06592179300967028,36.182334933905565,-46.1796161325582,59658730.0,0.017533083782012116,0.9745299180469389,-0.3693121938747823,-0.6625468220785136,0.8114287670221598,1.0,0.0,0.0
2024-03-01,MSFT,403.4180696743678,407.9302529902988,403.0355310756915,407.56732177734375,17823400,0.4496447789698932,-0.13957894645413305,400.4950256347656,401.4623107910156,387.2319256591797,401.6846823363702,397.62206099036445,4.062621346005756,4.4804857939306375,0.9679746401831129,1.2179909844323509,410.7425534844307,392.18206809760056,0.04623219885886606,61.898543686344844,-44.20999583689389,20241220.0,0.012009603452166192,1.0152069343054873,1.4519766005618662,0.05889724416023867,-0.01471069401040026,0.0,1.0,0.0
2024-03-01,TSLA,200.5200042724609,204.5200042724609,198.5,202.63999938964844,82243100,0.3764585340074067,-7.155546804023882,198.35499877929686,193.48200073242188,212.56699981689454,198.07617351133592,199.57061400126528,-1.4944404899293602,-4.143769890862914,1.9911359296467759,2.47834905516291,206.92438476648584,180.03961669835792,0.1389522951300701,52.98358277167497,-4.264960946139428,97932300.0,0.02970787747035708,1.0473325612850763,-0.07918650199801869,1.156560160219966,0.1654974128163511,0.0,0.0,1.0
2024-03-04,AAPL,174.25039570154502,174.99230771576262,171.91584529303745,173.21173095703125,81510100,-2.5381238878788737,-2.8441090792102997,179.1954833984375,181.84747619628905,184.77983337402344,179.3818117579136,181.82241476390155,-2.4406030059879527,-1.8183131217393258,1.0342711386665784,0.8832814006582671,189.08043320069578,174.61451919188232,0.07954971007240551,28.8310490273267,10.802970511030674,62834490.0,0.017761282135609808,0.9525110525595843,-0.6030268085022494,-0.3693121938747823,-0.6625468220785136,1.0,0.0,0.0
2024-03-04,MSFT,405.54668869062186,409.3820433456456,404.4480762959748,406.9984436035156,17596000,-0.13957894645413305,-2.9572021197425857,401.56028747558594,401.681005859375,388.0627362060547,402.5021840697772,398.31660785059785,4.185576219179325,4.421503878980375,0.933367880674809,1.152719603966103,411.2773344342757,392.08467728447425,0.04778084318112027,61.09529735128726,-1.275850847761928,19771170.0,0.01212281552230544,1.0132379616326748,0.4496447789698932,1.4519766005618662,0.05889724416023867,0.0,1.0,0.0
2024-03-04,TSLA,198.72999572753903,199.75,186.72000122070312,188.13999938964844,134334900,-7.155546804023882,-3.933237971984116,197.1739990234375,193.49350051879884,211.18539978027343,196.5475313387686,198.72390180781218,-2.176370469043576,-3.7502900064990463,3.051407342320873,2.9957572002705115,206.9161930289856,180.0708080086121,0.13874050006018335,40.33925237468383,63.33880896999262,100231120.0,0.06925693006042283,0.9723323981694657,0.3764585340074067,-0.07918650199801869,1.156560160219966,0.0,0.0,1.0
2024-03-05,AAPL,168.91849794898403,170.1846930657021,167.7907924514621,168.285400390625,95132400,-2.8441090792102997,-0.5878271630371246,178.0638198852539,180.99077606201172,184.29587493896486,177.6746715475615,180.81967295847366,-3.1450014109121582,-2.083650779573892,1.2918391662661868,1.0002453636726887,190.2244895135923,171.75706261043115,0.10203518270364101,23.270420968887976,16.71240741944864,66981170.0,0.014225242407738729,0.9298009768904822,-2.5381238878788737,-0.6030268085022494,-0.3693121938747823,1.0,0.0,0.0
2024-03-05,MSFT,406.0567462440755,406.3412180011649,392.991071894389,394.9626770019531,26919200,-2.9572021197425857,-0.13907285945125025,401.5465515136719,401.5705932617187,388.70452575683595,401.3422599054965,398.068168528476,3.274091377020511,4.192021378588402,1.3829363017108405,1.3022605942314158,411.4325516471115,391.70863487632596,0.04911693510866896,47.153434124600565,52.9847692657422,20032300.0,0.03380103205728957,0.9835448203363363,-0.13957894645413305,0.4496447789698932,1.4519766005618662,0.0,1.0,0.0
2024-03-05,TSLA,183.0500030517578,184.58999633789065,177.57000732421875,180.7400054931641,119660800,-3.933237971984116,-2.323786698783814,195.87200012207032,193.47750091552734,209.85739990234376,194.11560428559866,197.39176134006047,-3.2761570544618053,-3.655463416091598,3.138850269978356,3.0150713305138845,206.96321048506192,179.99179134599277,0.13940338804998795,35.66183387908163,-10.9235202467862,101742620.0,0.0388402611503595,0.9341654954085619,-7.155546804023882,0.3764585340074067,-0.07918650199801869,0.0,0.0,1.0
2024-03-06,AAPL,169.21525418377138,169.39332087872134,166.8609157238647,167.29617309570312,68587700,-0.5878271630371246,-0.07093264618263095,176.75805206298827,180.00458831787108,183.7950961303711,176.07797947804482,179.81793222789804,-3.7399527498532166,-2.4149111736297573,1.238196391201164,0.9490972076252173,190.63455694427148,169.37461969147068,0.11810775187162317,22.338715132559628,-27.90290164024034,69702800.0,0.015137256925823104,0.9293994928633369,-2.8441090792102997,-2.5381238878788737,-0.6030268085022494,1.0,0.0,0.0
2024-03-06,MSFT,395.2765951551313,397.4247865981622,390.784048581795,394.4133911132813,22344100,-0.13907285945125025,1.753339371647078,401.5377258300781,401.4405487060547,389.2781512451172,400.27628009130956,397.7974442754986,2.478835815810953,3.8493842660329123,1.3827860576151358,1.3025302027696353,411.6189975672272,391.2620998448822,0.05070962011177122,46.63044582745148,-16.9956759487652,20414820.0,0.01683699936663634,0.9824951474996143,-2.9572021197425857,-0.13957894645413305,0.4496447789698932,0.0,1.0,0.0
2024-03-06,TSLA,179.99000549316406,181.5800018310547,173.6999969482422,176.5399932861328,107920900,-2.323786698783814,1.1951969472048907,194.0489990234375,193.04950027465821,208.2981997680664,191.41166413183467,195.8471859286584,-4.4355217968237355,-3.811475092238026,3.150029710336756,3.012449711702395,208.10650617482972,177.9924943744867,0.15599114091203944,33.30163898472131,-9.810982376851907,102184680.0,0.04463580595044394,0.914480446905914,-3.933237971984116,-7.155546804023882,0.3764585340074067,0.0,0.0,1.0
2024-03-07,AAPL,167.32588185679398,168.88884496206234,166.67301076258389,167.17750549316406,71765100,-0.07093264618263095,1.023662976347972,175.2376266479492,179.0070327758789,183.31328338623047,174.70867578806318,178.88160432162147,-4.1729285335582915,-2.766514645615464,1.0864167902170172,0.9451660233064858,190.5292040276415,167.48486152411633,0.1287342857214847,22.223764079305354,4.632609053809933,71650090.0,0.013254380085059091,0.9339158518004949,-0.5878271630371246,-2.8441090792102997,-2.5381238878788737,1.0,0.0,0.0
2024-03-07,MSFT,398.3664344564578,401.9565620702222,394.56050584072034,401.3287963867188,18718500,1.753339371647078,-0.7137011736676246,401.29152221679686,401.2372222900391,389.9697198486328,400.4382056752187,398.0590259133668,2.3791797618519013,3.5553433651967103,1.2784616793586814,1.2738005526115028,411.24405472989184,391.2303898501863,0.049879880947930604,53.60691632448821,-16.226207365702805,19585680.0,0.01842891986842397,1.0002282293157077,-0.13907285945125025,-2.9572021197425857,-0.13957894645413305,0.0,1.0,0.0
2024-03-07,TSLA,174.35000610351562,180.0399932861328,173.6999969482422,178.64999389648438,102129000,1.1951969472048907,-1.8527834714126334,192.172998046875,192.60299987792968,206.82039978027345,189.4483302494731,194.57331985220105,-5.124989602727965,-4.074177994336013,3.1374809761492752,3.0087479264011323,208.82729546944728,176.37870428641207,0.16847396563709224,35.60731068475897,-5.366801055217296,103123630.0,0.0354883658242061,0.9275556144489514,-2.323786698783814,-3.933237971984116,-7.155546804023882,0.0,0.0,1.0
2024-03-08,AAPL,167.17750030588184,171.82681238429842,167.11814976227143,168.8888397216797,76267000,1.023662976347972,1.18314476325585,174.07133941650392,178.14888763427734,182.87656494140626,173.81331639323494,178.1413995364406,-4.328083143205646,-3.0788283451335006,1.2357945285285847,1.0090740784629402,190.01332966505566,166.28444560349902,0.1331969252048869,27.979467958000683,6.273104893604264,74764820.0,0.02788024732591349,0.9480207368366641,-0.07093264618263095,-0.5878271630371246,-2.8441090792102997,1.0,0.0,0.0
2024-03-08,MSFT,400.1712786506048,402.58433424165736,396.6105772929008,398.4645080566406,18002200,-0.7137011736676246,-0.4184765355595865,400.88738708496095,400.8877410888672,390.60243530273436,400.1345598877451,398.08906162768335,2.045498260061777,3.253374344169724,1.2935799735282185,1.2824583651248538,410.76181322243673,391.01366895529765,0.04926103306002912,50.6534308873675,-3.8266955151320836,19756310.0,0.014991942388774541,0.9939553326683307,1.753339371647078,-0.13907285945125025,-2.9572021197425857,0.0,1.0,0.0
2024-03-08,TSLA,181.5,182.72999572753903,174.6999969482422,175.33999633789062,85544600,-1.8527834714126334,1.3858834181150304,190.50999755859374,191.89199981689453,205.195,187.27781733999888,193.14862922151138,-5.870811881512509,-4.433504771771313,3.0923572652639044,3.0151314027926928,209.8332659912848,173.95073364250425,0.18699337326735907,33.642587058075605,-16.23867853401091,103793900.0,0.04579673176120387,0.9137431289746419,1.1951969472048907,-2.323786698783814,-3.933237971984116,0.0,0.0,1.0
2024-03-11,AAPL,171.07499261235472,172.49946586057737,170.1945911039721,170.8870391845703,60139500,1.18314476325585,0.2778578178383784,173.2394058227539,177.35256805419922,182.47783477783204,173.36311989959424,177.60403951037614,-4.240919610781901,-3.311246598263181,1.3645257106220396,1.0585038309133012,188.90210725427497,165.80302885412348,0.13024383381408025,34.11079488651386,-21.1461051306594,76692030.0,0.013487709586423589,0.9635442049666119,1.023662976347972,-0.07093264618263095,-0.5878271630371246,1.0,0.0,0.0
2024-03-11,MSFT,396.051557611515,397.9348848449285,393.5992867821094,396.7970275878906,16120800,-0.4184765355595865,2.6599252667520057,400.5911560058594,400.13961639404295,391.21335571289063,399.6210933800752,397.99335540251354,1.627737977561651,2.9282470708481094,1.282875242413224,1.224724238985318,408.7291656643543,391.5500671237316,0.04293276105834357,48.96219723116223,-10.450944884514113,19749040.0,0.010926488258178173,0.9916464437181329,-0.7137011736676246,1.753339371647078,-0.13907285945125025,0.0,1.0,0.0
2024-03-11,TSLA,175.4499969482422,182.8699951171875,174.8000030517578,177.77000427246094,85391500,1.3858834181150304,-0.1293868373742013,188.3469985961914,191.10199966430665,203.5216000366211,185.81507686806998,192.00947181787802,-6.194394949808043,-4.785682807378659,2.7512397692147803,2.988080779860896,210.09288914685425,172.11111018175905,0.19875134238163236,36.416369024748505,-0.1789709695293462,101158340.0,0.04539569033851816,0.9302362329265788,-1.8527834714126334,1.1951969472048907,-2.323786698783814,0.0,0.0,1.0
2024-03-12,AAPL,171.28272310113206,172.15323790323208,169.16580172767317,171.3618621826172,59825400,0.2778578178383784,-1.2122484644541132,172.30954132080078,176.66407318115233,182.08010498046875,173.05523409698236,177.14165600461624,-4.086421907633877,-3.4662816601373203,1.3186969898398104,1.0642618525034162,187.89845224008135,165.4296941222233,0.12718351679131984,35.51564534521037,-0.5222856857805547,77242680.0,0.017433495046728986,0.9699870443205607,1.18314476325585,1.023662976347972,-0.07093264618263095,1.0,0.0,0.0
2024-03-12,MSFT,399.8377720230612,407.6360037253644,399.0236314366351,407.3515319824219,22457000,2.6599252667520057,-0.043332026030684645,401.35625610351565,400.17819061279295,392.0116717529297,400.8103916265901,398.68655366769195,2.12383795889815,2.767365248458118,1.5466574236331938,1.3498023587145311,408.89549955295206,391.46088167263383,0.043567136563890684,58.42444958556701,39.30450101731924,20511160.0,0.021142358902680902,1.0179253680932596,-0.4184765355595865,-0.7137011736676246,1.753339371647078,0.0,1.0,0.0
2024-03-12,TSLA,177.77000427246094,179.42999267578125,172.41000366210938,177.5399932861328,87391700,-0.1293868373742013,-4.539820808488959,186.12799835205078,190.57249908447267,202.00880004882814,184.5419870862335,190.9376585933043,-6.3956715070708015,-5.107680547317088,2.7376381283628963,2.9330466881115114,210.48067668272347,170.66432148622187,0.208930225440622,36.261858344913804,2.3423877083784683,99032970.0,0.03954032487969114,0.9316139219407356,1.3858834181150304,-1.8527834714126334,1.1951969472048907,0.0,0.0,1.0
2024-03-13,AAPL,170.90684419661972,171.3223130850131,168.91851047344855,169.28453063964844,52488700,-1.2122484644541132,1.0927391001683606,171.29163970947266,175.97607345581054,181.66157501220704,172.47512587277714,176.5596467183223,-4.084520845545171,-3.5899294972188907,1.3366746861982202,1.0675596391859556,187.25048934113198,164.7016575704891,0.12813578191529057,32.27358026155933,-12.263520177048548,77596160.0,0.01419977715909232,0.9619747009650013,0.2778578178383784,1.18314476325585,1.023662976347972,1.0,0.0,0.0
2024-03-13,MSFT,410.1177430442753,410.196202532466,403.5947092048327,407.1750183105469,17115900,-0.043332026030684645,2.4379584616188277,402.0801635742188,400.64559173583984,392.7915740966797,401.7895649625834,399.315328826422,2.474236136161437,2.7087394259987816,1.5480351588192838,1.2499576585452337,409.8224242569508,391.4687592147289,0.045810225847494515,58.2300144967056,-23.783675468673458,20904440.0,0.01621291344204811,1.016297262991008,2.6599252667520057,-0.4184765355595865,-0.7137011736676246,0.0,1.0,0.0
2024-03-13,TSLA,173.0500030517578,176.0500030517578,169.14999389648438,169.47999572753906,106524500,-4.539820808488959,-4.118477639544138,182.87199859619142,189.84549865722656,200.42880004882812,182.22475764643434,189.34820208472908,-7.12344443829474,-5.5108333255126185,2.7995524572792316,3.059442077737597,211.72546647098662,167.9655308434665,0.23050288754294032,31.25711544457566,21.8931546130811,99704800.0,0.04071282351438155,0.8927259109447825,-0.1293868373742013,1.3858834181150304,-1.8527834714126334,0.0,0.0,1.0
2024-03-14,AAPL,171.0453430786352,172.43023944819464,170.19461671040915,171.13436889648438,72913500,1.0927391001683606,-0.2196610358093154,170.525,175.42458724975586,181.4161819458008,172.2688555687321,176.15777428707506,-3.88891871834295,-3.649727341443703,1.4377035371036067,1.1169307664973958,186.5018463694285,164.3473281300832,0.12629083862573617,37.72521649667693,38.91275645996186,71219250.0,0.013063552062635486,0.9755438024935272,-1.2122484644541132,0.2778578178383784,1.18314476325585,1.0,0.0,0.0
2024-03-14,MSFT,412.21684262615895,419.6521433696343,410.009799228429,417.1017761230469,34157300,2.4379584616188277,-2.069516127604343,403.21604919433594,401.4170745849609,393.87125122070313,404.14528975650086,400.6328434409868,3.512446315514069,2.869480803901839,1.6643496348158044,1.3420906301334226,413.18559854701357,389.64855062290826,0.05863489476236426,65.23672880762531,99.56473220806386,21125440.0,0.023117485211476902,1.0390733292904966,-0.043332026030684645,2.6599252667520057,-0.4184765355595865,0.0,1.0,0.0
2024-03-14,TSLA,167.77000427246094,171.1699981689453,160.50999450683594,162.5,126325700,-4.118477639544138,0.6584660456730784,178.93399810791016,188.5349983215332,198.7104000854492,179.1901795469829,187.35944637474915,-8.16926682776625,-6.042520025963345,2.830046057527021,3.0882479617606102,213.60803035129095,163.46196629177547,0.26597748166626806,27.69260089507985,18.588399851677305,103746670.0,0.06560002253605769,0.8619089370498079,-4.539820808488959,-0.1293868373742013,1.3858834181150304,0.0,0.0,1.0
2024-03-15,AAPL,169.3240932528417,170.75845336914062,168.45357838204507,170.75845336914062,121752700,-0.2196610358093154,0.6372183786969687,169.8285903930664,174.86864852905273,181.1907357788086,172.03648599956418,175.75782458945028,-3.721338589886102,-3.664049591132183,1.4376257358263778,1.116582534223849,185.69558189412032,164.04171516398515,0.12382932510934112,37.07214953867158,66.98238323492906,76038210.0,0.013497867552787842,0.976495528532496,1.0927391001683606,-1.2122484644541132,0.2778578178383784,1.0,0.0,0.0
2024-03-15,MSFT,411.28498921650765,414.5317928189051,404.9090862008724,408.46978759765625,45079900,-2.069516127604343,0.21613422690829331,403.30629577636716,401.9006607055664,394.78357482910155,404.8105971166786,401.21335782296234,3.5972392937162567,3.015032501864723,1.8206367013021871,1.422306344129554,414.0060808230619,389.7952405880709,0.0602408570129919,56.38017762599116,31.97735183987025,23851090.0,0.023557939681725176,1.016345150765757,2.4379584616188277,-0.043332026030684645,2.6599252667520057,0.0,1.0,0.0
2024-03-15,TSLA,163.16000366210938,165.17999267578125,160.75999450683594,163.57000732421875,97146800,0.6584660456730784,6.254200201423088,175.0269989013672,186.69099884033204,197.21280029296875,176.78707612809612,185.5972657043395,-8.810189576243374,-6.59605393601935,2.8588297496808677,2.651830963270379,213.44286977745406,159.93912790321002,0.28658983136087485,29.02873581132353,-23.098150257627704,105237040.0,0.027022057657454614,0.8761536889312613,-4.118477639544138,-4.539820808488959,-0.1293868373742013,0.0,0.0,1.0
2024-03-18,AAPL,173.67661275318792,175.7935338090815,171.64871749027145,171.8465576171875,75604200,0.6372183786969687,1.3585344733894278,169.69207305908202,174.44377822875975,181.03328826904297,172.00726624842932,175.4681011100234,-3.460834861594094,-3.6234066452245655,1.2485775015102196,1.1283151757399736,185.03026884150032,163.8572876160192,0.12137424126250913,40.29402458043574,-37.90347154518955,75447620.0,0.024119286276558547,0.9851114173406268,-0.2196610358093154,1.0927391001683606,-1.2122484644541132,1.0,0.0,0.0
2024-03-18,MSFT,406.34123515822085,412.6975312789775,405.8802070917239,409.3526306152344,20106000,0.21613422690829331,0.9800750234816524,403.5417144775391,402.5510009765625,395.76564453125,405.50937150107177,401.8162669186862,3.6931045823855584,3.15064691796889,1.8202775527014872,1.4115131804334324,414.79662310021047,390.3053788529145,0.06084010271464192,57.02281757019822,-55.399191213822576,24102090.0,0.016653915664368812,1.0168963177887314,-2.069516127604343,2.4379584616188277,-0.043332026030684645,0.0,1.0,0.0
2024-03-18,TSLA,170.02000427246094,174.72000122070312,165.89999389648438,173.8000030517578,108214400,6.254200201423088,-1.4269250195585559,173.59299926757814,185.3834991455078,195.93020050048827,176.32752642404407,184.72339439674087,-8.395867972696806,-6.956016743354842,3.3217790371630755,3.105709204186602,211.96241035872032,158.8045879322953,0.2867451670264426,40.373166474357255,11.392655239287341,102624990.0,0.050748027441588385,0.937516034883676,0.6584660456730784,-4.118477639544138,-4.539820808488959,0.0,0.0,1.0
2024-03-19,AAPL,172.45991109697533,174.7054356079408,171.1640405724947,174.18115234375,55215200,1.3585344733894278,1.4709066979140761,170.28164825439453,174.17273406982423,180.93695678710938,172.34171026309406,175.37277157178093,-3.0310613086868727,-3.504937577917027,0.8580508546915927,1.181884658210944,184.4769746574904,163.86849348215807,0.11832208574661615,46.61014257130911,-26.968078492993776,71455900.0,0.020331677611462155,1.0000483329033716,0.6372183786969687,-0.2196610358093154,1.0927391001683606,1.0,0.0,0.0
2024-03-19,MSFT,409.85292483110754,413.61963925736296,407.61645497892624,413.3645935058594,19837900,0.9800750234816524,0.9064733297891481,405.3819061279297,403.46422882080077,396.83167358398435,406.717867194116,402.6716985177361,4.046168676379921,3.329751269651096,1.4875126047530702,1.4177491108024902,416.0885553986128,390.8399022429887,0.06257965725838438,59.91312555994697,-1.3334328061275214,23393960.0,0.014522734585277502,1.0245383951732085,0.21613422690829331,-2.069516127604343,2.4379584616188277,0.0,1.0,0.0
2024-03-19,TSLA,172.36000061035156,172.82000732421875,167.4199981689453,171.32000732421875,77271400,-1.4269250195585559,2.5332688257929448,172.6509994506836,184.26149978637696,194.60680053710936,175.55713887022478,183.73055090988737,-8.173412039662594,-7.199495802616393,3.1438963557119197,3.0586641658836666,211.24305860565204,157.27994096710188,0.2928615999604483,38.7558407646066,-28.59416122068782,98386050.0,0.03152001473508029,0.9297656185521018,6.254200201423088,0.6584660456730784,-4.118477639544138,0.0,0.0,1.0
2024-03-20,AAPL,173.82501083363408,176.74319458007812,173.20180001631465,176.74319458007812,53423100,1.4709066979140761,-4.0857488041569745,171.22635040283203,173.99220123291016,180.8053207397461,173.01886169647622,175.47428438721033,-2.4554226907341103,-3.295034600480444,0.855475525777957,1.2307751226282257,183.96154098416707,164.02286148165325,0.11459524829979835,52.543343330251226,-3.245664237383905,69939440.0,0.020036950062928473,1.0158110152505366,1.3585344733894278,0.6372183786969687,-0.2196610358093154,1.0,0.0,0.0
2024-03-20,MSFT,413.94328882066856,417.8276771775804,412.6288753346162,417.1116333007813,17860100,0.9064733297891481,0.9735794357500271,407.6517303466797,404.59472808837893,397.8367443847656,408.31690813360296,403.7413233164802,4.575584817122774,3.578917979145432,1.4769387844416124,1.4222706685701167,417.8722351753452,391.31722100141263,0.06563361391138038,62.45291926038441,-9.969805271727349,22945560.0,0.012463814067768565,1.0309368964631398,0.9800750234816524,0.21613422690829331,-2.069516127604343,0.0,1.0,0.0
2024-03-20,TSLA,173.0,176.25,170.82000732421875,175.66000366210938,83846700,2.5332688257929448,-1.6167575308454918,172.56300048828126,183.30599975585938,193.31100067138672,175.5729642228224,183.13273259523714,-7.559768372414737,-7.271550316576063,3.203687940559824,3.1286887373020678,210.07329683107434,156.5387026806444,0.2920504196356437,43.05499869072723,8.509357925442007,95978630.0,0.03091194672992326,0.9582883478776826,-1.4269250195585559,6.254200201423088,0.6584660456730784,0.0,0.0,1.0
2024-03-21,AAPL,175.1406653733646,175.57592275278003,168.9976284397713,169.52191162109375,106181300,-4.0857488041569745,0.5310272347231138,171.460791015625,173.3492088317871,180.53755767822267,172.48086937718662,175.03336788601652,-2.552498508829899,-3.1465273821503352,1.7033424631916423,1.4845779423527334,182.67852601716766,164.01989164640656,0.1076361091954384,39.29000858434244,98.75540730507963,73381060.0,0.038804979545724975,0.9779214613294991,1.4709066979140761,1.3585344733894278,0.6372183786969687,1.0,0.0,0.0
2024-03-21,MSFT,421.6237557740876,422.5948752417206,419.004747660182,421.1725463867188,21296200,0.9735794357500271,-0.14671419758391924,409.6361053466797,405.4638137817383,398.90149291992185,410.2946986340823,405.03252502538675,5.262173608695548,3.9155691050554555,1.427324619261783,1.3482846826955779,420.65702234907417,390.2706052144024,0.074942365019604,65.03821325722475,19.238974025901314,23203330.0,0.008524125355127489,1.0387426252874852,0.9064733297891481,0.9800750234816524,0.21613422690829331,0.0,1.0,0.0
2024-03-21,TSLA,176.38999938964844,178.17999267578125,171.8000030517578,172.82000732421875,73178000,-1.6167575308454918,-1.151490226146512,171.9800018310547,182.07649993896484,192.06820068359374,175.149432392268,182.36882701960616,-7.219394627338147,-7.26111917872848,3.210132218580284,3.1080297890363293,208.37086047293678,155.7821394049929,0.28882761413786245,41.02551367236952,-12.724054733221458,93083530.0,0.0369169618888759,0.9491615193731809,2.5332688257929448,-1.4269250195585559,6.254200201423088,0.0,0.0,1.0
2024-03-22,AAPL,169.90772263085665,171.18381963278856,168.22605856941686,170.422119140625,71160100,0.5310272347231138,-0.8300366449919716,171.61411895751954,172.8427291870117,180.26705200195312,172.16413857156175,174.69179390487642,-2.5276553333146694,-3.022752972383202,1.6823464889688773,1.4889112685015065,181.6084894294297,164.07696894459372,0.10143047710075966,41.27847272433997,-32.982455479448824,72870370.0,0.017355499851114245,0.9859953030262114,-4.0857488041569745,1.4709066979140761,1.3585344733894278,1.0,0.0,0.0
2024-03-22,MSFT,421.4963200117596,421.6532390012991,417.9356179957843,420.55462646484375,17648500,-0.14671419758391924,-1.3714799226223984,411.8451171875,406.36625213623046,399.81720153808595,411.8731490695841,406.18231031719836,5.69083875238573,4.270623034521511,1.3846924660918736,1.3452258655228029,422.9042770275386,389.8282272449223,0.08139467686782194,64.31257058173759,-17.128407884974784,23167960.0,0.008839805275155047,1.034915237803401,0.9735794357500271,0.9064733297891481,0.9800750234816524,0.0,1.0,0.0
2024-03-22,TSLA,166.69000244140625,171.1999969482422,166.3000030517578,170.8300018310547,75580600,-1.151490226146512,1.0536808713131895,171.52900238037108,181.0194999694824,190.80600067138673,174.48490461361982,181.5140992278616,-7.0291946142417885,-7.214734265831142,3.1795972145635623,3.0703974021112166,207.33889847424598,154.70010146471884,0.29079075468886706,39.61636106327994,3.2832271994315265,92087130.0,0.028683450471014508,0.9437104945039316,-1.6167575308454918,2.5332688257929448,-1.4269250195585559,0.0,0.0,1.0
2024-03-25,AAPL,168.73057383883838,170.085794876263,167.6226416976105,169.00755310058594,54288300,-0.8300366449919716,-0.6672577904148214,171.4261703491211,172.3327880859375,179.98011108398438,171.67851003756547,174.27073903048455,-2.5922289929190754,-2.936648176490377,1.659072033711905,1.4904348175210473,180.71817528129995,163.94740089057504,0.09731621345533967,39.11067773430403,-23.709635034239696,72285250.0,0.014574219515423332,0.9807045715311392,0.5310272347231138,-4.0857488041569745,1.4709066979140761,1.0,0.0,0.0
2024-03-25,MSFT,417.1213703760103,419.24995422394994,413.5606690168653,414.7868041992188,18060500,-1.3714799226223984,-0.28613714776938304,413.6440948486328,407.1176254272461,400.58113037109376,412.3214037049125,406.8196802343851,5.501723470527395,4.516843121722688,1.4876877563224988,1.3781966587696532,423.75694424491405,390.4783066095781,0.08174207048985403,57.82698601246591,2.3344760177918866,23361930.0,0.01371616731652855,1.0188377468647405,-0.14671419758391924,0.9735794357500271,0.9064733297891481,0.0,1.0,0.0
2024-03-25,TSLA,168.75999450683594,175.24000549316406,168.72999572753906,172.6300048828125,74228600,1.0536808713131895,2.9195349264770964,171.01500244140624,179.68100051879884,189.7142007446289,174.19953542426484,180.8560181652654,-6.656482741000559,-7.103083960865026,3.162702159261036,2.9184560458567,204.75808361564327,154.6039174219544,0.2791289343273752,41.571302954195744,-1.78881882387808,90970840.0,0.037710766271739554,0.9607582570465003,-1.151490226146512,-1.6167575308454918,2.5332688257929448,0.0,0.0,1.0
2024-03-26,AAPL,168.16670300567833,169.57138777241732,167.7512341389727,167.8798370361328,57388400,-0.6672577904148214,2.1212536832496687,171.07796783447264,171.69375457763672,179.6640948486328,171.09409880657583,173.7973388827548,-2.7032400761789575,-2.889966556428093,1.662202434082096,1.469881307034136,179.3206530071294,164.06685614814404,0.08884305021175296,37.42335361683563,5.710438529112172,72041550.0,0.010842002622702492,0.977786509760439,-0.8300366449919716,0.5310272347231138,-4.0857488041569745,1.0,0.0,0.0
2024-03-26,MSFT,417.4843332386425,417.8570831519167,413.30568457627095,413.5999450683594,16725600,-0.28613714776938304,-0.052195690601597455,414.26893615722656,407.8125961303711,401.2461285400391,412.518102376212,407.32192207393877,5.196180302273262,4.652710557832803,1.279519470840045,1.381689004112071,424.3079888754011,391.3172033853411,0.08089692619379861,56.56295611536725,-7.391268237313476,22788790.0,0.011004350048676864,1.0141911971157902,-1.3714799226223984,-0.14671419758391924,0.9735794357500271,0.0,1.0,0.0
2024-03-26,TSLA,178.5800018310547,184.25,177.3800048828125,177.6699981689453,113186200,2.9195349264770964,1.2157391142962881,171.0280029296875,178.57800064086913,188.88980072021485,174.73345276960032,180.6200166840565,-5.88656391445619,-6.859779951583259,3.318563236005782,3.023405263432508,201.81515422153979,155.34084706019848,0.26024654209677184,46.76801477527026,52.483274640771896,93550290.0,0.03866716490116054,0.9949153732897376,1.0536808713131895,-1.151490226146512,-1.6167575308454918,0.0,0.0,1.0
2024-03-27,AAPL,168.57227437363676,171.72787530814264,168.27550660374618,171.4409942626953,60273300,2.1212536832496687,-1.055897807291617,171.29361419677736,171.292626953125,179.46455017089843,171.1474673382865,173.62279483682445,-2.4753274985379505,-2.807038744850065,1.7659835931010361,1.567845013581502,177.98561862567925,164.59963528057074,0.07814687405530682,45.429719340720105,5.026974092325287,72820010.0,0.020137358157795524,1.0008661628478086,-0.6672577904148214,-0.8300366449919716,0.5310272347231138,1.0,0.0,0.0
2024-03-27,MSFT,416.3366064689131,416.3464251283888,411.0102830526892,413.3840637207031,16705000,-0.052195690601597455,-0.16845112300379883,414.8898406982422,408.4850021362305,401.87156066894534,412.65132719844144,407.77096960332875,4.8803575951126845,4.69823996528878,1.2796788087796247,1.3824251855952074,424.7228553321475,392.2471489403135,0.07950281215221536,56.321796868187164,-0.1231644903620821,22747700.0,0.012908436836367393,1.0119932471421282,-0.28613714776938304,-1.3714799226223984,-0.14671419758391924,0.0,1.0,0.0
2024-03-27,TSLA,181.41000366210935,181.91000366210935,176.0,179.8300018310547,81804000,1.2157391142962881,-2.2465709302040393,172.06300354003906,177.46750106811524,188.08820068359375,175.5175372405933,180.56149706531565,-5.04395982472235,-6.496615926211078,2.906314935917708,3.0251811784167875,197.94225280157585,156.99274933465463,0.23074367543612423,48.867016423353945,-27.72617156508479,91078240.0,0.03286439193645581,1.013312300836606,2.9195349264770964,1.0536808713131895,-1.151490226146512,0.0,0.0,1.0
2024-03-28,AAPL,169.8978451053126,170.37266455083602,168.67121185228598,169.63075256347656,65672700,-1.055897807291617,-0.8455758568402194,171.14325256347655,170.8341262817383,179.2475720214844,170.91412660370034,173.32708800176164,-2.4129613980612987,-2.728223275492312,1.7680163116851648,1.5788429426201633,176.5459214760005,165.12233108747608,0.06686948701153961,42.45604903778497,8.958195419862536,72095930.0,0.01003033160460307,0.9929558938576644,2.1212536832496687,-0.6672577904148214,-0.8300366449919716,1.0,0.0,0.0
2024-03-28,MSFT,412.9231220201488,413.81575210575176,411.11825446083225,412.6877136230469,21871200,-0.16845112300379883,0.9150887258261964,414.4484344482422,408.8322418212891,402.4987316894531,412.6569251099192,408.1351728640486,4.521752245870573,4.6629424214051385,0.9984146358505627,1.3507413874756653,425.12014287795824,392.5443407646199,0.07968012006151425,55.49981812903256,30.926070038910503,21519090.0,0.006536413747910677,1.0094304494786963,-0.052195690601597455,-0.28613714776938304,-1.3714799226223984,0.0,1.0,0.0
2024-03-28,TSLA,177.4499969482422,179.57000732421875,175.3000030517578,175.7899932861328,77654800,-2.2465709302040393,-0.3242460249155976,173.39200286865236,176.16300048828126,187.29300048828125,175.55945355529167,180.20805234093174,-4.6485987856400754,-6.127012498096877,2.6116887642703484,3.0466716433449395,193.1092479083027,159.2167530682598,0.1923928108973002,45.27137571793412,-5.072123612537283,86211150.0,0.024290371668145325,0.997882601902133,1.2157391142962881,2.9195349264770964,1.0536808713131895,0.0,0.0,1.0
2024-04-01,AAPL,169.3438900607447,169.40324060587884,167.6523240532299,168.19639587402344,46240500,-0.8455758568402194,-0.6998872077350837,170.88704681396484,170.35781860351562,178.88433990478515,170.49601418375005,172.9470367330403,-2.4510225492902578,-2.672783130251901,1.784747498316603,1.582616879548248,175.16869966193022,165.54693754510103,0.056479721304852556,40.21013281905286,-29.58946411522596,64544710.0,0.01040995286225004,0.9873124535920327,-1.055897807291617,2.1212536832496687,-0.6672577904148214,1.0,0.0,0.0
2024-04-01,MSFT,415.8560141116514,419.7207945425888,414.15903226844193,416.4641723632813,16316000,0.9150887258261964,-0.7372039741775027,415.2478729248047,409.27708435058594,403.1152709960937,413.2426554565903,408.7521357899177,4.490519666672583,4.628457870458627,0.7632528324011597,1.3611686434585777,425.9020074134174,392.6521612877545,0.08124042952080145,58.994947395390206,-25.39961227550386,18642700.0,0.01335471966912763,1.0175604456919434,-0.16845112300379883,-0.052195690601597455,-0.28613714776938304,0.0,1.0,0.0
2024-04-01,TSLA,176.1699981689453,176.75,170.2100067138672,175.22000122070312,81562100,-0.3242460249155976,-4.902406276707449,174.55700225830077,174.792000579834,186.55980041503906,175.50723011920113,179.83856707276666,-4.33133695356554,-5.76787738919061,2.636781502166067,3.0383231625100833,186.2751474483096,163.30885371135838,0.13139213271068242,44.770849297090066,5.031627149899287,84652680.0,0.03732446775807966,1.002448628309358,-2.2465709302040393,1.2157391142962881,2.9195349264770964,0.0,0.0,1.0
2024-04-02,AAPL,167.25662806803024,167.51381877100314,166.41578850586058,167.0192108154297,49329500,-0.6998872077350837,0.47973779096968094,170.40431213378906,170.04819259643554,178.4396710205078,169.9611213578546,172.507938516921,-2.546817159066393,-2.6475899360147994,1.77036526127679,1.4944594344010447,174.88273627179223,165.21364892107886,0.056860865164620675,38.414089606161994,6.6802910868178245,61917240.0,0.006574275257209692,0.9821875097008861,-0.8455758568402194,-1.055897807291617,2.1212536832496687,1.0,0.0,0.0
2024-04-02,MSFT,412.0893571765106,414.3160380982415,409.86270618972446,413.39398193359375,17912000,-0.7372039741775027,-0.23490166242755572,415.6520080566406,409.5968612670898,403.5764129638672,413.26593645305235,409.09597624500486,4.169960208047485,4.536758337976399,0.8181135436923301,1.3735968739630466,426.2831608098269,392.91056172435276,0.08147669633560137,55.199182087837386,9.781809266977204,18423300.0,0.010772609431049754,1.0092703851654465,0.9150887258261964,-0.16845112300379883,-0.052195690601597455,0.0,1.0,0.0
2024-04-02,TSLA,164.75,167.69000244140625,163.42999267578125,166.6300048828125,116650600,-4.902406276707449,1.050231020055925,173.84000244140626,173.71650085449218,185.64860046386718,174.14150315975672,178.860155058696,-4.718651898939271,-5.558032291140342,2.383599657411756,2.8194774690725257,183.89038644313564,163.54261526584872,0.1171320575604418,37.959506674916135,43.02059412398651,85496300.0,0.02556568229486027,0.9592065466618197,-0.3242460249155976,-2.2465709302040393,1.2157391142962881,0.0,0.0,1.0
2024-04-03,AAPL,166.96973884210524,168.83935621904524,166.76201196368757,167.82046508789062,47691700,0.47973779096968094,-0.4892218621053712,169.76824340820312,170.02494583129882,177.9649871826172,169.63178962401398,172.16071826291875,-2.528928638904773,-2.6238576765927943,1.7009807921664737,1.3603649615298357,174.89948515867388,165.15040650392376,0.05733910754733189,40.36654685299812,-3.320122847383411,61164890.0,0.012378372651212294,0.9870343687943561,-0.6998872077350837,-0.8455758568402194,-1.055897807291617,1.0,0.0,0.0
2024-04-03,MSFT,411.7166574141744,415.1792625652165,411.0888617244366,412.42291259765625,16502300,-0.23490166242755572,-0.6112500012949273,415.55783996582034,410.469873046875,404.0604309082031,413.13624047529913,409.3424159748309,3.793824500468247,4.388171570474769,0.7613559167656663,1.1768547441750974,425.6954681157498,395.24427797800024,0.0741861757398017,54.015400063162986,-7.870142920946854,18089740.0,0.009917976707492867,1.0047580582133446,-0.7372039741775027,0.9150887258261964,-0.16845112300379883,0.0,1.0,0.0
2024-04-03,TSLA,164.02000427246094,168.82000732421875,163.27999877929688,168.3800048828125,82950100,1.050231020055925,1.6213301154368365,173.54600219726564,173.0985008239746,184.8402005004883,173.25511880945763,178.08384763826018,-4.828728828802554,-5.412171598672785,2.3930970824796,2.724998154008098,182.97321967623606,163.22378197171315,0.11409363807608179,39.96343856805735,-28.890121439581108,86064170.0,0.03290181960012151,0.9727409774278728,-4.902406276707449,-0.3242460249155976,-2.2465709302040393,0.0,0.0,1.0
2024-04-04,AAPL,168.45358430225178,170.0660111961713,166.99945068359375,166.99945068359375,53704400,-0.4892218621053712,0.4501723061021812,168.7938690185547,170.01010971069337,177.44839385986327,169.22681440241087,171.7784021459317,-2.5515877435208267,-2.609403689978401,1.5750679095729694,1.3583184447175762,174.92128714254503,165.09893227884172,0.05777512219960352,39.00211021054356,12.607434836669684,61193020.0,0.01836269820065232,0.982291294134079,0.47973779096968094,-0.6998872077350837,-0.8455758568402194,1.0,0.0,0.0
2024-04-04,MSFT,416.8762213933396,420.4859867966176,409.5978983516999,409.9019775390625,19370900,-0.6112500012949273,1.8282688345185427,414.8368743896484,411.2443023681641,404.4472296142578,412.638661562032,409.3838649795888,3.2547965824431913,4.161496572868453,0.7053172066212264,1.1891737320309137,424.4762900651044,398.01231467122375,0.0643509836889824,50.96002299473696,17.383031456221243,18240820.0,0.026562663859995984,0.9967359430358749,-0.23490166242755572,-0.7372039741775027,0.9150887258261964,0.0,1.0,0.0
2024-04-04,TSLA,170.07000732421875,177.19000244140625,168.00999450683594,171.11000061035156,123162000,1.6213301154368365,-3.6292482565110196,173.09100189208985,172.82700119018554,184.07960052490233,172.92510062497976,177.56726637693362,-4.642165751953854,-5.258170429328999,2.294979773342918,2.7149571302868853,182.60139163463694,163.05261074573414,0.11311184452822022,43.05360960598874,48.477217025657595,89995700.0,0.05364974520381688,0.9900652064318091,1.050231020055925,-4.902406276707449,-0.3242460249155976,0.0,0.0,1.0
2024-04-05,AAPL,167.7611226870966,168.5524984345705,167.12802510796487,167.75123596191406,42104800,0.4501723061021812,-0.6663607351271139,168.6168014526367,170.03879623413087,176.96027252197266,168.9998023346421,171.48009353970815,-2.480291205066038,-2.5835811929959287,0.989200728748436,1.3618798379523844,174.8866022168971,165.19099025136464,0.0570199988488646,40.96969968662354,-21.59897513052934,54785370.0,0.008491581706909423,0.9865468332940501,-0.4892218621053712,0.47973779096968094,-0.6998872077350837,1.0,0.0,0.0
2024-04-05,MSFT,411.9913032872843,418.3672072160066,410.3335658710208,417.3960876464844,16554800,1.8282688345185427,-0.2185748800835885,414.459228515625,412.0476669311523,404.91223999023435,413.37057326733236,409.9773629549144,3.3932103124179775,4.007839320778357,0.8877479533864937,1.1944332596588088,424.68241790887515,399.4129159534295,0.06132664733584782,58.478990629270605,-14.537786060534097,17766680.0,0.019247045151486657,1.0129801019264737,-0.6112500012949273,-0.23490166242755572,-0.7372039741775027,0.0,1.0,0.0
2024-04-05,TSLA,169.0800018310547,170.86000061035156,160.50999450683594,164.89999389648438,143157600,-3.6292482565110196,4.899940648952894,172.29900054931642,172.13950119018554,183.22100036621094,171.69046882059584,176.62894989690034,-4.938481076304498,-5.1942325587240985,2.5076900746556285,2.8046941552236615,182.12144215996264,162.15756022040844,0.11597501910672686,38.23282347446651,16.23520241632972,96993660.0,0.06276535164708871,0.9579439510185247,1.6213301154368365,1.050231020055925,-4.902406276707449,0.0,0.0,1.0
2024-04-08,AAPL,167.20715459942008,167.37531948329715,166.425680716199,166.63340759277344,37425500,-0.6663607351271139,0.7242625718065554,168.23793029785156,169.92602462768554,176.4563146972656,168.63574160512385,171.12107976586114,-2.4853381607372853,-2.5639325865442,0.9766437053925606,1.349092517068013,174.9867242180758,164.86532503729526,0.059563561278838356,38.957474992773946,-11.113459748057231,51411910.0,0.005698969857346508,0.9806232327147867,0.4501723061021812,-0.4892218621053712,0.47973779096968094,1.0,0.0,0.0
2024-04-08,MSFT,417.0527081073557,419.12240981995205,415.21838482354366,416.4837646484375,14272400,-0.2185748800835885,0.3980482643504146,414.05214233398436,412.94862976074216,405.31377014160154,413.8495257875024,410.45931863591613,3.390207151586253,3.8843128869399366,0.8885800051462138,1.179466139104818,423.9722169676944,401.9250425537899,0.053389629665748915,57.32665810722453,-13.786937927368491,17429070.0,0.009373774748948169,1.0085607134469572,1.8282688345185427,-0.6112500012949273,-0.23490166242755572,0.0,1.0,0.0
2024-04-08,TSLA,169.33999633789062,174.5,167.7899932861328,172.97999572753906,104423300,4.899940648952894,2.254601255405486,172.51399993896484,172.02150115966796,183.02800018310546,171.88885757551017,176.3586569954662,-4.4697994199560185,-5.049345930970483,2.9988038208746755,3.0144336878895523,181.89939485132356,162.14360746801236,0.11484487258935239,46.609576898311715,-27.057103499918966,99877930.0,0.03879065140246694,1.005571946305604,-3.6292482565110196,1.6213301154368365,1.050231020055925,0.0,0.0,1.0
2024-04-09,AAPL,166.88073030235694,168.24585316442327,166.53451377109624,167.84027099609375,42373800,0.7242625718065554,-1.1139425323512309,168.12120208740234,169.77368621826173,176.01107299804687,168.51336151142692,170.8780568940265,-2.364695382599592,-2.524085145755279,0.9923795453385055,1.3306409337115106,174.895639197932,164.65173323859145,0.06033859656066465,42.25505498968206,13.221733844571215,50220460.0,0.01019623826374096,0.9886118086657883,-0.6663607351271139,0.4501723061021812,-0.4892218621053712,1.0,0.0,0.0
2024-04-09,MSFT,418.2985199584035,419.5736887198931,413.5705349702072,418.1415710449219,12496900,0.3980482643504146,-0.7084541489598695,414.3876190185547,414.01585693359374,405.7668634033203,414.50984044249,411.02837436991655,3.4814660725734257,3.8037435240666344,0.7747461169549974,1.170006197944696,422.23048336877497,405.8012304984125,0.039682665760789056,58.91108602194071,-12.440094167764359,16872710.0,0.01435674940112801,1.0099651113411094,-0.2185748800835885,1.8282688345185427,-0.6112500012949273,0.0,1.0,0.0
2024-04-09,TSLA,172.91000366210938,179.22000122070312,171.9199981689453,176.8800048828125,102951700,2.254601255405486,-2.8946236061948905,172.93899993896486,171.97700119018555,182.90060028076172,172.65672639201821,176.39727535749185,-3.7405489654736357,-4.787586537871113,3.061698149423255,3.0419613796051967,181.75335169230814,162.20065068806295,0.11369369665088122,50.12546990124444,-1.409264024408341,102750240.0,0.041270934250562975,1.0285096475615645,4.899940648952894,-3.6292482565110196,1.6213301154368365,0.0,0.0,1.0
2024-04-10,AAPL,166.97963118021664,167.26649712267962,165.307854051912,165.9706268310547,49709300,-1.1139425323512309,4.327101160047886,167.93028106689454,169.5041244506836,175.54207244873047,168.12217156060044,170.5145435560286,-2.3923719954281637,-2.497742515689856,1.031777170618418,1.3471548415802947,174.83726015170862,164.1709887496586,0.06292632369044995,38.7616375033413,17.311404688746347,49452550.0,0.011801142817646784,0.979153913622574,0.7242625718065554,-0.6663607351271139,0.4501723061021812,1.0,0.0,0.0
2024-04-10,MSFT,414.1296507389469,415.93451830181,411.68719880938414,415.1792297363281,16216600,-0.7084541489598695,1.1033406144527858,414.54554748535156,414.40724182128906,406.0473303222656,414.61282341077276,411.33584513779886,3.2769782729739063,3.698390473848089,0.8079200663777879,1.0432629250142327,422.0078925150056,406.8065911275725,0.03668203605859902,54.98258431693456,29.764981715465446,16821810.0,0.010230086642636799,1.0018628726458694,0.3980482643504146,-0.2185748800835885,1.8282688345185427,0.0,1.0,0.0
2024-04-10,TSLA,173.0399932861328,174.92999267578125,170.00999450683594,171.75999450683594,84532400,-2.8946236061948905,1.653476762638495,172.3479995727539,171.6880012512207,182.51720031738282,172.5187676404517,176.05377307225808,-3.5350054318063826,-4.537070316658167,3.058051372700015,3.1111066710882143,181.10713832157725,162.26886418086414,0.10972388287722099,45.85614031505905,-17.891205293356016,99884860.0,0.028644610656118178,1.0004193260745688,2.254601255405486,4.899940648952894,-3.6292482565110196,0.0,0.0,1.0
2024-04-11,AAPL,166.5246002673459,173.5678277091418,166.34654865134516,173.15234375,91070300,4.327101160047886,0.8626672936359325,168.101416015625,169.69751510620117,175.28961791992188,168.89604420512345,170.70993616298944,-1.813891957865991,-2.360972404125083,1.6262387244620766,1.6523446130319819,175.27216414641845,164.12286606598389,0.06570100966685952,54.36782968770488,83.20575827863198,52532250.0,0.04170477223353574,1.0203587462175667,-1.1139425323512309,0.7242625718065554,-0.6663607351271139,1.0,0.0,0.0
2024-04-11,MSFT,417.6903687099733,421.1725811111206,414.2964045264092,419.7600708007813,17966400,1.1033406144527858,-1.4091258128677286,415.1831481933594,415.03649444580077,406.44154235839846,415.4047076246202,411.9598618535753,3.444845771044868,3.6476815332874453,0.8731095590151083,1.066205968833295,422.1865481955104,407.88644069609114,0.03445506043634602,59.482154904981925,10.79017796578814,16947950.0,0.016381206939463388,1.0113811108618,-0.7084541489598695,0.3980482643504146,-0.2185748800835885,0.0,1.0,0.0
2024-04-11,TSLA,172.5500030517578,175.8800048828125,168.50999450683594,174.60000610351562,94516000,1.653476762638495,-2.0332204625772565,171.825,171.94400177001953,182.1774005126953,172.83895817323076,175.946086630129,-3.107128456898238,-4.251081944706181,3.085100957519797,2.952134011346504,181.38873785357382,162.49926568646524,0.10985827928079654,48.47753155444539,11.810382764478478,101156060.0,0.04221082542005802,1.015446914728951,-2.8946236061948905,2.254601255405486,4.899940648952894,0.0,0.0,1.0
2024-04-12,AAPL,172.38075949507746,176.43655077441642,172.33131077483722,174.6460723876953,101670900,0.8626672936359325,-2.186332657819312,168.6029479980469,169.87310028076172,175.13896118164064,169.78066392551912,171.00150180926397,-1.2208378837448493,-2.1329455000490363,1.5859447485478544,1.6460486114392934,175.84534219271342,163.90085836881002,0.0703141568862985,56.83196079933459,11.64001875474221,56132070.0,0.023506053949303884,1.0280972802582926,4.327101160047886,-1.1139425323512309,0.7242625718065554,1.0,0.0,0.0
2024-04-12,MSFT,415.95406972864896,417.06250067629605,411.7557842388935,413.8451232910156,19253800,-1.4091258128677286,-1.9577863585076405,415.29888916015625,414.87366180419923,406.9330529785156,415.16477157329643,412.09951084894124,3.0652607243551984,3.5311973715009963,1.0029275074746793,0.9764194435961991,421.9738354625858,407.7734881458127,0.03422812442471944,52.22363662565006,7.165598005165208,16686210.0,0.012822952691098555,0.9975208392147366,1.1033406144527858,-0.7084541489598695,0.3980482643504146,0.0,1.0,0.0
2024-04-12,TSLA,172.33999633789062,173.80999755859375,170.36000061035156,171.0500030517578,64722700,-2.0332204625772565,-5.594859487563397,171.3510009765625,172.37150192260742,181.8526007080078,172.56373430838875,175.58341377247186,-3.0196794640831115,-4.004801448581567,3.0704760133780655,2.8260847695651363,180.72764526854522,164.01535857666963,0.09695504480421126,45.511363357478224,-31.521964535105162,99862850.0,0.020169522868691545,0.9923334260239669,1.653476762638495,-2.8946236061948905,2.254601255405486,0.0,0.0,1.0
2024-04-15,AAPL,173.4689334092555,174.72524206460568,170.63977480010448,170.82772827148438,73531800,-2.186332657819312,-1.9167573440653896,168.86608123779297,169.8765640258789,174.86332916259767,169.9417507479753,170.98862969535435,-1.0468789473790423,-1.9157321895150377,1.7427466711352864,1.7239593760611807,175.85104790087172,163.9020801508861,0.07033911839755205,49.47694508137176,-27.67665084109613,58861200.0,0.0239157150062223,1.005599149306202,0.8626672936359325,4.327101160047886,-1.1139425323512309,1.0,0.0,0.0
2024-04-15,MSFT,418.4554829934512,418.6712840149029,405.5369076275719,405.742919921875,20273500,-1.9577863585076405,0.227229239862492,414.2267639160156,414.73731842041013,407.14111083984375,413.7152559346162,411.62865226175114,2.086603672865067,3.242278631773811,1.1259486690723288,0.964410175452786,422.43486779809166,407.0397690427286,0.03712011934203947,44.25691958935736,5.296097393761223,17081960.0,0.032371178257059846,0.9783130234511047,-1.4091258128677286,1.1033406144527858,-0.7084541489598695,0.0,1.0,0.0
2024-04-15,TSLA,170.24000549316406,170.69000244140625,161.3800048828125,161.47999572753906,100245300,-5.594859487563397,-2.7062145360474688,169.97700042724608,172.26700134277343,181.30500061035156,170.8585437574888,174.53871613951387,-3.680172382025063,-3.9398756352702664,3.50936706359589,3.114859043196001,181.12386983763892,163.41013284790793,0.1028272208354318,38.646476178495675,54.88429870818121,101731170.0,0.05765418506885685,0.9373820550009424,-2.0332204625772565,1.653476762638495,-2.8946236061948905,0.0,0.0,1.0
2024-04-16,AAPL,169.89781183493915,171.88613013777277,166.45534511410173,167.55337524414062,73711200,-1.9167573440653896,-0.8147236926199564,168.91949768066405,169.66190490722656,174.54216705322267,169.57430836276998,170.73416640267186,-1.1598580399018772,-1.7645573595924058,1.849366139090557,1.7695204645707865,175.64685856911456,163.67695124533856,0.0705515320620814,44.19494197167117,0.2439760756570708,61299370.0,0.032412268721879724,0.987572167928688,-2.186332657819312,0.8626672936359325,4.327101160047886,1.0,0.0,0.0
2024-04-16,MSFT,406.6550977488978,410.4119627811132,405.8311384974836,406.6648864746094,16765600,0.227229239862492,-0.6609010704587526,413.55385437011716,414.6029312133789,407.2219177246094,412.63058370999977,411.26096590714803,1.3696178028517352,2.867746465989396,1.121328551904677,0.9645618211110959,422.77549586702816,406.43036655972963,0.03942357392279593,45.27987353753252,-17.30288307396355,16967320.0,0.011264371318952263,0.98085386247623,-1.9577863585076405,-1.4091258128677286,1.1033406144527858,0.0,1.0,0.0
2024-04-16,TSLA,156.74000549316406,158.19000244140625,153.75,157.11000061035156,97000000,-2.7062145360474688,-1.0565868854054306,169.025,171.43250122070313,180.6890005493164,168.74338327331384,173.24770017439073,-4.504316901076891,-4.052763888431592,3.2825418975540677,2.792963416356344,182.54026366230974,160.32473877909652,0.12958759118034935,35.97776769154733,-3.2373587589642594,99766110.0,0.028260469888342105,0.9164539949638096,-5.594859487563397,-2.0332204625772565,1.653476762638495,0.0,0.0,1.0
2024-04-17,AAPL,167.78091646807815,168.80969440593617,166.1882781982422,166.1882781982422,50901200,-0.8147236926199564,-0.5714369660596574,168.75627899169922,169.26226119995118,174.15754455566406,169.05338064515033,170.39743394308448,-1.3440532979341526,-1.680456547260755,1.860987850281304,1.7409907308273196,175.04047103667128,163.4840513632311,0.06827522917107007,42.17351398786733,-30.94509382563301,61620320.0,0.015773773193359375,0.9818389345627513,-1.9167573440653896,-2.186332657819312,0.8626672936359325,1.0,0.0,0.0
2024-04-17,MSFT,409.2839508985917,410.8828360715611,402.4960529094379,403.9772338867188,15855500,-0.6609010704587526,-1.8381002613328312,412.70928649902345,414.13356323242186,407.3580438232422,411.2992991218027,410.72143020193107,0.5778689198716052,2.4097709567658376,1.1325965458006426,0.9438234084994342,423.58395669908265,404.6831697657611,0.04563935071042283,42.81334080145127,-5.4283771532185,16902640.0,0.020760534155434576,0.9754757154517247,0.227229239862492,-1.9577863585076405,-1.4091258128677286,0.0,1.0,0.0
2024-04-17,TSLA,157.63999938964844,158.3300018310547,153.77999877929688,155.4499969482422,82439700,-1.0565868854054306,-3.550983840996058,167.73199920654298,170.6390007019043,180.1768005371094,166.69824691561053,171.92935178726862,-5.23110487165809,-4.2884320850768916,3.2365776468468606,2.7874812527427095,183.84905478487926,157.42894661892936,0.15483042011072357,34.989351376007946,-15.010618556701028,99715070.0,0.029269881898246402,0.9109875017365089,-2.7062145360474688,-5.594859487563397,-2.0332204625772565,0.0,0.0,1.0
2024-04-18,AAPL,166.21794611620325,166.8213684176903,164.75391081370103,165.23861694335938,43122900,-0.5714369660596574,-1.2212674061448214,168.58019561767577,168.68703231811523,173.72191833496095,168.46649392179788,170.01529935051224,-1.5488054287143598,-1.654126323551476,1.8631655684619914,1.6958892635780247,173.54716445606982,163.82690018016064,0.05762306765571886,40.77623631574087,-15.2811721531123,60562170.0,0.012511951759424175,0.9795573179078002,-0.8147236926199564,-1.9167573440653896,-2.186332657819312,1.0,0.0,0.0
2024-04-18,MSFT,402.79031869935466,404.02627254838046,396.2378594372626,396.5517272949219,21029900,-1.8381002613328312,-1.273890742236139,411.3742614746094,413.1055679321289,407.3487927246094,409.0304419176672,409.67182257918967,-0.6413806615224757,1.799540633108175,1.2430448931284792,0.9867188755884115,425.2740238395149,400.93711202474293,0.05891208858935152,36.842110511666796,32.634732427233445,17068540.0,0.019640345949938277,0.959928304234508,-0.6609010704587526,0.227229239862492,-1.9577863585076405,0.0,1.0,0.0
2024-04-18,TSLA,151.25,152.1999969482422,148.6999969482422,149.92999267578125,96098800,-3.550983840996058,-1.9208895916184798,165.61399841308594,169.35250015258788,179.47340026855468,164.11851549409832,170.29976963086213,-6.181254136763812,-4.666996495414276,3.229052718382392,2.7770110392594365,185.24325967594564,153.46174062923012,0.18766489433625205,31.85532410276987,16.568594985183104,97008750.0,0.023344228446463253,0.8853131340883258,-1.0565868854054306,-2.7062145360474688,-5.594859487563397,0.0,0.0,1.0
2024-04-19,AAPL,164.41756936525923,164.60550769336635,162.31053482208006,163.22061157226562,68149400,-1.2212674061448214,0.5090855923056026,168.12713317871095,168.37196731567383,173.2437582397461,167.6594350987929,169.51198914471618,-1.8525540459232843,-1.6938118680258378,1.8841235372448593,1.466814928974763,173.7892615343804,162.95467309696727,0.06434912301701497,37.90248676291688,58.035289834403535,63166630.0,0.014060557972301161,0.969404908515738,-0.5714369660596574,-0.8147236926199564,-1.9167573440653896,1.0,0.0,0.0
2024-04-19,MSFT,396.3163545983272,397.738683518828,390.1758594431205,391.5000915527344,30565800,-1.273890742236139,0.46100630033889534,408.7846618652344,411.6219451904297,407.0708880615234,406.33346493844675,408.32576842908185,-1.992303490635095,1.041171808359521,1.0119609447797606,0.968103672629958,426.5677173823276,396.6761729985318,0.07261892795819476,33.42651506093797,45.34448570844369,18469640.0,0.01931755378577941,0.9511156927544612,-1.8381002613328312,-0.6609010704587526,0.227229239862492,0.0,1.0,0.0
2024-04-19,TSLA,148.97000122070312,150.94000244140625,146.22000122070312,147.0500030517578,87074500,-1.9208895916184798,-3.400203941675628,163.8289993286133,168.06399993896486,178.66280029296874,161.492590502969,168.57756469907662,-7.084974196107623,-5.150592035552946,3.13390673281698,2.7828225802857935,186.7109991135221,149.41700076440762,0.2219035508059929,30.328951811790844,-9.390647958143072,91400440.0,0.03209793351069708,0.8749643177906118,-3.550983840996058,-1.0565868854054306,-2.7062145360474688,0.0,0.0,1.0
2024-04-22,AAPL,163.7350029833429,165.45622881020677,162.9930911354229,164.05154418945312,48116400,0.5090855923056026,0.6391888892878006,167.86894683837892,168.05343856811524,172.80375427246094,167.10437495889445,169.1075117406226,-2.003136781728159,-1.755676850766302,1.892442084171539,1.4662639290699502,173.7071720587708,162.39970507745969,0.06728494863095573,39.78431332761139,-29.395710013587795,64235720.0,0.01501441322575628,0.9761867747975888,-1.2212674061448214,-0.5714369660596574,-0.8147236926199564,1.0,0.0,0.0
2024-04-22,MSFT,392.441727661041,395.1588624515417,388.1944084543801,393.304931640625,20286900,0.46100630033889534,1.6485570557494,406.46677856445314,410.25946044921875,406.82790405273437,404.32907520032035,407.21311385215915,-2.8840386518388073,0.25612971631985537,1.064404878270457,0.9845532768051072,426.6727375054401,393.8461833929974,0.08001413075642157,35.71945592470577,-33.62876155703434,19071090.0,0.0177075175948347,0.9586736432841081,-1.273890742236139,-1.8381002613328312,-0.6609010704587526,0.0,1.0,0.0
2024-04-22,TSLA,140.55999755859375,144.44000244140625,138.8000030517578,142.0500030517578,107097600,-3.400203941675628,1.8514534090260826,160.73600006103516,166.625,177.71260040283204,158.50142320278266,166.61256013260856,-8.111136929825904,-5.7427010144075386,2.3776462997430503,2.8439260528998704,188.53048163849905,144.71951836150095,0.2629315125401237,27.835287861206098,22.995366037129127,91667870.0,0.03970432431172443,0.8525131465971961,-1.9208895916184798,-3.550983840996058,-1.0565868854054306,0.0,0.0,1.0
2024-04-23,AAPL,163.56687071664174,165.24853488832454,163.14149999003314,165.1001434326172,49537800,0.6391888892878006,1.27021221713155,167.59493408203124,167.8580680847168,172.36948852539064,166.79603164715948,168.81066964373332,-2.014637996573839,-1.8074690799278097,1.8883111881320696,1.468796661367579,173.64153929555968,162.0745968738739,0.06890906438794485,42.16617069646092,2.954086340623996,64952120.0,0.01276216273640824,0.9835699011458436,0.5090855923056026,-1.2212674061448214,-0.5714369660596574,1.0,0.0,0.0
2024-04-23,MSFT,396.5223465632018,400.4067648369335,395.3648819975192,399.7887878417969,15734500,1.6485570557494,0.36556473339230955,404.6315002441406,409.50955963134766,406.5884893798828,403.6305694528552,406.6631637773175,-3.032594324462309,-0.40161509183657756,1.2478770742631742,1.0460493733583227,426.41499644837336,392.60412281432195,0.08256430854627406,43.277758540274434,-22.440096811242725,19394850.0,0.012611366283262228,0.9762624056974355,0.46100630033889534,-1.273890742236139,-1.8381002613328312,0.0,1.0,0.0
2024-04-23,TSLA,143.3300018310547,147.25999450683594,141.11000061035156,144.67999267578125,124545100,1.8514534090260826,12.061109407252758,157.51599884033203,165.22749938964844,176.73480010986327,156.37504927555167,164.9879255061769,-8.612876230625233,-6.316736057651077,2.3010900359810935,2.877861138109172,189.00608861484574,141.44891016445115,0.28782847060005834,31.046758298554266,16.29121474244053,93827210.0,0.04250756295147266,0.8756411203354779,-3.400203941675628,-1.9208895916184798,-3.550983840996058,0.0,0.0,1.0
2024-04-24,AAPL,164.7439994721628,167.4742448528629,164.41757152765254,167.197265625,48251800,1.27021221713155,0.5147461450849766,167.71759796142578,167.82393951416014,172.01079864501952,166.85775995144263,168.69115823493826,-1.833398283495626,-1.8126549206413731,1.9033419135769392,1.4935671321990025,173.614920746142,162.0329582821783,0.06901257649827999,46.70642175538832,-2.5959973999652775,64806370.0,0.018281838006047647,0.996265885004402,0.6391888892878006,0.5090855923056026,-1.2212674061448214,1.0,0.0,0.0
2024-04-24,MSFT,401.7407287200192,404.59517495198185,399.0138053337192,401.2502746582031,15065300,0.36556473339230955,-2.4495121716187285,403.2386047363281,408.89207611083987,406.4818939208984,403.26437025367795,406.26220902775344,-2.9978387740754897,-0.9208598282843601,1.2683337847598988,1.0526584284886207,426.0684328022858,391.7157194193939,0.08401413328826604,44.85182155697956,-4.253074454224793,19279720.0,0.01390994591347519,0.9813109573427751,1.6485570557494,0.46100630033889534,-1.273890742236139,0.0,1.0,0.0
2024-04-24,TSLA,162.83999633789062,167.97000122070312,157.50999450683594,162.1300048828125,181178000,12.061109407252758,4.965143743002587,156.5529998779297,164.45049972534179,176.2148001098633,157.2604270612841,164.776227682224,-7.515800620939899,-6.556548970308842,4.95718582017543,4.009724988250626,187.5222656929235,141.37873375776007,0.2805922269146666,47.68279769349166,45.47180097811958,103491770.0,0.06451616849964123,0.9858894023040071,1.8514534090260826,-3.400203941675628,-1.9208895916184798,0.0,0.0,1.0
2024-04-25,AAPL,167.7017887376114,168.7701438382538,166.33666581552853,168.0579071044922,50558300,0.5147461450849766,-0.34729022376658314,167.208154296875,167.65478515625,171.71106628417968,167.04239797498872,168.6442507437941,-1.6018527688053723,-1.770494490274173,1.2191366036186957,1.4140005135131932,173.19303196381162,162.11653834868838,0.06606726795659444,48.49349845657402,4.780132554640448,60755170.0,0.014479997190564925,1.0024044762448414,1.27021221713155,0.6391888892878006,0.5090855923056026,1.0,0.0,0.0
2024-04-25,MSFT,386.5072408836068,392.2553782643455,380.6217919267101,391.4216003417969,40586500,-2.4495121716187285,1.8243733112076166,400.4047576904297,407.79395294189453,406.35378601074217,401.4424056518501,405.16290468064557,-3.720499028795473,-1.4807876683865828,1.3178008030630766,1.1712077362325357,426.5011225198484,389.08678336394064,0.09174814605757249,37.346009869379984,169.4038618547258,21541730.0,0.02972137032671861,0.9598514090707213,0.36556473339230955,1.6485570557494,0.46100630033889534,0.0,1.0,0.0
2024-04-25,TSLA,158.9600067138672,170.8800048828125,158.36000061035156,170.17999267578125,126427500,4.965143743002587,-1.1105884774887609,156.11099853515626,163.96799926757814,175.93799987792968,159.2480525404375,165.17650657063564,-5.928454030198139,-6.4309299822867025,5.218515123948152,4.172723666482778,186.0687122768586,141.86728625829767,0.26957349126660357,53.28243179853268,-30.219176721235474,106682920.0,0.07356919033551405,1.0378854010291716,12.061109407252758,1.8514534090260826,-3.400203941675628,0.0,0.0,1.0
2024-04-26,AAPL,168.04800546826704,169.49225225997063,167.35554224826544,167.47425842285156,44838400,-0.34729022376658314,2.4808044540281404,166.49097290039063,167.54696044921874,171.41726959228515,167.1088380438907,168.5575846459465,-1.4487466020557918,-1.7061449126304968,1.1499444271787669,1.3973091582349897,173.0066397041141,162.0872811943234,0.06517192839854716,47.33429896937093,-11.313473752084224,55071920.0,0.012758438412130566,0.9995660797058195,0.5147461450849766,1.27021221713155,0.6391888892878006,1.0,0.0,0.0
2024-04-26,MSFT,404.3009099992489,405.1150505614492,398.0132854043954,398.5625915527344,29694700,1.8243733112076166,-1.0016539690855364,398.8765045166016,407.0876968383789,406.2915954589844,400.9993573289092,404.67399259709657,-3.6746352681873873,-1.9195571883467437,1.5048195391293966,1.2612568906017172,426.08129468222245,388.0940989945354,0.09331452653251925,44.59997962452148,-26.8360169021719,22585820.0,0.01781844384689117,0.9790583077016224,-2.4495121716187285,0.36556473339230955,1.6485570557494,0.0,1.0,0.0
2024-04-26,TSLA,168.85000610351562,172.1199951171875,166.3699951171875,168.2899932861328,109815700,-1.1105884774887609,15.306917103399531,155.83499755859376,163.59299926757814,175.529599609375,160.63912034746753,165.407135216228,-4.768014868760474,-6.098346959581457,5.189369613008374,4.151004847860145,185.09553174234503,142.09046679281124,0.2628783941982339,51.87847587909211,-13.139388186905542,111192220.0,0.03416721272442883,1.0287114610012873,4.965143743002587,12.061109407252758,1.8514534090260826,0.0,0.0,1.0
2024-04-29,AAPL,171.5003643815301,174.13168243053624,171.2332869429431,171.62896728515625,68169400,2.4808044540281404,-1.8271094026996781,166.57109680175782,167.71858901977538,171.21230438232422,167.80424254254694,168.78509447107314,-0.9808519285261923,-1.5610863158096362,1.288731713496537,1.4929233494297363,173.47212979784112,161.96504824170964,0.06860945839923983,55.49070996890386,52.03352483585497,54535680.0,0.0168875658546471,1.0233151154456697,-0.34729022376658314,0.5147461450849766,1.27021221713155,1.0,0.0,0.0
2024-04-29,MSFT,397.51309850869376,398.5626776003093,391.5687964569437,394.57037353515625,19582100,-1.0016539690855364,-3.2119494338510024,397.7592498779297,405.99300689697264,406.20704162597656,400.01028289910107,403.9255763702862,-3.915293471185123,-2.31870444491442,1.4204044503301048,1.2475007267737754,425.23327592647854,386.75273786746675,0.09478128294159721,41.693696988527066,-34.05523544605603,22516680.0,0.01772530735316972,0.9718649504603042,1.8243733112076166,-2.4495121716187285,0.36556473339230955,0.0,1.0,0.0
2024-04-29,TSLA,188.4199981689453,198.8699951171875,184.5399932861328,194.0500030517578,243869700,15.306917103399531,-5.550118063944742,159.0919982910156,164.53449935913085,175.40159973144532,165.77925614812756,167.52882912997097,-1.7495729818434143,-5.228592164033849,6.6966887481164745,5.398297505446125,189.5436271457637,139.525371572498,0.3039985885518784,65.2992449148235,122.07179847690269,125554660.0,0.07384695493785966,1.1793879326681709,-1.1105884774887609,4.965143743002587,12.061109407252758,0.0,0.0,1.0
2024-04-30,AAPL,171.46076549698512,173.10286724293962,168.16667528163094,168.4931182861328,65934800,-1.8271094026996781,-0.6046893034236778,166.66507110595703,167.79228439331055,170.97528747558593,167.91022342617552,168.763466605522,-0.8532431793464923,-1.4195176885170075,1.2737217267668723,1.5455197313484517,173.54586442487587,162.03870436174523,0.06857979259736094,49.286348340190244,-3.2780103682884087,53758040.0,0.029296104265374823,1.0041767945132656,2.4808044540281404,-0.34729022376658314,0.5147461450849766,1.0,0.0,0.0
2024-04-30,MSFT,393.8248198455559,394.4820415046003,381.74005368851095,381.89697265625,28781400,-3.2119494338510024,1.4409541313728624,395.28245849609374,404.4181564331055,405.91806457519533,397.2236197848163,402.2938279470242,-5.070208162207905,-2.869005188373117,1.6794447485875306,1.4093268019984384,426.1079994527186,382.72831341349234,0.10726443743729808,34.09759852933307,46.978107557412116,23718260.0,0.033364987754324456,0.9443121348074769,-1.0016539690855364,1.8243733112076166,-2.4495121716187285,0.0,1.0,0.0
2024-04-30,TSLA,186.97999572753903,190.9499969482422,182.83999633789065,183.27999877929688,127031800,-5.550118063944742,-1.7950640048260635,161.70899810791016,165.36699905395508,175.0681997680664,168.47167809138438,168.69558243732843,-0.2239043459440495,-4.227654600415889,6.975413919825039,5.435135164231789,191.7410681983275,138.99292990958267,0.3189762080131504,58.014279906598915,-47.909969955267094,128557840.0,0.04424923976629594,1.1083226993766588,15.306917103399531,-1.1105884774887609,4.965143743002587,0.0,0.0,1.0
2024-05-01,AAPL,167.75123767315736,170.84748833564953,167.28630498280754,167.47425842285156,50383100,-0.6046893034236778,2.203179363520502,166.79366912841797,167.77497406005858,170.73273193359375,167.84315188720262,168.66796970310196,-0.8248178158993369,-1.3005777139934735,1.259285917464736,1.548859778393349,173.53028005159138,162.0196680685258,0.06860744307995018,47.4307630175755,-23.586482403829233,53706230.0,0.021264064020217667,0.998207625190278,-1.8271094026996781,2.4808044540281404,-0.34729022376658314,1.0,0.0,0.0
2024-05-01,MSFT,385.11439972061993,394.050490048908,382.8583225669511,387.3999328613281,23562500,1.4409541313728624,0.734281100974199,393.6247283935547,403.16700744628906,405.7640625,395.71228333504894,401.1905764591949,-5.478293124145978,-3.3908627755276894,1.800067916697293,1.467405452566369,425.77986110388514,380.554153788693,0.11217611183429298,39.27130747905236,-18.13289138123927,24488960.0,0.02889047346831423,0.9608919522338111,-3.2119494338510024,-1.0016539690855364,1.8243733112076166,0.0,1.0,0.0
2024-05-01,TSLA,182.0,185.8600006103516,179.00999450683594,179.99000549316406,92829700,-1.7950640048260635,0.01110562423569661,164.16299896240236,165.94749908447267,174.79279998779296,170.24372846088895,169.53220636739033,0.7115220934986155,-3.239819261632988,7.012351615345566,5.460208580947619,193.10037716335063,138.7946210055947,0.327246607857058,55.960450662073924,-26.924045790109254,129596840.0,0.038057702619359125,1.084620174971985,-5.550118063944742,15.306917103399531,-1.1105884774887609,0.0,0.0,1.0
2024-05-02,AAPL,170.64962025703286,171.5498103000238,169.04709541575278,171.1640167236328,94214900,2.203179363520502,5.981633006920939,167.3862091064453,167.98320236206055,170.5489352416992,168.35405416973035,168.8528620749931,-0.4988079052627654,-1.140223752247332,1.396918749428129,1.6194123517190773,173.91888999871736,162.04751472540374,0.07067001406323231,54.16136772566811,86.99702876559799,58815430.0,0.014621734942759592,1.0189353120838627,-0.6046893034236778,-1.8271094026996781,2.4808044540281404,1.0,0.0,0.0
2024-05-02,MSFT,390.067981051651,392.2946320183516,387.1154376190438,390.2445373535156,17709400,0.734281100974199,2.2169639757723347,392.99400939941404,402.1841354370117,405.6789202880859,394.8710916455823,400.3797587476631,-5.508667102080835,-3.814423640838319,1.7555238012434125,1.4832492005497366,425.2683297493203,379.09994112470315,0.11479415659807353,41.8141997819861,-24.840742705570296,24156910.0,0.013271664055648391,0.9703131052881473,1.4409541313728624,-3.2119494338510024,-1.0016539690855364,0.0,1.0,0.0
2024-05-02,TSLA,182.8600006103516,184.6000061035156,176.02000427246094,180.00999450683594,89148000,0.01110562423569661,0.6555235656792835,167.1709991455078,166.3924987792969,174.49759979248046,171.74623092949616,170.3083388221641,1.4378921073320612,-2.304276987839978,6.804168631536236,5.45418453166906,194.18578120801516,138.59921635057862,0.3340689349894709,55.9706495481992,-3.9660798214364634,128901760.0,0.04766403029210042,1.0818396011084688,-1.7950640048260635,-5.550118063944742,15.306917103399531,0.0,0.0,1.0
2024-05-03,AAPL,184.637145231003,184.98337684032407,180.6901833747752,181.4024200439453,163224100,5.981633006920939,-0.9106784779670307,169.2043899536133,168.6657615661621,170.52934844970704,170.36149507345573,169.78245896158217,0.5790361118735632,-0.796371779423153,2.1461159465001334,2.0821926124648433,177.10199538676864,160.22952774555557,0.10003492993801556,66.84598862642125,73.2465883846398,68322900.0,0.023666682420823502,1.0755141906662962,2.203179363520502,-0.6046893034236778,-1.8271094026996781,1.0,0.0,0.0
2024-05-03,MSFT,394.5997356096934,399.3767535859637,394.18774100881984,398.8961181640625,17446700,2.2169639757723347,1.691833266671905,393.7336120605469,401.25913696289064,405.5810260009766,395.4903264945792,400.2698594451742,-4.779532950594955,-4.007445502789647,1.8508620674939067,1.5139346678322636,423.23268686415724,379.285587061624,0.10952298839888484,48.8318541810205,-1.4833930003275042,22845000.0,0.013008430869236101,0.9941109906762157,0.734281100974199,1.4409541313728624,-3.2119494338510024,0.0,1.0,0.0
2024-05-03,TSLA,182.1000061035156,184.77999877929688,178.4199981689453,181.19000244140625,75491500,0.6555235656792835,1.970303006416807,170.58499908447266,167.20699920654297,174.1731997680664,173.1991188544054,171.114387979145,2.0847308752604192,-1.4264754152198988,6.685182737868297,5.371608010018347,195.76049997322795,138.653498439858,0.3415347551499824,56.60947618377546,-15.31890788351954,127743460.0,0.035101277800403355,1.0836269013929898,0.01110562423569661,-1.7950640048260635,-5.550118063944742,0.0,0.0,1.0
2024-05-06,AAPL,180.3835248162661,182.21356516877452,178.47433028646978,179.75042724609375,78569700,-0.9106784779670307,0.3797073782924265,170.77427825927734,169.3216125488281,170.51332275390624,171.8059461769385,170.5208269826571,1.2851191942814069,-0.380073584682241,2.2334133955768083,2.0895567387992777,179.03534927298008,159.60787582467614,0.1147371156927858,63.77918878676971,-51.86390980253528,71368230.0,0.020802369928085953,1.061591751580196,5.981633006920939,2.203179363520502,-0.6046893034236778,1.0,0.0,0.0
2024-05-06,MSFT,400.95603550783153,406.0273140130064,398.6116505989638,405.644775390625,16996600,1.691833266671905,-1.0156206271241697,394.96759643554685,400.7171875,405.64380432128905,397.0525494016632,400.66800136705945,-3.6154519653962325,-3.9290467953109642,1.9099193000525563,1.5728506219406906,421.61818523166306,379.816189768337,0.10431794983419841,53.53912253774589,-2.579857508869876,22515970.0,0.018281175708232615,1.012296921730179,2.2169639757723347,0.734281100974199,1.4409541313728624,0.0,1.0,0.0
2024-05-06,TSLA,183.8000030517578,187.55999755859372,182.1999969482422,184.75999450683597,84390300,1.970303006416807,-3.761635178001199,174.85599822998046,167.7959991455078,174.02899963378906,174.9777151086255,172.12517364786285,2.8525414607626374,-0.5706720400233916,6.385419383305498,5.287531679903869,197.32039820896145,138.27160008205416,0.3519082601945824,58.5680636652329,11.787817171469639,125472730.0,0.02901061252279491,1.1010989263612745,0.6555235656792835,0.01110562423569661,-1.7950640048260635,0.0,0.0,1.0
2024-05-07,AAPL,181.47163247242835,182.90599233972117,179.3646131175579,180.43295288085935,77305800,0.3797073782924265,0.1864039928104022,172.30755920410155,169.9512466430664,170.53785430908204,173.13317797754172,171.25505853067207,1.878119446869647,0.0715650216281366,2.238797440569928,2.0881619110336955,180.82403222300692,159.0784610631259,0.127951819062271,64.50377121428471,-1.6086353899785744,74145030.0,0.019627120022259237,1.061674782885275,-0.9106784779670307,5.981633006920939,2.203179363520502,1.0,0.0,0.0
2024-05-07,MSFT,406.74340224425765,406.75322090554647,401.2797363262293,401.5249633789063,20018200,-1.0156206271241697,0.2931633474371642,395.14121398925784,399.8863571166993,405.6791168212891,397.7406130904698,400.73148003460363,-2.9908669441338134,-3.7414108250755342,1.89064412175839,1.5800944642588668,419.12602765651917,380.6466865768794,0.09622569111156322,50.485730059525025,17.777673181695164,22944340.0,0.013631741681156781,1.004097679835896,1.691833266671905,2.2169639757723347,0.734281100974199,0.0,1.0,0.0
2024-05-07,TSLA,182.3999938964844,183.25999450683597,177.39999389648438,177.80999755859375,75045900,-3.761635178001199,-1.7378079862311324,178.16899871826172,167.84249877929688,173.59719970703125,175.41345087015907,172.5462717153244,2.8671791548346732,0.11689819894822134,6.719602357650327,5.350569677393707,197.42999942946955,138.2549981291242,0.35256268067217605,53.50466868358385,-11.072836570079737,120522810.0,0.03295653051466099,1.0593860247064335,1.970303006416807,0.6555235656792835,0.01110562423569661,0.0,0.0,1.0
2024-05-08,AAPL,180.8781014429479,181.0957301100937,179.49319037072598,180.769287109375,45057100,0.1864039928104022,1.001443753705611,173.66476135253907,170.69117965698243,170.54002990722657,174.30796399782375,171.9598162031686,2.348147794655148,0.5268815762335388,2.245862424419157,2.059151827026112,182.40502762838355,158.9773316855813,0.13725194230822046,64.87664546649201,-41.7157574205299,73825560.0,0.00886511068884233,1.0590429304703695,0.3797073782924265,-0.9106784779670307,5.981633006920939,1.0,0.0,0.0
2024-05-08,MSFT,400.3773396044192,404.3598247646084,398.9451919846881,402.70208740234375,11792300,0.2931633474371642,0.4335716778942844,395.28639526367186,399.26250000000005,405.73914794921876,398.5039168307581,400.8774509507325,-2.3735341199744084,-3.4678354840553096,1.88948020165693,1.578691216943644,417.1778319332562,381.3471680667439,0.08974212170317092,51.33964799505797,-41.09210618337313,22617040.0,0.013445752950643307,1.0086148521394915,-1.0156206271241697,1.691833266671905,2.2169639757723347,0.0,1.0,0.0
2024-05-08,TSLA,171.58999633789062,176.05999755859375,170.14999389648438,174.72000122070312,79969500,-1.7378079862311324,-1.573946875450305,179.4279983520508,167.99049911499023,173.09699981689454,175.3067663087043,172.70728871572283,2.5994775929814864,0.6134140777548744,5.846923440427487,5.3220441425092995,197.68990938738386,138.2910888425966,0.35358440422353005,51.37792319470981,6.56078479970259,110401960.0,0.033825570174097964,1.0400588255952887,-3.761635178001199,1.970303006416807,0.6555235656792835,0.0,0.0,1.0
2024-05-09,AAPL,180.5912561815798,182.66861565405213,180.14611203583203,182.57958984375,48983000,1.001443753705611,-0.6890205336392841,175.11692962646484,171.16254196166992,170.60235076904297,175.58052182027393,172.74646610247092,2.834055717803011,0.9883164045474333,2.2441302400059686,1.8533901409730364,183.99835479379735,158.32672912954249,0.14998390050787958,66.89255338719823,8.713166182466248,73668030.0,0.013815912394035039,1.0667029582011982,0.1864039928104022,0.3797073782924265,-0.9106784779670307,1.0,0.0,0.0
2024-05-09,MSFT,402.73150019277335,404.84044690561177,401.2895638936333,404.4480895996094,14689700,0.4335716778942844,0.5869106172925243,396.58904418945315,398.49690093994144,405.82939086914064,399.4184049490429,401.1419427025012,-1.723537753458288,-3.1189759379359057,1.6728685253647693,1.5578824565494622,413.8494107925002,383.1443910873827,0.07705209157886303,52.644213981568434,24.570270430704788,20027360.0,0.008779576670750897,1.014934090191494,0.2931633474371642,-1.0156206271241697,1.691833266671905,0.0,1.0,0.0
2024-05-09,TSLA,175.00999450683594,175.6199951171875,171.3699951171875,171.97000122070312,65950300,-1.573946875450305,-2.035238689978358,179.60699920654298,167.8589988708496,172.49559997558595,174.79341783362722,172.65267482720284,2.1407430064243727,0.918879863488774,5.7051363224207785,5.324992229047198,197.45830938238413,138.25968835931508,0.3526687363875937,49.49244228766979,-17.53068357311225,104354240.0,0.024713612664022888,1.0244908070315404,-1.7378079862311324,-3.761635178001199,1.970303006416807,0.0,0.0,1.0
2024-05-10,AAPL,183.1541015442068,183.34230991411323,180.4102677646858,181.3215789794922,50759500,-0.6890205336392841,1.7645493079199825,176.5016616821289,171.49631729125977,170.6527670288086,176.46376138323058,173.38165964891692,3.082101734313653,1.4070734705006775,2.2669473772020403,1.8602436870065708,185.0411268392147,157.95150774330483,0.15796035462325633,64.13765461137089,3.6267684706939196,74260140.0,0.016170398283146634,1.0572913858642559,1.001443753705611,0.1864039928104022,0.3797073782924265,1.0,0.0,0.0
2024-05-10,MSFT,405.0562156749531,407.4496339664975,403.93796601015913,406.8218383789063,13402300,0.5869106172925243,-0.2459353713200385,397.4149688720703,398.145736694336,405.85096923828127,400.5573947074834,401.5626757155682,-1.0052810080848076,-2.6962369519656866,1.594864523039353,1.5384100882095522,412.2941472924296,383.9973260962424,0.07107151625212865,54.43283157700033,-8.763963865837965,18398120.0,0.008631955379611856,1.0217912710973749,0.4335716778942844,0.2931633474371642,-1.0156206271241697,0.0,1.0,0.0
2024-05-10,TSLA,173.0500030517578,173.05999755859375,167.75,168.47000122070312,72627200,-2.035238689978358,2.030033919489904,179.625,167.72999877929686,171.82739990234376,173.82058450856198,172.34284715264732,1.4777373559146554,1.0306513619739504,5.736889057866472,5.325033833273434,197.2932195774731,138.16677798112062,0.35250964065260904,47.12220808671179,10.12413893492523,100635390.0,0.03151895008083617,1.0044118669694857,-1.573946875450305,-1.7378079862311324,-3.761635178001199,0.0,0.0,1.0
2024-05-13,AAPL,183.68902280376187,185.3333522177452,182.8767582325011,184.5210876464844,72044800,1.7645493079199825,0.6173438782532292,177.7908737182617,172.18098526000978,170.78873779296876,177.70335003911578,174.20680246355155,3.4965475755642217,1.8249682915133865,2.2194667365423393,1.801927647268316,186.9155924932484,157.44637802677116,0.17115254870899888,67.77289209592158,41.93362818782691,74647680.0,0.013313350883507552,1.0716693679493114,-0.6890205336392841,1.001443753705611,0.1864039928104022,1.0,0.0,0.0
2024-05-13,MSFT,410.0294239104783,410.3629290881058,402.9766919421273,405.8213195800781,15440200,-0.2459353713200385,0.6864665561684635,398.5400634765625,398.1496566772461,405.81604919433596,401.3672293032672,401.878130816643,-0.5109015133758135,-2.259169864247712,1.547925130201488,1.4743893001458723,412.30697060599135,383.9923427485009,0.07111554005544017,53.51534865195668,15.205599038970918,17983930.0,0.018200712455475172,1.0192682896347462,0.5869106172925243,0.4335716778942844,0.2931633474371642,0.0,1.0,0.0
2024-05-13,TSLA,170.0,175.39999389648438,169.0,171.88999938964844,67018900,2.030033919489904,3.292805679333921,177.40899963378905,168.25049896240233,171.21239990234375,173.5235714133445,172.30930287390666,1.2142685394378532,1.067374797466731,2.411902010647406,5.17021816061063,197.71680004270712,138.78419788209754,0.3502670275811711,49.65917729684697,-7.722038024321465,82950310.0,0.03723307882488593,1.0216314391320729,-2.035238689978358,-1.573946875450305,-1.7378079862311324,0.0,0.0,1.0
2024-05-14,AAPL,185.7394637127145,186.52201273815805,184.5309821431948,185.66021728515625,52393600,0.6173438782532292,1.2217947786500094,179.50758361816406,173.08632736206056,171.03770751953124,178.92748346158353,175.0552035614482,3.8722799001353394,2.234430613237777,2.0308725933375364,1.7174586701264658,188.81526900078518,157.35738572333594,0.18174678356682616,68.97856774201398,-27.276361375144354,73293560.0,0.010724056149870983,1.0726451945380626,1.7645493079199825,-0.6890205336392841,1.001443753705611,1.0,0.0,0.0
2024-05-14,MSFT,404.1538152820149,409.5193847249845,403.692787196972,408.6071472167969,15109300,0.6864665561684635,1.7483816667997587,401.21108093261716,398.24676971435554,405.84822326660156,402.48106282842565,402.3765764759137,0.10448635251196947,-1.7864386208957757,0.9380579235687877,1.481487393501376,412.6740950674508,383.81944436126025,0.07245419900552291,55.75173573781607,-2.1431069545731263,16616720.0,0.014259656414969745,1.0260149693364051,-0.2459353713200385,0.5869106172925243,0.4335716778942844,0.0,1.0,0.0
2024-05-14,TSLA,174.5,179.49000549316406,174.07000732421875,177.5500030517578,86407400,3.292805679333921,-2.005067585133169,176.83600006103515,169.27249908447266,171.00059997558594,174.14302243463885,172.69750288708082,1.4455195475580354,1.143003747484992,2.2464911950839404,5.152521004852366,198.5290023101533,140.01599585879202,0.34567343642844967,53.62473111037521,28.929898879271377,78887870.0,0.030526601384317197,1.0489004652974043,2.030033919489904,-2.035238689978358,-1.573946875450305,0.0,0.0,1.0
2024-05-15,AAPL,186.13569714479723,188.8498155126645,185.60078753373725,187.92860412597656,70400000,1.2217947786500094,0.06324247900451052,181.55301818847656,174.17334365844727,171.43057159423827,180.31227125610556,176.0087887884503,4.303482467655272,2.6482409841212764,1.9518131048885532,1.6938630917240107,190.87018315012438,157.47650416677016,0.19172669182282565,71.2825723420805,34.36755634275943,75295250.0,0.01728862933898707,1.078974544431456,0.6173438782532292,1.7645493079199825,-0.6890205336392841,1.0,0.0,0.0
2024-05-15,MSFT,410.6608977071615,416.4685249978564,410.0418061194269,415.7511596679688,22239500,1.7483816667997587,-0.4939980183999104,404.04620361328125,398.835466003418,406.26399291992186,404.5226161883554,403.36728634199187,1.1553298463635429,-1.198084927443912,0.9701730751968872,1.5194495619103612,415.092194726022,382.578737280814,0.08152097849023632,60.94126763675722,47.1908030153614,16484420.0,0.015458090083409632,1.042412711773245,0.6864665561684635,-0.2459353713200385,0.5869106172925243,0.0,1.0,0.0
2024-05-15,TSLA,179.89999389648438,180.0,173.11000061035156,173.99000549316406,79663000,-2.005067585133169,0.4885285464054867,176.23600006103516,170.19949951171876,170.86559997558595,174.11948136671964,172.79324382086475,1.3262375458548945,1.1796505071589725,2.262999202336539,5.174174591440486,198.77897637809747,141.62002264534004,0.3358350282858608,50.908352792023095,-7.80535000474496,77571200.0,0.03959997225196444,1.0222709584477028,3.292805679333921,2.030033919489904,-2.035238689978358,0.0,0.0,1.0
2024-05-16,AAPL,188.67151097089564,189.29556710780693,187.86916171755817,188.0474548339844,52845200,0.06324247900451052,0.015790484131694704,183.24136199951172,175.31378555297852,171.8455972290039,181.50229949885616,176.90054182886024,4.601757669995919,3.0389443212962055,1.9439309842112131,1.6760225869570182,192.5482406262398,158.07933047971724,0.19661266247716896,71.402417407514,-24.93579545454545,71158280.0,0.007585348025624949,1.0726335880594962,1.2217947786500094,0.6173438782532292,1.7645493079199825,1.0,0.0,0.0
2024-05-16,MSFT,414.493323488297,418.0506409370668,413.06845922359344,413.6973571777344,17530100,-0.4939980183999104,-0.18527541423432048,406.3914855957031,399.69274749755857,406.64967224121096,405.934114802106,404.1324767742691,1.8016380278369297,-0.5981403363877437,1.0422545283293068,1.4550249528710388,417.2024293438143,382.18306565130285,0.08761570959634522,58.80598849413727,-21.17583578767508,16466490.0,0.012043059079376509,1.0350384383200781,1.7483816667997587,0.6864665561684635,-0.2459353713200385,0.0,1.0,0.0
2024-05-16,TSLA,174.10000610351562,175.7899932861328,171.42999267578125,174.83999633789062,59812200,0.4885285464054867,1.4985188920464187,175.71900024414063,171.44499969482422,170.8316000366211,174.23032982382287,172.94485511842223,1.2854747054006452,1.200815346807307,2.275653342599979,5.078062096752946,198.43190394422368,144.45809544542476,0.31481704683644,51.539545312122804,-24.918469050876823,74637620.0,0.02493708934839803,1.019802249404238,-2.005067585133169,3.292805679333921,2.030033919489904,0.0,0.0,1.0
2024-05-17,AAPL,187.7205471314912,189.00827490956243,187.3936613414241,188.0771484375,41282900,0.015790484131694704,0.6162346630943283,183.9088348388672,176.55661239624024,172.26359008789063,182.513814720186,177.72843861468542,4.785376105500575,3.38823067813708,0.826304100729295,1.6249241091358535,193.70391110564742,159.40931368683306,0.1942413651540171,71.43449209156174,-21.879565220682295,58964160.0,0.008584847130829886,1.0652512295342675,0.06324247900451052,1.2217947786500094,0.6173438782532292,1.0,0.0,0.0
2024-05-17,MSFT,415.2205329091171,415.5939551336606,410.7886480687753,412.9308776855469,15352200,-0.18527541423432048,1.2208187780889057,407.7949615478516,400.76428680419923,406.8817138671875,407.0105398610969,404.7842101751045,2.2263296859924253,-0.03324633191170989,0.8915934473956086,1.4159587159203773,418.7786793070757,382.74989430132274,0.08990018869459669,57.98937203930434,-12.42377396592147,16257040.0,0.011637073719986197,1.0303584707568811,-0.4939980183999104,1.7483816667997587,0.6864665561684635,0.0,1.0,0.0
2024-05-17,TSLA,173.5500030517578,179.6300048828125,172.75,177.4600067138672,77445800,1.4985188920464187,-1.4144086952910362,175.34600067138672,172.9654998779297,170.80780029296875,174.727203191522,173.27931079215887,1.447892399363127,1.2502307573184712,2.328648213051838,5.035933321608394,197.47851591206816,148.4524838437912,0.2834439937610509,53.52319050029767,29.481610775059263,74833050.0,0.03876932617221004,1.0259849902963856,0.4885285464054867,-2.005067585133169,3.292805679333921,0.0,0.0,1.0
2024-05-20,AAPL,187.5422997392361,190.10784067213936,187.22531400566533,189.23614501953125,44361300,0.6162346630943283,0.6857241460500152,184.85740661621094,177.81584243774415,172.67053619384765,183.54801938162373,178.58086131134064,4.967158070283091,3.7040161565662824,0.6950177364922417,1.6243564474228183,194.7946057218926,160.8370791535957,0.19097019760871925,72.72058417021391,7.456840483590055,55543320.0,0.015232431764959739,1.064225450472927,0.015790484131694704,0.06324247900451052,1.2217947786500094,1.0,0.0,0.0
2024-05-20,MSFT,412.9308753558347,419.3772369114519,412.7146851212101,417.9720153808594,16272100,1.2208187780889057,0.8699114281160325,409.027685546875,401.9976409912109,407.27186401367186,408.6969207102911,405.76108463479,2.935836075501129,0.5605701495708579,0.822599262826519,1.431282419527104,421.20017807263133,382.7951039097905,0.09553557097535431,61.75142208683998,5.991975091517832,16184590.0,0.01594018629254605,1.0397374829122386,-0.18527541423432048,-0.4939980183999104,1.7483816667997587,0.0,1.0,0.0
2024-05-20,TSLA,177.55999755859375,177.75,173.52000427246094,174.9499969482422,61727400,-1.4144086952910362,6.65905079079252,174.36500091552733,174.6104995727539,170.8000003051758,174.76147915409433,173.40306532223912,1.3584138318552164,1.2718673722258202,2.224486836328953,4.962446156703701,194.33634471572245,154.88465442978534,0.22594111111570933,51.354430430541115,-20.296000557809457,72566760.0,0.024178312668336192,1.0019443124916256,1.4985188920464187,0.4885285464054867,-2.005067585133169,0.0,0.0,1.0
2024-05-21,AAPL,189.28567056183377,190.91018461353585,189.11727756366656,190.5337829589844,42309400,0.6857241460500152,-0.7538427311609142,185.86748962402345,179.0875244140625,173.06347106933595,184.62275223967924,179.46626291486982,5.156489324809428,3.9945107902149117,0.6950013916331811,1.6242545444769363,195.86492727164006,162.31012155648494,0.18736540038140304,74.12521723689136,-4.625428019467415,52043680.0,0.00940991682433156,1.0639143267090865,0.6162346630943283,0.015790484131694704,0.06324247900451052,1.0,0.0,0.0
2024-05-21,MSFT,419.4362626425402,425.46991744124085,417.4905802068074,421.6080017089844,21453300,0.8699114281160325,0.34495211125733505,411.03598937988284,403.08860168457034,407.76808349609377,410.68324086393625,406.93493034398955,3.748310519946699,1.1981182236460262,0.692636108645298,1.403400254494898,424.15184532332944,382.02535804581123,0.10450924958300738,64.23887534615619,31.841003926967026,16328100.0,0.018925962510410784,1.045943745238686,1.2208187780889057,-0.18527541423432048,-0.4939980183999104,0.0,1.0,0.0
2024-05-21,TSLA,175.50999450683594,186.8800048828125,174.7100067138672,186.6000061035156,115266500,6.65905079079252,-3.478030697149992,175.24400177001954,176.7065002441406,170.97660034179688,176.58279099246684,174.38061649122255,2.2021745012442864,1.4579287980295135,2.8818309369649917,5.112021821523968,191.27623266825003,162.1367678200312,0.16490318583617056,59.54755926501608,86.73474016401144,76588820.0,0.06521970938304286,1.055988352696171,-1.4144086952910362,1.4985188920464187,0.4885285464054867,0.0,0.0,1.0
2024-05-22,AAPL,190.4545322055808,190.9993419606465,188.4734168160404,189.0974578857422,34648500,-0.7538427311609142,-2.105805752761847,186.70030670166017,180.18253402709962,173.41818298339842,185.3111684929197,180.17968476456406,5.131483728355647,4.221905377843059,0.8044002819949333,1.6517269427687526,196.54600756485942,163.81906048933982,0.18163218345346083,69.83866945367603,-18.106850959833988,51002820.0,0.013357795355093086,1.0494771810529746,0.6857241460500152,0.6162346630943283,0.015790484131694704,1.0,0.0,0.0
2024-05-22,MSFT,422.6398032435963,424.919622461389,419.7310859592396,423.0623474121094,18073700,0.34495211125733505,-0.8176279333043213,413.0720153808594,404.1792053222656,408.0822998046875,412.5877187944244,408.12955383051695,4.45816496390745,1.850127571698311,0.691181264128885,1.4033381698604284,427.0249989050244,381.3334117395068,0.11304784255064823,65.21337573444572,-15.753287373038184,16956240.0,0.012264236072739442,1.0467197268963593,0.8699114281160325,1.2208187780889057,-0.18527541423432048,0.0,1.0,0.0
2024-05-22,TSLA,182.8500061035156,183.8000030517578,178.1199951171875,180.11000061035156,88313500,-3.478030697149992,-3.5367248323807887,175.7830017089844,177.6055000305176,171.02800048828124,177.12543862598756,174.80501531486175,2.3204233111258077,1.6304277006487724,3.0791254162338215,4.556750866534656,190.51214315256146,164.69885690847372,0.1453405792030782,54.08282165199134,-23.38320327241653,77423220.0,0.03153632732953232,1.0141014809755533,6.65905079079252,-1.4144086952910362,1.4985188920464187,0.0,0.0,1.0
2024-05-23,AAPL,189.1767103485156,189.19652573516208,184.86779330766728,185.1154327392578,51005900,-2.105805752761847,1.6587995524132149,186.95389099121093,181.0354103088379,173.73480102539062,185.28105530004865,180.5452957256525,4.735759574396155,4.324676217153678,1.1112043150989372,1.76163519168381,196.4909796828279,165.57984093484788,0.1707463677699688,59.556054999579324,47.20954731085041,51205110.0,0.02338396298698653,1.02253715128692,-0.7538427311609142,0.6857241460500152,0.6162346630943283,1.0,0.0,0.0
2024-05-23,MSFT,425.4698570651074,426.0889486573305,418.0506543072696,419.603271484375,17211700,-0.8176279333043213,0.7400454996377981,414.58753356933596,405.58828887939455,408.33086486816404,413.6670345928783,408.9794588419138,4.68757575096447,2.417617207551543,0.80734181556426,1.2785142198283361,428.5967717715327,382.5798059872564,0.11345733357197565,60.9585424449278,-4.769361005217521,17208440.0,0.019156891512368025,1.0345547023650574,0.34495211125733505,0.8699114281160325,1.2208187780889057,0.0,1.0,0.0
2024-05-23,TSLA,181.8000030517578,181.8999938964844,173.25999450683594,173.74000549316406,71975500,-3.5367248323807887,3.165649721483632,175.96000213623046,177.78350067138672,171.11320068359376,176.60460275939934,174.72612569843972,1.878477060959625,1.6800375727109431,3.2716646756301366,4.526606800345662,190.35273653317606,165.21426480959738,0.14139935161949804,49.30053404363032,-18.50000283082428,78025740.0,0.04972947574810808,0.9772560717785808,-3.478030697149992,6.65905079079252,-1.4144086952910362,0.0,0.0,1.0
2024-05-24,AAPL,187.0370913918068,188.7804673088457,186.26444256610336,188.1861267089844,36327000,1.6587995524132149,0.0052785355931339595,187.64034576416014,182.07100372314454,174.07583618164062,185.72798936296186,181.1112832058993,4.616706157062566,4.383082205135456,1.1625793664896695,1.768014613185753,196.43787568513403,167.70413176115505,0.15781614500061328,63.96241970390541,-28.778827547401377,49761860.0,0.013369873681672471,1.03358647374262,-2.105805752761847,-0.7538427311609142,0.6857241460500152,1.0,0.0,0.0
2024-05-24,MSFT,419.7899734465773,423.5929302999633,417.0581313925194,422.7085266113281,11855300,0.7400454996377981,0.037202249346335314,416.17620239257815,406.7955856323242,408.4429998779297,415.0580333649475,409.99642682483335,5.0616065401141555,2.9464150740640656,0.8133127321075567,1.2352287777806807,430.76571907427757,382.82545219037087,0.11784854255335199,63.27502609067586,-31.120691157758962,17053740.0,0.015459349637043264,1.0391177818566266,-0.8176279333043213,0.34495211125733505,0.8699114281160325,0.0,1.0,0.0
2024-05-24,TSLA,174.83999633789062,180.0800018310547,173.72999572753906,179.24000549316406,65584500,3.165649721483632,-1.389201861667555,177.03700256347656,178.33100128173828,171.44800079345703,177.0100493338247,175.0604871647156,1.9495621691091003,1.7339424919905746,3.2989663853485736,4.562507665467452,190.08668625508244,166.57531630839412,0.13184118172220438,53.15240659096085,-8.879410354912432,77321470.0,0.03542739293074729,1.0050972865339867,-3.5367248323807887,-3.478030697149992,6.65905079079252,0.0,0.0,1.0
2024-05-28,AAPL,189.7016969806021,191.1776333738516,187.31446444482384,188.1960601806641,52280100,0.0052785355931339595,0.1578936657429697,188.00784301757812,182.89935836791992,174.4245883178711,186.10769256568528,181.63608150032633,4.471611065358957,4.400787977180157,1.0579100926433964,1.7152244951731377,196.62747059796237,169.17124613787746,0.15011657069268683,63.97609280261375,43.91526963415642,47785390.0,0.02052736345978334,1.028959652237212,1.6587995524132149,-2.105805752761847,-0.7538427311609142,1.0,0.0,0.0
2024-05-28,MSFT,422.1877338257991,423.35712243524114,419.2102222377172,422.8657836914063,15718000,0.037202249346335314,-0.26724707439834683,417.8806488037109,408.2103561401367,408.73091979980467,416.25922572286424,410.94971251865354,5.3095132042107025,3.419034700093393,0.7935266578473658,1.1988382765527956,432.4805831026685,383.9401291776049,0.11891039312192243,63.393482682068786,32.582051909272636,17081520.0,0.009806658181997139,1.035901655435313,0.7400454996377981,-0.8176279333043213,0.34495211125733505,0.0,1.0,0.0
2024-05-28,TSLA,176.39999389648438,178.25,173.16000366210938,176.75,59736600,-1.389201861667555,-0.3168303018918017,177.52300262451172,177.46600112915038,171.71160064697267,176.97004174400553,175.18563626362555,1.7844054803799736,1.7440350896684544,3.319477182540573,2.9278874959561265,186.60676761540194,168.32523464289883,0.10301428361592915,51.25387626367736,-8.916588523202895,76593240.0,0.02879771619740099,0.9959654180260178,3.165649721483632,-3.5367248323807887,-3.478030697149992,0.0,0.0,1.0
2024-05-29,AAPL,187.8196378873868,190.43470949642943,187.72057607583483,188.4932098388672,53068000,0.1578936657429697,0.525512197716349,188.29114227294923,183.89936294555665,174.7575213623047,186.47469522309788,182.14401693281084,4.3306782902870395,4.386766039801533,1.047818277313134,1.6303012688330238,196.02971893922265,171.76900695189065,0.13192385008160348,64.41108843105181,1.5070743935072795,47852830.0,0.014399104471268619,1.0249802218981614,0.0052785355931339595,1.6587995524132149,-2.105805752761847,1.0,0.0,0.0
2024-05-29,MSFT,418.31595899186647,423.4750155168305,418.31595899186647,421.7356872558594,15517100,-0.26724707439834683,-3.3786041180410065,419.19350280761716,410.20229187011716,408.9785809326172,417.10175826640193,411.74867361029845,5.353084656103476,3.80584469129541,0.8143257802691308,0.8749405321005688,431.76806825299894,388.6365154872354,0.10514703018631684,61.849564219417054,-1.2781524366967778,17122300.0,0.012232914313068678,1.0281163601820977,0.037202249346335314,0.7400454996377981,-0.8176279333043213,0.0,1.0,0.0
2024-05-29,TSLA,174.19000244140625,178.14999389648438,173.92999267578125,176.19000244140625,54782600,-0.3168303018918017,1.4756744473008343,177.38700256347656,177.11150131225585,171.75940063476563,176.8500356974518,175.26003375827597,1.5900019391758349,1.7132284595699305,3.1533747993653973,2.6681007928727554,185.8436784491565,168.3793241753552,0.09860655092641792,50.814283109220625,-8.293073258270478,73430760.0,0.023951422681355194,0.9947970692810911,-1.389201861667555,3.165649721483632,-3.5367248323807887,0.0,0.0,1.0
2024-05-30,AAPL,188.9587703074631,190.3653603450464,188.83000809203267,189.4837646484375,49889100,0.525512197716349,0.5018598796199925,188.4466583251953,184.99983825683594,175.06357360839843,186.93762898084245,182.68770194878317,4.249927032059276,4.359398238253082,0.9907438096418337,1.6066841278706505,194.58185940517973,175.41781710849216,0.103589508386932,65.88974397454857,-5.990238938720127,45801740.0,0.008102816913429959,1.0242374611451093,0.1578936657429697,0.0052785355931339595,1.6587995524132149,1.0,0.0,0.0
2024-05-30,MSFT,416.9500674611062,416.9500674611062,407.0643338259667,407.4869079589844,28394500,-3.3786041180410065,0.11092279059303767,418.36707763671876,411.206640625,408.8610272216797,415.6225505267992,411.43298726575665,4.189563261042565,3.8825884052448414,1.2899625080019739,1.2041853650968142,429.9929418055698,392.42033944443017,0.0913715846223504,46.47917147112888,82.98844500583226,17737800.0,0.02426024846946629,0.9909541036098981,-0.26724707439834683,0.037202249346335314,0.7400454996377981,0.0,1.0,0.0
2024-05-30,TSLA,178.5800018310547,182.6699981689453,175.3800048828125,178.7899932861328,77618400,1.4756744473008343,-0.3971091681523098,177.86700134277345,177.0515007019043,171.90880035400392,177.148490711095,175.52151224182091,1.6269784692740927,1.6959784615107631,3.103195701872014,2.663073781118507,185.71663235134926,168.38636905245934,0.09788261172701554,52.836825364160916,41.6844034419688,73226300.0,0.040774056490208696,1.0098191349824002,-0.3168303018918017,-1.389201861667555,3.165649721483632,0.0,0.0,1.0
2024-05-31,AAPL,189.6323583658605,190.7516933437122,188.1168063750808,190.4347076416016,75158300,0.5018598796199925,0.9258730278664862,188.68538360595704,185.96337280273437,175.3374038696289,187.4756410824977,183.2615542223253,4.214086860172415,4.330335962636949,0.9992535171149155,1.5635373285827794,193.29982448231956,178.62692112314917,0.0789021146370316,67.2946018966818,50.650743348747525,48033050.0,0.013836169893936765,1.0240441694053932,0.525512197716349,0.1578936657429697,0.0052785355931339595,1.0,0.0,0.0
2024-05-31,MSFT,409.53083651523417,409.53083651523417,397.5028738526741,407.93890380859375,47995300,0.11092279059303767,-0.3878407539808393,417.7912322998047,412.0913589477539,408.6775726318359,414.44045103169066,411.17416626892975,3.266284762760904,3.7593276767480543,1.2884609384773638,1.1993210848079383,428.1963309315737,395.98638696393414,0.07816214358361061,46.929719582940464,69.03026994664461,20784320.0,0.02948471584902731,0.9899234598129814,-3.3786041180410065,-0.26724707439834683,0.037202249346335314,0.0,1.0,0.0
2024-05-31,TSLA,178.5,180.32000732421875,173.82000732421875,178.0800018310547,67314600,-0.3971091681523098,-1.00517100545634,178.19100189208984,176.95500106811522,171.9572003173828,177.29180011416574,175.71102998917155,1.5807701249941886,1.6729367942074482,3.11032971205941,2.664547442219687,185.52385889629534,168.3861432399351,0.09684787405224797,52.20551780108292,-13.274945116106496,73976540.0,0.036500448860993275,1.006357552802401,1.4756744473008343,-0.3168303018918017,-1.389201861667555,0.0,0.0,1.0
2024-06-03,AAPL,191.07855630297723,193.14883318833756,190.7021546904014,192.1978912353516,50080500,0.9258730278664862,0.16493487037547716,189.09745788574222,186.50314636230468,175.79092346191408,188.20214110601367,183.92350511217907,4.278635993834598,4.319995968876478,1.0286322264199304,0.9110562439058192,194.0131615074184,178.99313121719095,0.08053499677184667,69.77986071835356,-33.366640810130086,48912810.0,0.012729996579099566,1.0305343099251751,0.5018598796199925,0.525512197716349,0.1578936657429697,1.0,0.0,0.0
2024-06-03,MSFT,408.3319416725267,409.2163453409128,401.8364584078778,406.3567504882813,17484700,-0.3878407539808393,0.6166723918249017,417.1338195800781,412.46439056396486,408.3812567138672,413.19680479424306,410.8173206555484,2.3794841386946928,3.483358969137382,1.2909728750731946,1.1101793898018169,427.5988502709639,397.3299308569658,0.07338553365203537,45.486283352783026,-63.569974560009,20997570.0,0.01816110332649159,0.9851923215302719,0.11092279059303767,-3.3786041180410065,-0.26724707439834683,0.0,1.0,0.0
2024-06-03,TSLA,178.1300048828125,182.63999938964844,174.49000549316406,176.2899932861328,68568900,-1.00517100545634,-0.8622094682395387,178.0740005493164,176.71000061035156,172.0266000366211,177.13767598677606,175.75391615931684,1.3837598274592153,1.6151014008578017,3.0973158392536413,2.668245397925678,185.04605780671756,168.37394341398556,0.09434731670616811,50.56514631900983,1.8633401966289709,73088850.0,0.0462306098296588,0.9976231830526396,-0.3971091681523098,1.4756744473008343,-0.3168303018918017,0.0,0.0,1.0
2024-06-04,AAPL,192.80214765697744,193.47573474401025,191.20734917579057,192.514892578125,47471400,0.16493487037547716,0.7820852054617244,189.42533264160159,187.14136962890626,176.23277893066407,188.86564133249234,184.55990418373062,4.305737148761722,4.317144204853527,1.0192591769382635,0.8669148566730621,194.40043806079603,179.8823011970165,0.07757844720581249,70.21804185954295,-5.209812202354214,49223820.0,0.011782909560096215,1.0287137096403336,0.9258730278664862,0.5018598796199925,0.525512197716349,1.0,0.0,0.0
2024-06-04,MSFT,405.2856798357907,409.22622626275023,402.58331667273,408.8626403808594,14348900,0.6166723918249017,1.9083402257312976,416.22288208007814,412.6252838134766,408.1474169921875,412.53001026910715,410.6725295240899,1.8574807450172557,3.158183324313357,1.232356505304424,1.053557352059837,427.5210204410629,397.7295471858903,0.07219982493520577,48.203642031846776,-17.934537052394383,20805250.0,0.01624728927013799,0.9908812097071635,-0.3878407539808393,0.11092279059303767,-3.3786041180410065,0.0,1.0,0.0
2024-06-04,TSLA,174.77999877929688,177.75999450683594,174.0,174.77000427246094,60056300,-0.8622094682395387,0.13159908560766986,178.05600128173828,176.21050109863282,172.10540008544922,176.77341879995834,175.68103379732753,1.092385002630806,1.5105581212124026,3.0746062972591717,2.6272337782739346,183.66630737468512,168.75469482258052,0.08462385873222113,49.15279086065253,-12.414666124146656,72921740.0,0.021513957858433328,0.991825136315993,-1.00517100545634,-0.3971091681523098,1.4756744473008343,0.0,0.0,1.0
2024-06-05,AAPL,193.5549597642067,195.040796246884,193.02996541617088,194.02052307128903,54156800,0.7820852054617244,-0.7096473870239484,189.77400665283204,187.82074813842775,176.73303833007813,189.65870006153798,185.26069076799422,4.398009293543765,4.333317222591575,1.025046093174149,0.8723612960596384,194.97889620095353,180.66260007590196,0.07622318762408592,72.2743180234245,14.083005767683288,50408560.0,0.010364010976170249,1.033008999241617,0.16493487037547716,0.9258730278664862,0.5018598796199925,1.0,0.0,0.0
2024-06-05,MSFT,410.5725176189358,416.73389525429343,409.0886648755249,416.6651306152344,16988000,1.9083402257312976,0.12025679098575104,415.7285949707031,413.38229217529295,408.1849835205078,413.1661826300498,411.1164259012117,2.0497567288380765,2.936498005218301,1.369842320323683,1.1004840411899321,427.41673192903556,399.34785242155033,0.06790053671573999,55.62137140765239,18.39235063314959,20358720.0,0.018348620551664183,1.0079414104137516,0.6166723918249017,-0.3878407539808393,0.11092279059303767,0.0,1.0,0.0
2024-06-05,TSLA,175.35000610351562,176.14999389648438,172.1300048828125,175.0,57953800,0.13159908560766986,1.6800013950892811,176.89600067138673,176.07000122070312,172.15279998779297,176.5005851384263,175.63058684937735,0.8699982890489366,1.3824461547797096,2.024949660893861,2.4938159753316382,183.50477151048975,168.6352309309165,0.08445243639735277,49.38317450909721,-3.5008816726971204,67190470.0,0.022971365792410714,0.9939228646942424,-0.8622094682395387,-1.00517100545634,-0.3971091681523098,0.0,0.0,1.0
2024-06-06,AAPL,193.84224299284628,194.64459232913163,192.33659102362645,192.64366149902344,41181800,-0.7096473870239484,1.2391906753969062,190.12862701416017,188.41446685791016,177.22831481933594,190.11792489807422,185.8075774888112,4.3103474092630165,4.328723259925863,1.0206281899133054,0.9045564728824048,195.06155565141063,181.76737806440968,0.07055815728325439,67.67282210734268,-23.95821023398723,51061890.0,0.011980676070761207,1.022446230969635,0.7820852054617244,0.16493487037547716,0.9258730278664862,1.0,0.0,0.0
2024-06-06,MSFT,416.66505364933033,417.942522272772,413.294447378338,417.1661987304688,14861300,0.12025679098575104,-0.15781616892600603,415.13898010253905,414.1054977416992,408.25630859375,413.781569722422,411.5645572218974,2.217012500524561,2.7926009042795537,1.3633906299165457,1.1003187134968355,427.28743730194475,400.92355818145364,0.06366464406839567,56.056596245270526,-12.518836825994818,20037480.0,0.01114202183345423,1.0073911141133383,1.9083402257312976,0.6166723918249017,-0.3878407539808393,0.0,1.0,0.0
2024-06-06,TSLA,174.60000610351562,179.72999572753906,172.72999572753906,177.94000244140625,69887000,1.6800013950892811,-0.25851787543875737,176.6790008544922,176.2310012817383,172.1582000732422,176.72203395426936,175.80165467100912,0.920379283260246,1.290032780475817,1.8671925496220523,2.489205761230252,183.68212028164783,168.77988228182875,0.08456082012491695,52.35494309048296,20.59088446314132,65347820.0,0.0393391025287022,1.0096975058147448,0.13159908560766986,-0.8622094682395387,-1.00517100545634,0.0,0.0,1.0
2024-06-07,AAPL,192.81202934049517,195.08041469163095,192.30685040959915,195.0308837890625,53103900,1.2391906753969062,-1.9147686695754396,191.12017211914065,189.0370315551758,177.70011260986328,190.87376472745703,186.4907853629039,4.382979364553137,4.339574480851319,0.6734468281317212,0.9154451257570574,195.71539326693298,182.3586698434186,0.07065665025329096,71.10750997293567,28.94992448120286,51271690.0,0.014221154250788168,1.031707291341682,-0.7096473870239484,0.7820852054617244,0.16493487037547716,1.0,0.0,0.0
2024-06-07,MSFT,418.8171410219632,418.8957420228007,415.6725611876173,416.5078430175781,13621700,-0.15781616892600603,0.9484670023268471,414.8294372558594,414.70848541259767,408.3187841796875,414.2009963832152,411.930726540096,2.2702698431192516,2.6881346920474933,1.3423144181141502,1.1011594969341962,427.11061272064535,402.30635810455,0.05981130236922295,55.2893586582048,-8.341127626789046,19678480.0,0.007738583772712633,1.0043388492598366,0.12025679098575104,1.9083402257312976,0.6166723918249017,0.0,1.0,0.0
2024-06-07,TSLA,176.1300048828125,179.35000610351562,175.5800018310547,177.47999572753906,56244900,-0.25851787543875737,-2.0791089307163446,177.0529998779297,176.5065010070801,172.11119995117187,176.83864345784934,175.92597623075207,0.9126672270972733,1.2145596698001082,1.43576050921338,2.4592791086664074,183.69716662005357,169.3158353941066,0.08147762911786509,51.84207740627773,-19.520225506889687,63774760.0,0.02124185464962774,1.0055153476778735,1.6800013950892811,0.13159908560766986,-0.8622094682395387,0.0,0.0,1.0
2024-06-10,AAPL,195.0408003359433,195.43703247512377,190.33565137548777,191.29649353027344,97010200,-1.9147686695754396,7.26492000714376,191.43120880126955,189.53577728271483,178.13342742919923,190.9387999278903,186.84676374567204,4.092036182218266,4.290066821124708,0.9112249859355412,1.0223547986698813,195.2010818628406,183.87047270258907,0.05978084624809697,60.31217765043281,82.6799914883841,57340010.0,0.026667405165106628,1.0092896247494862,1.2391906753969062,-0.7096473870239484,0.7820852054617244,1.0,0.0,0.0
2024-06-10,MSFT,417.3432111053911,420.6646363808704,416.5472446058039,420.4582824707031,13982900,0.9484670023268471,1.1241599302983296,414.6044128417969,415.3903076171875,408.4741955566406,415.16365578129034,412.5623973497706,2.6012584315197387,2.6707594399419428,1.3577465581552408,1.1115795051014146,427.46179601611436,403.3188192182606,0.05812118471503496,58.92245651601809,2.6516514091486476,19891240.0,0.009792628535872374,1.012200513012899,-0.15781616892600603,0.12025679098575104,1.9083402257312976,0.0,1.0,0.0
2024-06-10,TSLA,176.05999755859375,178.57000732421875,173.1699981689453,173.7899932861328,50774600,-2.0791089307163446,-1.8010183238054034,176.50799865722655,176.77250061035156,172.07119995117188,176.36962035450836,175.7677552718914,0.6018650826169676,1.0920207523634802,1.1754917930226139,2.4613833998383643,183.0466063155718,170.4983949051313,0.07098508742657735,47.79728407638091,-9.72585958904718,62293770.0,0.03107203730874601,0.983127990417509,-0.25851787543875737,1.6800013950892811,0.13159908560766986,0.0,0.0,1.0
2024-06-11,AAPL,191.82150120872504,205.20394601258087,191.8017009364241,205.19403076171875,172373300,7.26492000714376,2.8578342181011074,193.131005859375,190.56942443847657,178.87338012695312,193.13191236386393,188.2058205616755,4.926091802188438,4.417271817337454,2.4162673395204273,1.849713717399063,199.16709513826248,181.97175373869067,0.09023137604701724,75.32539092435624,77.68574850891967,69349330.0,0.06531498516991509,1.0767416198392497,-1.9147686695754396,1.2391906753969062,-0.7096473870239484,1.0,0.0,0.0
2024-06-11,MSFT,418.1096457911631,425.3224952545953,417.88361916349896,425.1849060058594,14551100,1.1241599302983296,1.9367650749950283,414.83632507324216,416.3584869384766,408.6486102294922,416.7053865850702,413.4973979909624,3.2079885941078032,2.778205270775115,1.4076471569530602,1.126654407991703,428.30393446915014,404.413039407803,0.05738058862933031,62.81573674134824,4.063534746011199,19774550.0,0.017495625987705765,1.021199085269726,0.9484670023268471,-0.15781616892600603,0.12025679098575104,0.0,1.0,0.0
2024-06-11,TSLA,173.9199981689453,174.75,167.41000366210938,170.66000366210938,64761900,-1.8010183238054034,3.8849112163094723,175.8989990234375,176.71100082397462,171.98,175.49121778644698,175.3894033007964,0.10181448565057849,0.8939794990208999,1.2240209424024902,2.459227163597609,183.20681433729033,170.2151873106589,0.07351906200549813,44.61734642378006,27.54782903262656,62796300.0,0.04300947017687356,0.9657576657160537,-2.0791089307163446,-0.25851787543875737,1.6800013950892811,0.0,0.0,1.0
2024-06-12,AAPL,205.41194501546696,218.12080209568063,204.94638168818943,211.05813598632807,198134300,2.8578342181011074,0.5491072596936597,195.38749847412106,191.83932037353514,179.75415863037108,195.8897929211661,189.8985846672053,5.991208253960792,4.732059104662122,2.4750334275123205,1.9206135373909337,204.10440984898338,179.5742308980869,0.1278683582861592,78.9447052464222,14.944889956855256,83855960.0,0.06242081285293172,1.1001818374636205,7.26492000714376,-1.9147686695754396,1.2391906753969062,1.0,0.0,0.0
2024-06-12,MSFT,427.7791794767063,435.7192005368738,425.7450298401941,433.4197387695313,22366200,1.9367650749950283,0.11789641366486414,416.0047302246094,417.59911651611327,409.04912536621094,419.2768253826796,414.97312693752303,4.303698445156556,3.0833039056514036,1.5182657293093487,1.1858962149641246,431.19489733182354,404.003335700403,0.06511403055224457,68.42979654467422,53.707967095271144,20459460.0,0.023012728319656513,1.0378847119826404,1.1241599302983296,0.9484670023268471,-0.15781616892600603,0.0,1.0,0.0
2024-06-12,TSLA,171.1199951171875,180.5500030517578,169.8000030517578,177.2899932861328,90389400,3.8849112163094723,2.9217711832219218,176.00899810791014,176.69800033569337,172.1931997680664,175.76795247870632,175.53018774415466,0.2377647345516607,0.7627365461270521,1.8133882126393948,2.5042025479756806,183.18778169569603,170.2082189756907,0.07345619472402956,51.91494742675271,39.571877909696894,66356980.0,0.06063511990014181,1.0033503092808904,-1.8010183238054034,-2.0791089307163446,-0.25851787543875737,0.0,0.0,1.0
2024-06-13,AAPL,212.71235034689784,214.70336573665497,209.60200000148347,212.21707153320312,97862700,0.5491072596936597,-0.8168331888346869,197.66082916259765,193.0537437438965,180.64209075927735,198.40168193840256,191.55180591653848,6.849876021864077,5.155622488102513,2.474368501961099,1.916145041481499,208.16746391396148,177.9400235738315,0.1565752611367613,79.58212963378985,-50.60789575555571,88653320.0,0.02403843243295979,1.0992642122223153,2.8578342181011074,7.26492000714376,-1.9147686695754396,1.0,0.0,0.0
2024-06-13,MSFT,433.2133897026112,435.7093989946261,431.7590161803077,433.93072509765625,15960600,0.11789641366486414,0.22419935182693695,418.64911193847655,418.50809478759766,409.4792816162109,421.53127149267596,416.3773934679033,5.153878024772666,3.4974187294756565,0.8256729250367014,1.1362299187362597,433.89637898684254,403.1198105883528,0.07353876491710289,68.74513336459225,-28.639643748155695,19216070.0,0.009103717680810381,1.0368514504310506,1.9367650749950283,1.1241599302983296,0.9484670023268471,0.0,1.0,0.0
2024-06-13,TSLA,188.38999938964844,191.0800018310547,181.22999572753903,182.47000122070312,118984100,2.9217711832219218,-2.4442410719736185,176.3769989013672,177.12200012207032,172.47499969482422,176.79903690055198,176.04424800167678,0.754788898875205,0.7611470166766827,1.9867052274634553,2.5364220217316125,183.96527168117694,170.2787285629637,0.07727184149219551,56.71400558272251,31.635014725177957,70493550.0,0.053981509495370505,1.0301938838481217,3.8849112163094723,-1.8010183238054034,-2.0791089307163446,0.0,0.0,1.0
2024-06-14,AAPL,211.8307711431916,213.13829945342,209.30484597389383,210.48361206054688,70122700,-0.8168331888346869,1.9671451605864254,199.66571960449215,194.1755516052246,181.5117739868164,200.26044041873246,192.95416192720577,7.306278491526683,5.585753688787348,2.547755263009583,1.9397214750993284,210.96266994908947,177.38843326135972,0.17290661162116344,75.88177032686244,-28.34583554306186,88149760.0,0.018212598320592487,1.083986167777074,0.5491072596936597,2.8578342181011074,7.26492000714376,1.0,0.0,0.0
2024-06-14,MSFT,430.68790003484014,435.4637283515464,429.1549255106968,434.9035949707031,13582000,0.22419935182693695,1.3105258249624718,421.3455810546875,419.5684066772461,409.97931396484375,423.58855202775703,417.7497046903329,5.838847337424113,3.965704451065348,0.8184480546450182,1.1237439674461982,436.41433783784396,402.7224755166483,0.0803012376170478,69.37238335472955,-14.902948510707613,15774740.0,0.014506209913658275,1.0365499118842225,0.11789641366486414,1.9367650749950283,1.1241599302983296,0.0,1.0,0.0
2024-06-14,TSLA,185.8000030517578,186.0,176.9199981689453,178.00999450683594,82038200,-2.4442410719736185,5.2974598199923895,176.3699981689453,177.28050003051757,172.6129995727539,176.98533807074952,176.1898588539108,0.7954792168387144,0.768013456709089,2.1558051562052545,2.6068232466287395,184.04764644127965,170.5133536197555,0.07634394543784753,51.91016995020364,-31.051123637528043,71965910.0,0.051008382176574905,1.0041149166219228,2.9217711832219218,3.8849112163094723,-1.8010183238054034,0.0,0.0,1.0
2024-06-17,AAPL,211.35528688913016,216.88260054537645,210.71143044440285,214.62413024902344,93728300,1.9671451605864254,-1.0984524165931986,201.90834350585936,195.50290069580078,182.44923187255858,202.47023885416183,194.55934476585895,7.910894088302882,6.050781768690455,2.5640591548712997,1.9586990105195372,214.33345599449896,176.6723453971026,0.1926370936868933,78.45829391736453,33.66327879559685,92514540.0,0.028753384318032326,1.0978053496146074,-0.8168331888346869,0.5491072596936597,2.8578342181011074,1.0,0.0,0.0
2024-06-17,MSFT,434.92324397820295,443.1286073434569,433.0856417971322,440.6031188964844,20790000,1.3105258249624718,-0.4527596290900715,424.7702178955078,420.95201873779297,410.4434545898437,426.20617769986893,419.44255018708486,6.763627512784069,4.525289063409092,0.7539570376644801,1.1424284396861555,439.91511483476813,401.9889226408178,0.09009623545141898,72.81452296465098,53.0702400235606,16105270.0,0.02279367783750118,1.0466825179211978,0.22419935182693695,0.11789641366486414,1.9367650749950283,0.0,1.0,0.0
2024-06-17,TSLA,177.9199981689453,188.80999755859372,177.0,187.44000244140625,109786100,5.2974598199923895,-1.3764414198944364,177.48499908447266,177.77949981689454,173.06379974365234,178.5937479739275,177.02320282335492,1.5705451505725705,0.9285197954817854,2.6811289140474064,2.840367410836566,185.93232994789727,169.6266696858918,0.09171845054575814,59.68552238290348,33.82314580280894,76087630.0,0.06300681500623394,1.0543398009020253,-2.4442410719736185,2.9217711832219218,3.8849112163094723,0.0,0.0,1.0
2024-06-18,AAPL,215.5354294813442,216.5656178731208,210.9887736209857,212.2665863037109,79943300,-1.0984524165931986,-2.1512887942817915,203.88351287841795,196.65442276000977,183.36189544677734,203.97736923101553,195.87099228718134,8.106376943834192,6.461900803719203,2.64713358037222,1.998757643828222,216.65195144016582,176.6568940798537,0.2033773601375886,73.63480149582205,-14.707404273842585,95761730.0,0.026272831486326084,1.07938882494778,1.9671451605864254,-0.8168331888346869,0.5491072596936597,1.0,0.0,0.0
2024-06-18,MSFT,441.919864030814,442.3424381224516,437.1833815521162,438.6082458496094,17112500,-0.4527596290900715,-0.14337982433588747,427.7447784423828,421.9838302612305,410.88594421386716,428.11418818444434,420.86223134727186,7.251956837172486,5.070622618161771,0.8543651995536579,1.1350980761033094,442.4503088874005,401.51735163506044,0.09700124582261933,69.85531100377554,-17.688792688792688,16381630.0,0.011762333743502714,1.0393958592633454,1.3105258249624718,0.22419935182693695,0.11789641366486414,0.0,1.0,0.0
2024-06-18,TSLA,186.55999755859372,187.1999969482422,182.3699951171875,184.8600006103516,68982300,-1.3764414198944364,-1.7797215597047944,178.4939987182617,178.275,173.30139984130858,179.55778684106966,177.60370636313246,1.9540804779371967,1.1336319319728676,2.7179709617262544,2.839165494686007,186.89496498114724,169.65503501885277,0.09670413665569748,56.97147787177441,-37.16663584916488,76980230.0,0.02612789037708259,1.03693731936812,5.2974598199923895,-2.4442410719736185,2.9217711832219218,0.0,0.0,1.0
2024-06-20,AAPL,211.90998899500863,212.2170745602359,206.8779694770392,207.7001190185547,86172500,-2.1512887942817915,-1.04444404446572,205.25147247314453,197.5127395629883,184.15909240722655,204.55009996756002,196.74722389691271,7.802876070647301,6.730095857104823,2.8315534289803286,2.0904961245865583,217.87442441632587,177.1510547096507,0.20618097747405387,65.26511680624174,7.792022596014925,98963300.0,0.025705835453660647,1.0515783411141313,-1.0984524165931986,1.9671451605864254,-0.8168331888346869,1.0,0.0,0.0
2024-06-20,MSFT,438.5689526211533,438.79497924029823,433.6260860366594,437.9793701171875,19877400,-0.14337982433588747,0.915403239809498,429.87620239257814,422.8023986816406,411.2827001953125,429.6319084817894,422.1301675524508,7.5017409293386095,5.556846280397139,0.7769276218343983,1.1284455619833818,444.4793547358834,401.12544262739783,0.10253941851718294,68.90461723670138,16.157195032870717,16670570.0,0.011801681897153821,1.035896133708964,-0.4527596290900715,1.3105258249624718,0.22419935182693695,0.0,1.0,0.0
2024-06-20,TSLA,184.67999267578125,185.2100067138672,179.66000366210938,181.57000732421875,55893100,-1.7797215597047944,0.7930754665036233,179.1509994506836,178.02350006103515,173.39519989013672,179.8673592230926,177.89750643432404,1.9698527887685486,1.300876103332004,2.8195349303502377,2.4463995851482583,185.88050276487994,170.16649735719037,0.08826927569844453,53.622917837587885,-18.974722501279317,76774160.0,0.030566739152284673,1.0199215680062896,-1.3764414198944364,5.2974598199923895,-2.4442410719736185,0.0,0.0,1.0
2024-06-21,AAPL,208.4034185679189,209.88925500861836,205.1543907600995,205.5308074951172,241805100,-1.04444404446572,0.3132594146536771,206.5401870727539,198.33440704345702,184.9502960205078,204.70097804872267,197.39785971900193,7.303118329720746,6.844700351628008,2.8522225062295594,2.1003089644174007,218.59227723079883,178.0765368561152,0.2042799380029216,61.67849175171004,180.6058777452203,119025630.0,0.023037248314374287,1.0362841755948244,-2.1512887942817915,-1.0984524165931986,1.9671451605864254,1.0,0.0,0.0
2024-06-21,MSFT,439.6302276576991,442.7747773990386,438.77530310305696,441.9886474609375,34187100,0.915403239809498,-0.4691127939325468,432.358447265625,423.748713684082,411.8188885498047,431.5329452478122,423.6011660641906,7.931779183621643,6.031832861042039,0.7741070158739825,1.1395432788925852,447.06400724249056,400.4334201256735,0.11004301750301394,71.56184387372478,71.98979745842011,18603150.0,0.009048816794180502,1.0430442221718552,-0.14337982433588747,-0.4527596290900715,1.3105258249624718,0.0,1.0,0.0
2024-06-21,TSLA,182.3000030517578,183.9499969482422,180.69000244140625,183.00999450683597,61937300,0.7930754665036233,-0.23495584322593688,179.65799865722656,178.1684997558594,173.62019989013672,180.35084157443774,178.2762092545101,2.0746323199276446,1.4556273466511322,2.7887359758346415,2.3199178870462234,186.29021176950448,170.0467877422143,0.0911688881567068,54.87313110526687,10.813857166627017,75979190.0,0.017813204768519716,1.0271736853462357,-1.7797215597047944,-1.3764414198944364,5.2974598199923895,0.0,0.0,1.0
2024-06-24,AAPL,205.75861973380412,210.69159220230492,204.63928484253907,206.17465209960935,80727000,0.3132594146536771,0.4468296079400691,207.6545639038086,199.38736801147462,185.6107421875,204.92769713347448,198.0479924879358,6.8797046455386806,6.851701210410143,2.847266413221819,2.0139888522400198,218.92876709615055,179.8459689267987,0.19601441434897054,62.33999061608179,-66.614848073924,121787940.0,0.029355244682754654,1.0340406925264398,-1.04444404446572,-2.1512887942817915,-1.0984524165931986,1.0,0.0,0.0
2024-06-24,MSFT,442.0082999216464,444.90721036131976,438.6770389987755,439.9152221679688,15913700,-0.4691127939325468,0.7326809545129542,434.6991851806641,424.7643112182617,412.22199157714846,432.8225263124517,424.8096146644705,8.012911647981241,6.428048618429879,0.8124865895687067,1.1253320144458256,449.06790150380095,400.46072093272244,0.11443329697749044,68.3107556472635,-53.45115555282548,18832350.0,0.014162209099837493,1.035668982891366,0.915403239809498,-0.14337982433588747,-0.4527596290900715,0.0,1.0,0.0
2024-06-24,TSLA,184.97000122070312,188.8000030517578,182.5500030517578,182.5800018310547,61992100,-0.23495584322593688,2.6125557150967094,180.16799926757812,178.6104995727539,173.7797998046875,180.69378930622494,178.59500870462452,2.0987806016004242,1.5842579976409907,2.788206706669095,2.1590131434352164,186.6794522996451,170.54154684586268,0.09035250163000035,54.40152558922632,0.08847657227550876,76553910.0,0.034231569379560324,1.0222243500118753,0.7930754665036233,-1.7797215597047944,-1.3764414198944364,0.0,0.0,1.0
2024-06-25,AAPL,207.1751328027417,209.3840873125504,206.64023830581655,207.0959014892578,55549700,0.4468296079400691,1.9993166933350848,209.23450469970703,200.33285675048828,186.25973876953125,205.26126703436424,198.7182079695152,6.5430590648490465,6.789972781297925,2.7108576903206183,1.9973171406009942,219.4168236995472,181.24888980142936,0.19052258584649176,63.31575930824545,-31.188202212394867,117641890.0,0.013249170973459262,1.0337590390736193,0.3132594146536771,-1.04444404446572,-2.1512887942817915,1.0,0.0,0.0
2024-06-25,MSFT,440.48515617122325,443.6002568065394,439.01114003233465,443.1383972167969,16413400,0.7326809545129542,0.2683193075513568,436.9671966552734,425.78580474853516,412.80785705566404,434.4095833746586,426.1673022609391,8.242281113719514,6.790895117487807,0.8035805381194258,1.125161903226139,451.4072110287228,400.1643984683475,0.12034880446669384,70.55053303328515,3.14006170783665,19075400.0,0.010355944786160346,1.040754276621575,-0.4691127939325468,0.915403239809498,-0.14337982433588747,0.0,1.0,0.0
2024-06-25,TSLA,184.3999938964844,187.97000122070312,182.00999450683597,187.3500061035156,62905700,2.6125557150967094,4.81451226037759,181.5240005493164,179.0159996032715,174.10579986572264,181.71782265965427,179.2435270304683,2.474295629185974,1.7622655239499876,2.7342057331667884,2.123220149071465,187.98327440163197,170.04872480491102,0.10018405972911264,58.64737520871964,1.4737361696087081,77767020.0,0.031812151159333855,1.0465545343361131,-0.23495584322593688,0.7930754665036233,-1.7797215597047944,0.0,0.0,1.0
2024-06-26,AAPL,209.5029286499739,212.8312027309874,208.65104852463384,211.2364044189453,66213200,1.9993166933350848,0.3986177283939796,209.8387420654297,201.48487396240233,187.06791229248046,206.18051893968442,199.6454817805841,6.5350371591003125,6.738985656858403,1.6094387164420918,2.0210387286403297,220.26326115611522,182.70648676868944,0.1863999696296506,67.40362256705959,19.196323292475025,107025880.0,0.019788985794622127,1.0483983252180145,0.4468296079400691,0.3132594146536771,-1.04444404446572,1.0,0.0,0.0
2024-06-26,MSFT,441.22215886891127,445.7424809709231,440.4261925627168,444.3274230957031,16507000,0.2683193075513568,0.15260594622656942,438.88144836425784,426.85888671875,413.5795471191406,435.9354048702039,427.5124963968475,8.422908473356415,7.117297788661529,0.7784071840781626,1.124130567156995,453.73248234361074,399.98529109388926,0.12591325358802846,71.35486610642253,0.5702657584656379,19270990.0,0.011964799226585806,1.040923445476872,0.7326809545129542,-0.4691127939325468,0.915403239809498,0.0,1.0,0.0
2024-06-26,TSLA,186.5399932861328,197.75999450683597,186.3600006103516,196.3699951171875,95737100,4.81451226037759,0.5347064612041263,184.09499969482422,179.99699935913085,174.80359985351564,183.97200303773633,180.5121542961512,3.4598487415851196,2.101782167477014,2.8367612284844324,2.316624014418632,191.77330275459235,168.22069596366936,0.13084999680428408,65.23882141679431,52.19145482841778,80864540.0,0.058053644548298804,1.0909626039120195,2.6125557150967094,-0.23495584322593688,0.7930754665036233,0.0,0.0,1.0
2024-06-27,AAPL,212.6628556479076,213.70294435668097,210.3449540327298,212.07843017578125,49772700,0.3986177283939796,-1.6254241741644693,209.940771484375,202.66413497924805,187.95841339111328,207.08788989908393,200.56644092096906,6.521448978114876,6.6954783211096975,1.3410661378446922,2.018995421526909,220.96345413377264,184.36481582472345,0.18058764227225868,68.18017638129314,-24.82964121957555,92189720.0,0.01583371925738942,1.0464526947380068,1.9993166933350848,0.4468296079400691,0.3132594146536771,1.0,0.0,0.0
2024-06-27,MSFT,444.3470860716105,448.267989524247,443.9441847148766,445.0054931640625,14806300,0.15260594622656942,-1.3028513352818627,440.04002380371094,428.02237701416016,414.3463592529297,437.33080306925905,428.8082739351597,8.52252913409933,7.39834405774909,0.5765502956528356,1.1177886966073196,455.95606214231486,400.08869188600545,0.13052441474213197,71.82742183366246,-10.302901799236686,18515000.0,0.009716295362170587,1.0396781034402331,0.2683193075513568,0.7326809545129542,-0.4691127939325468,0.0,1.0,0.0
2024-06-27,TSLA,195.1699981689453,198.72000122070312,194.0500030517578,197.4199981689453,72746500,0.5347064612041263,0.2330091774560339,186.10800018310547,181.05849914550782,175.6097998046875,186.0409253656146,181.76458717561744,4.276338189997176,2.5366933719810465,2.7121965402771298,2.307607377517367,195.01533715235837,167.10166113865728,0.15416937699935446,65.91982390321414,-24.014305843816032,79100250.0,0.023655142398233065,1.090365816024403,4.81451226037759,2.6125557150967094,-0.23495584322593688,0.0,0.0,1.0
2024-06-28,AAPL,213.73263728250333,214.02980761283357,208.3142855019514,208.6312561035156,82542700,-1.6254241741644693,2.9104449121025278,209.58218994140626,203.62150955200195,188.80727294921874,207.3253308536119,201.16383463819474,6.161496215417145,6.588681899971188,1.42589994722647,2.0800985626436956,220.99761043023008,186.24540867377382,0.17067058304850183,61.699688371564314,65.83930548272447,90657720.0,0.027395330007725843,1.0246032286202762,0.3986177283939796,1.9993166933350848,0.4468296079400691,1.0,0.0,0.0
2024-06-28,MSFT,445.22171482768863,447.4916975183524,438.6770788922511,439.2077331542969,28362300,-1.3028513352818627,2.188166322597218,440.567724609375,429.6084182739258,415.05096923828125,437.61956154388025,429.5786042476884,8.040957296191834,7.526866705437639,0.7621731102010354,0.8164561146565444,456.2027480933945,403.01408845445707,0.12380730306132744,62.355326208894866,91.55562159351088,19755170.0,0.020069361171754875,1.0223443360792115,0.15260594622656942,0.2683193075513568,0.7326809545129542,0.0,1.0,0.0
2024-06-28,TSLA,199.5500030517578,203.1999969482422,195.25999450683597,197.8800048828125,95438100,0.2330091774560339,6.054171938510833,187.6490005493164,182.01299972534179,176.4583999633789,187.8623222144143,182.95832182059485,4.9040003938194445,3.010154776348726,2.6455112285801046,2.2993727890642215,197.80682805534104,166.21917139534253,0.1735461571847307,66.23194173805916,31.192703429030956,76745650.0,0.04012533982960234,1.0871751203563156,0.5347064612041263,4.81451226037759,2.6125557150967094,0.0,0.0,1.0
2024-07-01,AAPL,210.0873519655429,215.45617219578955,209.9189589919497,214.70335388183597,60402900,2.9104449121025278,1.6239944867380895,210.00416412353516,204.83494186401367,189.79656768798827,208.46041131949252,202.16676198957558,6.293649329916946,6.52967538596034,1.6968618790221397,2.1486531528832113,221.7161326291292,187.95375109889815,0.16482725663400385,67.55051951349981,-26.82223867162087,89685740.0,0.025790063842632438,1.048177385791794,-1.6254241741644693,0.3986177283939796,1.9993166933350848,1.0,0.0,0.0
2024-07-01,MSFT,440.8881138200933,449.4472268960843,437.9400811658245,448.8183288574219,17662800,2.188166322597218,0.5583101622036901,441.9591979980469,431.6523895263672,416.09630126953124,439.3424488228867,431.0037690335946,8.338679789292087,7.689229322208529,1.0052591052380346,0.9076354799275899,457.50775132779614,405.79702772493823,0.11979714431697637,69.52867424528554,-37.72437355221544,20163250.0,0.025638760697572465,1.0397679701249658,-1.3028513352818627,0.15260594622656942,0.2683193075513568,0.0,1.0,0.0
2024-07-01,TSLA,201.0200042724609,213.22999572753903,200.8500061035156,209.8600006103516,135691400,6.054171938510833,10.197271435359356,190.83400115966796,183.60199966430665,177.65700012207031,191.2465804291739,184.95103876798424,6.295541661189645,3.66723215331691,2.830051034241429,2.595433029581218,203.57225324301842,163.63174608559487,0.21753851935409085,73.13296729314584,42.17739037135064,82110970.0,0.05899165914427611,1.143015876700986,0.2330091774560339,0.5347064612041263,4.81451226037759,0.0,0.0,1.0
2024-07-02,AAPL,214.1090169642201,218.29908645117231,213.0689435868198,218.19012451171875,58046200,1.6239944867380895,0.5810910569937988,210.3607635498047,206.13455352783203,190.89595794677734,209.9572902721427,203.35367773195657,6.603612540186134,6.544462816805499,1.660495459716317,2.1594769958657056,222.92123623988292,189.34787081578114,0.1628711191283549,70.35136568118247,-3.9016338619503377,86117530.0,0.023970575552201934,1.058483989110826,2.9104449121025278,-1.6254241741644693,0.3986177283939796,1.0,0.0,0.0
2024-07-02,MSFT,445.349461110364,451.6287548273333,445.26099374388446,451.3241271972656,13979800,0.5583101622036901,0.32441703756760365,443.031298828125,433.90075836181643,417.2927819824219,441.18578395740656,432.50898074942205,8.676803207984506,7.886744099363725,0.9494981027982454,0.8842382725987714,458.2723483632326,409.52916836040026,0.1123371625043045,71.07625520545866,-20.851733586973754,19482230.0,0.014109064195155707,1.0401551933240005,2.188166322597218,-1.3028513352818627,0.15260594622656942,0.0,1.0,0.0
2024-07-02,TSLA,218.88999938964844,231.3000030517578,218.05999755859372,231.25999450683597,205047900,10.197271435359356,6.542422054051045,195.21600036621095,186.3504997253418,179.3411999511719,197.40249028727575,188.38133178567696,9.02115850159879,4.738017422973287,3.785856463934491,3.2888478575333537,215.22805016241333,157.47294928827026,0.3099272658740767,80.71478955541261,51.11340880851698,91637150.0,0.0572516034232316,1.2409947644234138,6.054171938510833,0.2330091774560339,0.5347064612041263,0.0,0.0,1.0
2024-07-03,AAPL,217.9226407298708,219.4580078125,216.96179878656707,219.4580078125,37369800,0.5810910569937988,2.162045277561475,211.07990570068358,207.4817092895508,192.00408721923827,211.41893912450536,204.54659107125607,6.872348053249283,6.610039864094256,1.6009952511058434,2.1564804629572447,223.98841032130457,190.97500825779701,0.15911475848425632,71.32073681664566,-35.62059187336983,81860180.0,0.011374426710670007,1.057722189411095,1.6239944867380895,2.9104449121025278,-1.6254241741644693,1.0,0.0,0.0
2024-07-03,MSFT,450.2530048130616,453.03396893483153,449.94837718806366,452.7882995605469,9932800,0.32441703756760365,1.4736232816316086,444.4493041992188,436.09704132080077,418.4824493408203,442.97078635788966,434.0111525132091,8.959633844680582,8.101322048427097,0.9173249096612589,0.8851422317763044,458.82998555771337,413.36409708388817,0.10425635619109758,71.97200122934859,-28.948912001602313,18764260.0,0.006814645497161902,1.0382741836293903,0.5583101622036901,2.188166322597218,-1.3028513352818627,0.0,1.0,0.0
2024-07-03,TSLA,234.55999755859372,248.3500061035156,234.25,246.38999938964844,166561500,6.542422054051045,2.082067005771493,201.36900024414064,189.93149948120117,181.4279998779297,204.93903014917925,192.6782701267119,12.260760022467338,6.242565942872098,3.7863744209712316,3.4325323360149276,228.79766343255298,151.06533552984936,0.40926506722176076,84.12562412898512,-18.76946801210839,101395070.0,0.05722637338546127,1.2972571693619221,10.197271435359356,6.054171938510833,0.2330091774560339,0.0,0.0,1.0
2024-07-05,AAPL,219.55707203955853,224.31175124030364,219.55707203955853,224.20278930664065,60412400,2.162045277561475,0.6539010766363873,212.73017272949218,208.99082260131837,193.18614013671876,213.38568530637232,206.00260575535864,7.3830795510136795,6.764647801478142,1.4250269060308272,2.1818908150010503,225.83112902933854,192.1505161732982,0.16115833430777585,74.65974843983591,61.66102039614876,79284170.0,0.021207047492358175,1.0727877258722571,0.5810910569937988,1.6239944867380895,2.9104449121025278,1.0,0.0,0.0
2024-07-05,MSFT,451.6483951731934,460.2370169877969,451.0194971621594,459.460693359375,16000300,1.4736232816316086,-0.2823266918214107,446.5974365234375,438.2368194580078,419.6758874511719,445.50769512734894,435.89630368699915,9.611391440349792,8.403335926811636,0.9672457126344788,0.8539188612727657,461.32213104855134,415.15150786746426,0.10535541773552687,75.66985115922296,61.08549452319587,18376550.0,0.020061606920589982,1.0484301477169717,0.32441703756760365,0.5583101622036901,2.188166322597218,0.0,1.0,0.0
2024-07-05,TSLA,249.80999755859372,252.3699951171875,242.4600067138672,251.5200042724609,154501200,2.082067005771493,0.5645666924397386,208.36399993896484,193.75749969482422,183.56480010986328,212.10533386045336,197.0369171004711,15.068416759982256,8.00773610629413,3.427262042440241,3.4106876005400255,240.66766584553923,146.8473335441092,0.4842152301159996,85.08860558807125,-7.2407489125638325,111255880.0,0.03940039851695153,1.2981175163212517,6.542422054051045,10.197271435359356,6.054171938510833,0.0,0.0,1.0
2024-07-08,AAPL,224.9457357840812,225.69856928044197,221.1419979904105,225.6688537597656,59085900,0.6539010766363873,0.3774789488225405,214.74397735595704,210.64208221435547,194.35557189941406,215.27540352997127,207.4593648667962,7.816038663175078,6.9749259738175295,1.2774463472074709,2.155097036366285,227.20757903805165,194.0765853906593,0.15728572989359885,75.60484263426463,-2.195741271659457,61012250.0,0.02019140530080485,1.0713379367856726,2.162045277561475,0.5810910569937988,1.6239944867380895,1.0,0.0,0.0
2024-07-08,MSFT,458.4681407863274,459.5982438165906,456.414348566086,458.16351318359375,12962300,-0.2823266918214107,-1.4370048241862388,448.2149230957031,440.28668518066405,420.8141522216797,447.4547440590789,437.54572661267287,9.90901744640604,8.704472230730516,0.9819563671072885,0.8678120990084752,462.76703088284467,417.80633947848344,0.10211685458058398,73.63585630354666,-18.98714399105017,16254070.0,0.0069492553616523735,1.0406026995697002,1.4736232816316086,0.32441703756760365,0.5583101622036901,0.0,1.0,0.0
2024-07-08,TSLA,247.7100067138672,259.44000244140625,244.57000732421875,252.94000244140625,157219600,0.5645666924397386,3.712336538398886,215.35700073242188,197.50749969482422,185.38100006103517,218.38759056521533,201.17788638498482,17.209704180230517,9.848129721081408,3.44700462558283,3.4232902785826327,250.66823497023086,144.34676441941758,0.5383161181985207,85.3534622676995,1.7594685348722106,120784110.0,0.05878862565691698,1.2806602424324784,2.082067005771493,6.542422054051045,10.197271435359356,0.0,0.0,1.0
2024-07-09,AAPL,225.7777879719569,227.23390886254344,224.23252052432463,226.5207061767578,48076100,0.3774789488225405,1.880364380255739,216.77858276367186,212.21657333374023,195.52482788085936,217.00545009101535,208.8713160749415,8.134134016073858,7.206767582268795,1.2740666867066002,2.1548012695740257,228.51843141828178,195.91471524919868,0.15363416559275603,76.16118835912863,-18.633548782366017,57747160.0,0.013249951357103683,1.0674034672142327,0.6539010766363873,2.162045277561475,0.5810910569937988,1.0,0.0,0.0
2024-07-09,MSFT,458.9104480367417,459.234718455852,450.0663494664405,451.5796813964844,17207200,-1.4370048241862388,1.4601520554709646,449.38136901855466,442.0402770996094,422.01731384277343,448.08934980329514,438.58527881888114,9.504070984414,8.864391981467213,1.112292254895413,0.9591159613084319,462.04598662819467,422.0345675710241,0.09051532434940168,64.20295870825984,32.748046257222875,16383420.0,0.020302882009790208,1.021580396156356,-0.2823266918214107,1.4736232816316086,0.32441703756760365,0.0,1.0,0.0
2024-07-09,TSLA,251.0,265.6099853515625,250.3000030517578,262.3299865722656,160210900,3.712336538398886,0.3545241645880992,223.33199920654297,201.74999923706054,187.22399993896485,225.1479591816846,205.70767158404266,19.44028759764194,11.766561296393515,3.2099934826807015,3.411040826323738,261.335728319491,142.16427015463006,0.59068876637185,86.99806975008444,1.9026253724090392,130605990.0,0.05836154112555925,1.3002725529828743,0.5645666924397386,2.082067005771493,6.542422054051045,0.0,0.0,1.0
2024-07-10,AAPL,227.1348758928893,230.87918266211804,227.08534498663496,230.78012084960935,62627700,1.880364380255739,-2.3220812771093224,219.14700469970703,214.19075469970704,196.79094512939454,219.1246302077221,210.49419050269466,8.630439705027442,7.491502006820525,1.2913384956195741,2.0711576796528712,229.34833370974553,199.03317568966855,0.14153345723338281,78.76849524975279,30.267846185526693,58454960.0,0.016439187489443147,1.0774513641971168,0.3774789488225405,0.6539010766363873,2.162045277561475,1.0,0.0,0.0
2024-07-10,MSFT,453.2305642637646,458.3797852957596,450.9114295315087,458.1734313964844,18196100,1.4601520554709646,-2.477229216220911,450.88487243652344,443.92603454589846,423.20953063964845,449.6407469714781,440.03625308388877,9.604493887589342,9.01241236269164,1.1684611884114826,0.9808308864082249,462.4190461292537,425.43302296254325,0.08331573345218247,68.54842697980595,5.747012878329993,16561690.0,0.016300281187164836,1.0320940781613763,-1.4370048241862388,-0.2823266918214107,1.4736232816316086,0.0,1.0,0.0
2024-07-10,TSLA,262.79998779296875,267.5899963378906,257.8599853515625,263.260009765625,128519400,0.3545241645880992,-8.444127539962887,230.9229995727539,206.22350006103517,189.1234002685547,231.0113515792139,209.97080774564137,21.040543833572542,13.621357803829323,3.372986038342462,3.298423060935231,270.2402019012318,142.20679822083855,0.6208477871944744,87.1519483286816,-19.781113519741787,137167360.0,0.036959700012890506,1.276576188881039,3.712336538398886,0.5645666924397386,2.082067005771493,0.0,0.0,1.0
2024-07-11,AAPL,229.2051413563895,230.19569903805672,223.6382120221272,225.4212188720703,64710600,-2.3220812771093224,1.3050722575094431,220.56548614501952,215.2021141052246,197.86679016113283,220.09333615608338,211.5998963078336,8.493439848249778,7.691889575106376,1.6333138939266734,1.5890504697076164,230.530438652897,199.87378955755221,0.14245514837440212,68.60233355385803,3.3258446342433245,58304700.0,0.02908992795239471,1.0474860798154102,1.880364380255739,0.3774789488225405,0.6539010766363873,1.0,0.0,0.0
2024-07-11,MSFT,454.9599929566232,456.728800279139,443.7279674951647,446.8234252929688,23111200,-2.477229216220911,-0.2529042428001116,451.13447265625,445.0079605102539,424.2545916748047,449.20731286709207,440.5390065808577,8.668306286234383,8.943591147400188,1.470730195132984,1.1615805257095417,461.2833097495824,428.7326112709254,0.07314632853159246,55.95659236037535,27.011832205802342,17222110.0,0.029096130704092022,1.0040796231614222,1.4601520554709646,-1.4370048241862388,-0.2823266918214107,0.0,1.0,0.0
2024-07-11,TSLA,263.29998779296875,271.0,239.6499938964844,241.02999877929688,221707300,-8.444127539962887,2.9871787680814554,235.38899993896484,209.74199981689452,190.06300018310546,232.5526819176882,212.2714885629492,20.281193354739003,14.95332491401126,5.010943167929917,3.9809160263464496,273.2620576687297,146.2219419650593,0.6056970745705527,66.80102773879528,72.50881968014167,149764380.0,0.13006682264568134,1.1491737419768902,0.3545241645880992,3.712336538398886,0.5645666924397386,0.0,0.0,1.0
2024-07-12,AAPL,226.75843028372813,230.4433055423661,226.5206910327904,228.36312866210935,53046500,1.3050722575094431,1.6743478520588662,222.19395599365234,216.06736373901367,199.06419036865233,221.36561192624123,212.84161722296514,8.523994703276088,7.858310600740319,1.6420762602281953,1.5024963357757966,232.33560787663131,199.79911960139603,0.15058492736800314,70.82823243024184,-18.025022175655923,58632080.0,0.0171770921713884,1.056907090040436,-2.3220812771093224,1.880364380255739,0.3774789488225405,1.0,0.0,0.0
2024-07-12,MSFT,446.4598771804481,448.4547114032981,442.8436310012122,445.6933898925781,16324300,-0.2529042428001116,0.09039006589828258,451.20326232910156,445.62164306640625,425.53052001953125,448.6667093325515,440.9208127520962,7.74589658045528,8.704052234011208,1.473657879051251,1.0960615426388376,460.9555684458523,430.2877176869602,0.06882037988070068,54.87577375579761,-29.366281283533525,17373910.0,0.012589552659594775,1.000161003908334,-2.477229216220911,1.4601520554709646,-1.4370048241862388,0.0,1.0,0.0
2024-07-12,TSLA,235.8000030517578,251.83999633789065,233.08999633789065,248.22999572753903,155955800,2.9871787680814554,1.776579679334911,240.46999969482422,213.28899993896485,191.3620001220703,234.96457634997293,214.93508168625215,20.029494663720783,15.968558863953167,4.981229966317606,3.9613734615605556,277.1009905860842,149.4770092918455,0.5983617595410913,69.30139028649347,-29.656894473028174,158085310.0,0.07553478758699364,1.1638199616415894,-8.444127539962887,0.3545241645880992,3.712336538398886,0.0,0.0,1.0
2024-07-15,AAPL,234.2470836578572,234.99000194235265,230.88909361652625,232.1867218017578,62631300,1.6743478520588662,0.17919259040248825,224.54950256347655,217.06584625244142,200.35843963623046,223.03039806093608,214.27458793250534,8.755810128430738,8.037810506278403,1.4282746450569002,1.5289906681731973,234.73046746617806,199.40122503870478,0.1627581816182467,73.46159071769016,18.06867559593941,56640940.0,0.017662113896968545,1.0696603164909289,1.3050722575094431,-2.3220812771093224,1.880364380255739,1.0,0.0,0.0
2024-07-15,MSFT,445.4476817175394,449.33910606074033,443.61007966105154,446.0962524414063,14429400,0.09039006589828258,-0.9780620484150737,451.8921142578125,446.22991943359375,426.70444641113284,448.27125442622145,441.30417865500806,6.967075771213388,8.356656941451645,1.3980671935267885,1.0961151741987212,460.54231162877096,431.91752723841654,0.06414806166894475,55.207937436731996,-11.6078484222907,15980620.0,0.012842579080937888,0.9997004526447776,-0.2529042428001116,-2.477229216220911,1.4601520554709646,0.0,1.0,0.0
2024-07-15,TSLA,255.97000122070312,265.6000061035156,251.72999572753903,252.63999938964844,146912900,1.776579679334911,1.5516142251486453,245.9459991455078,216.7974998474121,192.815,237.6838722022307,217.7280385531704,19.95583364906031,16.766013820974596,4.92928792079753,3.9521316246228295,281.1883413958861,152.4066582989381,0.5940183036593503,70.75427788218575,-5.7983736417626,163232790.0,0.05490029452772748,1.1653270889538083,2.9871787680814554,-8.444127539962887,0.3545241645880992,0.0,0.0,1.0
2024-07-16,AAPL,232.78107634696724,234.03908894913195,230.1362889103225,232.602783203125,43234300,0.17919259040248825,-2.5296093062017744,226.33944549560547,218.17180480957032,201.58721496582032,224.50307269819592,215.63223202662533,8.87084067157059,8.20441653933684,1.2952972687020012,1.5011199119733236,236.84231191354866,199.50129770559198,0.17115417017588277,73.73938451555318,-30.970137934227772,54924080.0,0.016778819174322872,1.0661450200045357,1.6743478520588662,1.3050722575094431,-2.3220812771093224,1.0,0.0,0.0
2024-07-16,MSFT,446.35175028412175,446.430351284593,438.92271119875926,441.733154296875,17175700,-0.9780620484150737,-1.3347623082241689,451.1835968017578,446.57139739990237,427.73421875,447.2653928678605,441.33595462847967,5.929438239380829,7.871213201037483,1.238252597392828,1.1240988901976976,460.0474177087586,433.09537709104615,0.060353262153906,50.84283069535062,19.03266941106352,15931910.0,0.016995871857940877,0.9891658016362057,0.09039006589828258,-0.2529042428001116,-2.477229216220911,0.0,1.0,0.0
2024-07-16,TSLA,255.30999755859372,258.6199951171875,245.8000030517578,256.5599975585937,126332500,1.5516142251486453,-3.1415644041518753,250.61599884033203,220.725,194.34600006103517,240.587891487825,220.60447996097955,19.983411526845458,17.40949336214877,4.780348943240648,3.82997745889189,284.73558754939353,156.71441245060646,0.5800030585515328,72.02182549158829,-14.008572426247113,162296900.0,0.04996878775890162,1.162351331107005,1.776579679334911,2.9871787680814554,-8.444127539962887,0.0,0.0,1.0
2024-07-17,AAPL,227.2834515580279,229.2744821236097,224.4999869579788,226.7188415527344,57345900,-2.5296093062017744,-2.0534792599341767,227.19231719970702,218.77654037475585,202.49354339599608,224.84396021427875,216.4534623618927,8.390497852386062,8.241632801946686,1.6288412581882223,1.6048101400787556,237.74434666771353,199.80873408179818,0.17339890520680643,63.600225661071924,32.639825323874796,54854050.0,0.021059101806147666,1.036303257947007,0.17919259040248825,1.6743478520588662,1.3050722575094431,1.0,0.0,0.0
2024-07-17,MSFT,434.9231838720288,437.1440443771928,431.5722503624344,435.8370666503906,21778000,-1.3347623082241689,-0.710212065125615,449.6348907470703,446.33309478759764,428.47303771972656,445.50718883440356,440.9286295930657,4.578559241337871,7.212682409097561,1.2620617640761,1.1278003100307283,460.40871448323696,432.2574750919583,0.06307226535526193,45.59625274052396,26.795414451812725,16711730.0,0.012784121501138607,0.9764838676320834,-0.9780620484150737,0.09039006589828258,-0.2529042428001116,0.0,1.0,0.0
2024-07-17,TSLA,252.72999572753903,258.4700012207031,246.17999267578125,248.5,115584800,-3.1415644041518753,0.2937608561525362,252.33999938964843,223.7779998779297,195.69220001220702,241.80513895123653,222.67081477868476,19.13432417255177,17.754459524229368,4.091276281300999,3.9017527918835273,286.922914512393,160.63308524346638,0.5643531952998837,65.71514099910277,-8.507470365899517,153350590.0,0.049456774828659456,1.1104755612059993,1.5516142251486453,1.776579679334911,2.9871787680814554,0.0,0.0,1.0
2024-07-18,AAPL,228.10562515807683,228.26411801705945,220.17126344980832,222.06321716308597,66034600,-2.0534792599341767,0.05797376304141899,227.4528381347656,219.2663719177246,203.33979919433594,224.41615359101831,216.86899975457368,7.547153836444636,8.102737008846276,1.799711656535909,1.6614062962276408,238.0312214897477,200.5015223457015,0.17116030522969797,56.93003661349165,15.151388329418491,57720530.0,0.036443922008513596,1.012755468250329,-2.5296093062017744,0.17919259040248825,1.6743478520588662,1.0,0.0,0.0
2024-07-18,MSFT,436.6429302135875,436.9475578488645,426.8751131633182,432.74169921875,20794800,-0.710212065125615,-0.7402849631313768,447.63023071289064,446.0397674560547,429.01497619628907,443.54326735507226,440.32219030607934,3.2210770489929246,6.414361337076635,1.2436918157351164,1.1341111704992857,461.0093260794592,431.07020883265017,0.0671220806556418,43.08273128051003,-4.514647809716232,17797930.0,0.023275881903062724,0.970186361827895,-1.3347623082241689,-0.9780620484150737,0.09039006589828258,0.0,1.0,0.0
2024-07-18,TSLA,251.08999633789065,257.1400146484375,247.1999969482422,249.22999572753903,110869000,0.2937608561525362,-4.02439471622098,252.6239990234375,226.99649963378906,196.9816000366211,242.94742460912923,224.6381615156369,18.30926309349232,17.86542023808196,3.5591067102239924,3.8547250768539976,288.3249506120008,165.66804865557728,0.5403471073532171,66.00548703092727,-4.079948228486796,147781340.0,0.03988291084778515,1.0979464270577697,-3.1415644041518753,1.5516142251486453,1.776579679334911,0.0,0.0,1.0
2024-07-19,AAPL,222.697149576551,224.65844923997824,221.17168252689004,222.19195556640625,49151500,0.05797376304141899,-0.15602024286938132,227.2517547607422,219.9909637451172,204.17497924804687,224.07396927953954,217.26329277767238,6.810676501867164,7.844324907450455,1.6531245277187205,1.5647511410855433,237.97837554026762,202.00355194996678,0.16352864216723684,57.06413223523506,-25.567051212546154,56594440.0,0.015692587538553418,1.0100049192194964,-2.0534792599341767,-2.5296093062017744,0.17919259040248825,1.0,0.0,0.0
2024-07-19,MSFT,425.5976608337815,433.4983968799143,424.5167095108502,429.5381774902344,20940400,-0.7402849631313768,1.3337589547276707,444.6379791259766,445.61770782470705,429.57524047851564,441.38863814509716,439.5233745419427,1.8652636031544603,5.5045417902922,1.0454982717006094,1.1441971716063206,461.95743200613373,429.2779836432804,0.07333516552198703,40.58893350079301,0.7001750437609422,18291940.0,0.020910102616590594,0.9639163120043742,-0.710212065125615,-1.3347623082241689,-0.9780620484150737,0.0,1.0,0.0
2024-07-19,TSLA,247.7899932861328,249.44000244140625,236.8300018310547,239.1999969482422,87403900,-4.02439471622098,5.146320115237035,251.39199829101562,229.87799911499025,198.20940002441407,242.37089727668507,225.7168159921262,16.654081284558885,17.623152447377347,3.7157074118490723,3.9879240977848647,287.524650782098,172.23134744788248,0.5015412687516179,58.65548585078441,-21.16470789851086,141071610.0,0.052717394528563055,1.0405519356751878,0.2937608561525362,-3.1415644041518753,1.5516142251486453,0.0,0.0,1.0
2024-07-22,AAPL,224.86647978572935,225.62921338494564,220.98349573063444,221.8452911376953,48201800,-0.15602024286938132,0.4688196517290688,226.86939849853516,220.8066879272461,204.99649932861328,223.73109571925582,217.6027000636,6.128395655655822,7.501139057091528,1.633017285464408,1.535433778072209,237.46348652119943,204.14988933329275,0.15087222901003444,56.553526564958915,-1.9321892515996475,55506030.0,0.020941249780360164,1.004703676415777,0.05797376304141899,-2.0534792599341767,-2.5296093062017744,1.0,0.0,0.0
2024-07-22,MSFT,434.1371082507153,436.898429671943,431.306992206013,435.2671813964844,15808800,1.3337589547276707,0.43120459572028036,442.3483459472656,445.28163452148436,430.22654235839843,440.4468755683875,439.20810097561247,1.2387745927750302,4.651388350788766,1.2215192038973757,1.1671585884710385,462.20182301090915,428.3614460320596,0.07599769304479773,46.5477513938226,-24.505740100475638,18576590.0,0.012845989095687859,0.9775098446722109,-0.7402849631313768,-0.710212065125615,-1.3347623082241689,0.0,1.0,0.0
2024-07-22,TSLA,244.2100067138672,253.2100067138672,243.75,251.50999450683597,101225400,5.146320115237035,-2.0396762498772314,251.2489974975586,233.30299911499023,199.74519989013672,243.77691223516982,227.62742180803062,16.1494904271392,17.328420043329718,4.1140542421927835,4.067444854402673,287.2456958036645,179.36030242631597,0.46242608876268254,63.95987552731647,15.813367595725136,135472190.0,0.03761284609153004,1.078040125763115,-4.02439471622098,0.2937608561525362,-3.1415644041518753,0.0,0.0,1.0
2024-07-23,AAPL,222.25138924131517,224.7971293607533,220.57734458918785,222.8853454589844,39960300,0.4688196517290688,-2.875426832616179,226.5058624267578,221.64222259521483,205.80261444091798,223.60098029459868,217.99400712992477,5.606973164673917,7.122305878608006,1.636600930397186,1.5353979699181326,236.81938302024125,206.46506217018842,0.13695188802310887,57.77428805835855,-17.097909206710128,54694450.0,0.018932535752297752,1.0056086915625273,-0.15602024286938132,0.05797376304141899,-2.0534792599341767,1.0,0.0,0.0
2024-07-23,MSFT,436.21051790501895,440.6227600869156,435.4243879336588,437.1440734863281,13107100,0.43120459572028036,-3.5854853177497814,440.90478515625,445.14307708740233,430.8804620361328,439.9387521711476,439.0552100504803,0.8835421206673004,3.897819104764473,1.2058363896560902,1.1683213361707097,462.2921341599066,427.99402001489807,0.07704964068951298,48.374593926649155,-17.089848691867815,18166580.0,0.011891667915793852,0.9820304885938872,1.3337589547276707,-0.7402849631313768,-0.710212065125615,0.0,1.0,0.0
2024-07-23,TSLA,253.6000061035156,255.75999450683597,245.6300048828125,246.3800048828125,111928200,-2.0396762498772314,-12.334604589403686,249.65399932861328,236.4929992675781,201.2333999633789,244.17738802711483,229.01650203579226,15.160885991322573,16.89491323292829,3.9390269464135588,4.1316900818388556,285.08644176569675,187.89955676945948,0.41095036765243076,60.47765952206261,10.57323557130918,130643920.0,0.041115307343392846,1.0418067581106187,5.146320115237035,-4.02439471622098,0.2937608561525362,0.0,0.0,1.0
2024-07-24,AAPL,221.88489130573663,222.67734036905603,215.07976577070053,216.4764404296875,61777600,-2.875426832616179,-0.4804539367026295,225.07549438476562,222.11124954223632,206.50571166992188,222.50489723845848,217.88159478175902,4.623302456699463,6.622505194226298,1.6718033190854207,1.7010333141844696,235.91311490294305,208.3093841815296,0.1242788502532123,48.69462356674467,54.59743795717249,54609440.0,0.03509654253033239,0.9746306901421609,0.4688196517290688,-0.15602024286938132,0.05797376304141899,1.0,0.0,0.0
2024-07-24,MSFT,432.82027904039575,433.8324355773718,420.183031900693,421.4703369140625,26805800,-3.5854853177497814,-2.4480947436560263,437.23447570800784,444.05967407226564,431.1734320068359,437.0974575162114,437.7526268551901,-0.6551693389786806,2.987221416015842,1.4164600654636539,1.3974469181787912,464.21607776584335,423.9032703786879,0.09078240997986901,37.001624954653835,104.51358424060243,19027550.0,0.03238520598298226,0.9491299514971788,0.43120459572028036,1.3337589547276707,-0.7402849631313768,0.0,1.0,0.0
2024-07-24,TSLA,225.4199981689453,225.9900054931641,214.7100067138672,215.9900054931641,167942900,-12.334604589403686,1.9723109396238891,244.9269989013672,237.92499923706055,202.18380004882812,239.84086763727626,228.05157636596795,11.789291271308315,15.873788840604295,5.39031821794476,5.160764010693062,281.88816349263857,193.96183498148253,0.3695548126220615,44.88691796950823,50.04520755269897,134586270.0,0.052224633049763526,0.9078071080624817,-2.0396762498772314,5.146320115237035,-4.02439471622098,0.0,0.0,1.0
2024-07-25,AAPL,216.86276105080304,218.7646448818125,212.59346035218636,215.43637084960935,51391200,-0.4804539367026295,0.21611551885503122,224.07700958251954,222.32124786376954,207.12401733398437,221.41743164017402,217.70046708308126,3.7169645570927514,6.041397066799589,1.5619230521129992,1.6554694614575087,235.54199972169027,209.1004960058488,0.11893376800423441,47.39292054596361,-16.81256636709746,53277500.0,0.028645044962877196,0.9690318533189459,-2.875426832616179,0.4688196517290688,-0.15602024286938132,1.0,0.0,0.0
2024-07-25,MSFT,421.37218583389625,422.3548635340583,410.2777761911064,411.15234375,29943800,-2.4480947436560263,1.64194248491758,433.66736755371096,442.40092010498046,431.28005249023437,433.10590155217886,435.78223551406495,-2.676333961886087,1.8545103404354564,1.4127030208971043,1.4751836293323242,467.3540310881076,417.4478091218533,0.1128076812191342,31.715520496770523,11.706421744547812,19710810.0,0.02937375288390759,0.9293659327210141,-3.5854853177497814,0.43120459572028036,1.3337589547276707,0.0,1.0,0.0
2024-07-25,TSLA,216.8000030517578,226.0,216.22999572753903,220.25,100636500,1.9723109396238891,-0.20431189477511102,242.8489990234375,239.11899948120117,203.15100006103515,236.82688800077221,227.4736818203407,9.353206180431528,14.569672308569741,4.957736354351221,5.084211567412445,279.47969845522584,198.7583005071765,0.3375783527163655,46.95138923658962,-40.07695472687443,122479190.0,0.044358702712649106,0.9210895013690261,-12.334604589403686,-2.0396762498772314,5.146320115237035,0.0,0.0,1.0
2024-07-26,AAPL,216.6349653026102,217.41751434744816,213.97036267942912,215.90196228027344,41601300,0.21611551885503122,0.12845818864766212,222.83089294433594,222.51242446899414,207.72885223388673,220.56889789249698,217.56724450509552,3.0016533874014613,5.433448330919964,1.4613910079606978,1.6543063672241056,235.209753420158,209.8150955178303,0.1141269210603847,48.062252072663085,-19.049759491897444,52132980.0,0.015966282249644963,0.9702917164985462,-0.4804539367026295,-2.875426832616179,0.4688196517290688,1.0,0.0,0.0
2024-07-26,MSFT,410.9557219733021,421.4900254467984,410.04180915234855,417.9032287597656,23583800,1.64194248491758,0.3433219269989296,430.8883514404297,441.0458068847656,431.4659741210937,430.76702881488455,434.4578646433761,-3.690835828491572,0.7454411066500508,1.6103824501570088,1.539504367179657,468.2458484690239,413.84576530050737,0.12334338592347147,37.9605310135697,-21.239789205110903,20436760.0,0.0273944193454197,0.9475279488802699,-2.4480947436560263,-3.5854853177497814,0.43120459572028036,0.0,1.0,0.0
2024-07-26,TSLA,221.19000244140625,222.27999877929688,215.3300018310547,219.8000030517578,94604100,-0.20431189477511102,5.595997671056185,240.00599975585936,240.2379997253418,203.99600006103515,234.2073672393854,226.90526117081603,7.302106068569373,13.116159060569668,4.7880128617987605,5.088167148963429,276.79237820774387,203.68362124293975,0.30431803897962667,46.75216549652501,-5.994246620262034,116344020.0,0.031619639907855795,0.9149260454343182,1.9723109396238891,-12.334604589403686,-2.0396762498772314,0.0,0.0,1.0
2024-07-29,AAPL,214.91139345300465,217.22929471632008,213.7128120512828,216.17930603027344,36311800,0.12845818864766212,0.2565938289724068,221.2301513671875,222.88982696533202,208.29386627197266,219.8935760675395,217.4644342477013,2.4291418198382075,4.832587028703613,1.2690779287091294,1.6036028227040426,234.22564047761583,211.5540134530482,0.10171674200318674,48.4827346249546,-12.714746894928764,49501030.0,0.016266509175234516,0.9698931035730836,0.21611551885503122,-0.4804539367026295,-2.875426832616179,1.0,0.0,0.0
2024-07-29,MSFT,424.1039440821186,424.66407745687695,417.3431480436972,419.3379821777344,15125800,0.3433219269989296,-0.8928330359357917,428.2125244140625,440.0523193359375,431.53771057128904,429.00871394763067,433.3378733496249,-4.329159401994218,-0.2694789950788029,1.6248747312979892,1.5271548510782063,468.93451758169573,411.1701210901793,0.13126711064422067,39.2325208242388,-35.86360128562826,20506400.0,0.017458302668315856,0.952927558274293,1.64194248491758,-2.4480947436560263,-3.5854853177497814,0.0,1.0,0.0
2024-07-29,TSLA,224.8999938964844,234.2700042724609,224.6999969482422,232.1000061035156,129201800,5.595997671056185,-4.084450985365362,237.9520004272461,241.94899978637696,205.1582000732422,233.88315783386696,227.29005709175675,6.5931007421102095,11.811547396877778,5.1793555246287655,5.204251865710478,272.9346809397122,210.9633186330417,0.25613398840824575,52.66451146729441,36.57103656184035,114572910.0,0.04123225796017661,0.9592931002336968,-0.20431189477511102,1.9723109396238891,-12.334604589403686,0.0,0.0,1.0
2024-07-30,AAPL,217.1203256536185,218.24956072806748,214.07930652606245,216.7340087890625,41643800,0.2565938289724068,1.4990974297163895,219.64327392578124,222.99135971069336,208.8675973510742,219.40748879392766,217.4103286581725,1.9971601357551663,4.265501650113924,1.2752868929945076,1.4709709961346966,234.0514610791727,211.93125834221402,0.09919757772524097,49.36568526956668,14.683931944987583,49341980.0,0.019241346687144736,0.9719390431550842,0.12845818864766212,0.21611551885503122,-0.4804539367026295,1.0,0.0,0.0
2024-07-30,MSFT,420.31083428857175,421.6177822082065,410.1302794845553,415.593994140625,32687600,-0.8928330359357917,-1.080577263458915,425.5986083984375,438.39110260009767,431.57564331054687,426.944910900399,432.023511926736,-5.078601026336969,-1.2313034013304363,1.6229209090988508,1.4233081488416428,468.92507147074474,407.8571337294506,0.13930013036099548,37.09517474203751,116.10493329278451,22057590.0,0.02764116634410312,0.9479982410129608,0.3433219269989296,1.64194248491758,-2.4480947436560263,0.0,1.0,0.0
2024-07-30,TSLA,232.25,232.41000366210935,220.0,222.6199951171875,100560300,-4.084450985365362,4.244907202543402,234.55800018310546,242.58699951171874,206.11380004882812,232.15036356976242,226.94412657512197,5.206236994640449,10.490485316430311,5.211437279213058,5.172760334499128,271.2274190688434,213.94657995459409,0.23612493344468044,48.22047440033894,-22.16803481066053,111995690.0,0.05574523373597552,0.9176913666654808,5.595997671056185,-0.20431189477511102,1.9723109396238891,0.0,0.0,1.0
2024-07-31,AAPL,219.34910640080287,221.70663863761095,218.5467570569377,219.98306274414065,50036300,1.4990974297163895,-1.675086236136858,218.96969604492188,223.08100662231445,209.50571563720703,219.49603863242197,217.6009015534294,1.895137078992576,3.791428735889655,1.2682514223308445,1.4642198517073497,234.00548431102382,212.15652893360507,0.09794180019283287,54.30568657175454,20.15305999932764,48611020.0,0.01436420395850411,0.986112919584325,0.2565938289724068,0.12845818864766212,0.21611551885503122,1.0,0.0,0.0
2024-07-31,MSFT,413.2159307737182,414.4737569020805,405.06952507333295,411.1031799316406,42891400,-1.080577263458915,-0.2964138819684825,423.1252197265625,436.3800552368164,431.5390893554688,424.50772152059,430.47385770487705,-5.966136184287052,-2.1782699579217595,1.612021102006595,1.413947935626631,468.58014294379524,404.1799675298376,0.14757818246071924,34.65631756005055,31.216118650497428,24168930.0,0.02287559981976128,0.942076006907652,-0.8928330359357917,0.3433219269989296,1.64194248491758,0.0,1.0,0.0
2024-07-31,TSLA,227.8999938964844,234.67999267578125,226.7899932861328,232.07000732421875,67497000,4.244907202543402,-6.554059651757438,232.91500091552734,242.62750015258788,207.20600006103516,232.138001070448,227.32382144542544,4.814179625022575,9.355224178148765,5.437169808839321,4.733512570132393,271.20269377514575,214.05230653003002,0.23554785508309642,52.52143450264201,-32.87907852303543,107186910.0,0.0339983588599863,0.9564868251878721,-4.084450985365362,5.595997671056185,-0.20431189477511102,0.0,0.0,1.0
2024-08-01,AAPL,222.2514024343897,222.36036437427163,214.97081319041695,216.29815673828125,62501000,-1.675086236136858,0.6869476489977266,218.3931900024414,222.92301406860352,210.04695587158204,219.00405680255417,217.50440193749247,1.4996548650617,3.3330739617240637,1.2144199270399099,1.507516281540968,234.15517381682665,211.6908543203804,0.10077164796243497,48.52354378846362,24.911314385755933,48257660.0,0.03416372702979603,0.9702818600493016,1.4990974297163895,0.2565938289724068,0.12845818864766212,1.0,0.0,0.0
2024-08-01,MSFT,413.5008891646309,420.0553315421952,405.9342601346404,409.8846130371094,30296400,-0.2964138819684825,-2.0666142063281545,420.8395111083984,434.23487091064453,431.37734130859377,422.25801252313147,428.9487284702276,-6.690715947096123,-3.0807591557566325,1.6133531725529713,1.402681866651148,467.5302269620666,400.93951485922247,0.1533518299974277,34.00304306368673,-29.364861021090473,25119090.0,0.03445133327382629,0.9439237622200409,-1.080577263458915,-0.8928330359357917,0.3433219269989296,0.0,1.0,0.0
2024-08-01,TSLA,227.69000244140625,231.8699951171875,214.3300018310547,216.8600006103516,83861900,-6.554059651757438,-4.237758192170549,229.6780014038086,241.15100021362304,208.04420013427733,229.7875394612024,226.54872360579031,3.238815855412099,8.131942513601432,5.742657847204697,4.705174714486609,271.878254089061,210.42374633818508,0.2548382867847804,45.91132182054233,24.245373868468235,104486200.0,0.08088164362614854,0.8992705832372525,4.244907202543402,-4.084450985365362,5.595997671056185,0.0,0.0,1.0
2024-08-02,AAPL,217.0807092384795,223.4698183577824,215.6543188775265,217.7840118408203,105568600,0.6869476489977266,-4.816701375136423,217.9523956298828,222.6020751953125,210.59196044921876,218.81635757767202,217.52511378218344,1.2912437954885831,2.924707928476968,1.2483029731315152,1.4269276590621642,234.04509829536968,211.1590520952553,0.10281146831193741,50.79841755781486,68.90705748708021,53899370.0,0.035886470334508785,0.9783557123164068,-1.675086236136858,1.4990974297163895,0.2565938289724068,1.0,0.0,0.0
2024-08-02,MSFT,405.3445889736249,407.8111188309651,397.3357742040084,401.4138793945313,29437900,-2.0666142063281545,-3.265686093390918,418.02708129882814,431.33253021240233,430.9734588623047,419.0512228110391,426.909110020176,-7.857887209136891,-4.036184766432685,1.6855252781814396,1.365103601460932,465.4782311042217,397.18682932058294,0.15832657404719705,29.798116317426064,-2.833670006997535,25968840.0,0.026096119652756142,0.930636692755035,-0.2964138819684825,-1.080577263458915,-0.8928330359357917,0.0,1.0,0.0
2024-08-02,TSLA,214.8800048828125,216.1300048828125,205.77999877929688,207.6699981689453,82880100,-4.237758192170549,-4.232673647438423,226.5250015258789,238.95849990844727,208.46559997558595,226.3848408008552,225.15029949935737,1.2345413014978135,6.7524622711807085,5.7545851978042215,4.732847271007625,272.6821437208302,205.2348560960643,0.2822552353258291,42.43612868528361,-1.1707342666932186,104033820.0,0.049838716207314684,0.8690630308129252,-6.554059651757438,4.244907202543402,-4.084450985365362,0.0,0.0,1.0
2024-08-05,AAPL,197.21012147966275,211.4840610296135,194.14930192882557,207.29400634765625,119548600,-4.816701375136423,-0.974824110319894,216.4972671508789,221.68333282470704,210.95589141845704,217.04368815766958,216.76725397221847,0.27643418545110876,2.395053179871796,1.921472371910261,1.7544177752817347,234.90236443296345,208.46430121645062,0.11926049143901295,38.02291464098557,13.242574022957587,61034050.0,0.08362402467013703,0.935090625471474,0.6869476489977266,-1.675086236136858,1.4990974297163895,1.0,0.0,0.0
2024-08-05,MSFT,382.4285705967925,394.0929463426896,378.9007323991664,388.3049621582031,40709200,-3.265686093390918,1.1287037063961947,413.330859375,427.8396026611328,430.27831115722654,414.321028864449,424.0495435118817,-9.728514647432746,-5.174650742632697,1.7078182928300611,1.4794045090837575,464.6195209018182,391.0596844204474,0.17193321053926208,24.70624060374128,38.28839693048758,28458880.0,0.03912443935582155,0.9075947148019329,-2.0666142063281545,-0.2964138819684825,-1.080577263458915,0.0,1.0,0.0
2024-08-05,TSLA,185.22000122070312,203.8800048828125,182.0,198.8800048828125,100308800,-4.232673647438423,0.8849529684359148,221.26200256347656,236.25550003051757,208.84100006103515,222.15332758269477,223.20435174998366,-1.0510241672888867,5.19176498348679,5.346160657974183,4.779080856918003,273.7192478565375,198.79175220449764,0.317146037414415,39.36677728488212,21.028811499986123,103942160.0,0.11001611195507066,0.8418005289067251,-4.237758192170549,-6.554059651757438,4.244907202543402,0.0,0.0,1.0
2024-08-06,AAPL,203.36148541473497,208.00720313955475,199.17143085232243,205.27325439453125,69660500,-0.974824110319894,1.2498301467324113,214.7360580444336,220.6209602355957,211.3590478515625,215.23285219410982,215.9158465960935,-0.6829944019836773,1.7794436635007014,1.8811163724924667,1.7485639421692254,235.51247012271196,205.72945034847945,0.13499632919024537,36.13749576547708,-41.73039249309486,64004070.0,0.04304395286806401,0.930434053842051,-4.816701375136423,0.6869476489977266,-1.675086236136858,1.0,0.0,0.0
2024-08-06,MSFT,393.071033310372,398.64282840268,391.5970169354581,392.6877746582031,24946500,1.1287037063961947,-0.29528444053211755,408.8852294921875,424.89500732421874,429.7400012207031,410.9928359096419,421.7264495227204,-10.73361361307849,-6.286443316721856,1.7905385721760485,1.532751027844499,463.0753775138525,386.71463713458496,0.17971672781036005,29.0702735611261,-38.72024014227742,29642820.0,0.017942528191397304,0.9241995502163204,-3.265686093390918,-2.0666142063281545,-0.2964138819684825,0.0,1.0,0.0
2024-08-06,TSLA,200.75,202.8999938964844,192.6699981689453,200.63999938964844,73783900,0.8849529684359148,-4.425839767656326,216.68800201416016,233.1710006713867,209.37899993896485,218.84358478376458,221.53291824181068,-2.689333458046093,3.615545295180213,5.4344096653901595,4.670342898333168,271.73763805907686,194.60436328369656,0.3308013198608948,40.29790209608024,-26.443243264798298,100127730.0,0.050986820966203036,0.8604843604561917,-4.232673647438423,-4.237758192170549,-6.554059651757438,0.0,0.0,1.0
2024-08-07,AAPL,204.94637966039352,211.62274392073397,204.4412006806638,207.8388214111328,63516400,1.2498301467324113,1.663323159036545,213.87229614257814,219.47389526367186,211.75210174560547,214.09530899672876,215.31754843424454,-1.222239437515782,1.179107043297405,1.8278441931772915,1.7090706097185517,234.6028527500089,204.34493777733482,0.13786566705950515,40.192341057673154,-8.82006301993239,64177950.0,0.03455342554057369,0.9469865250326883,-0.974824110319894,-4.816701375136423,0.6869476489977266,1.0,0.0,0.0
2024-08-07,MSFT,401.5613886423986,402.9764167958112,390.58486666117705,391.5282287597656,20650900,-0.29528444053211755,1.0691918070380613,405.8910186767578,421.5627471923828,429.11639526367185,407.99828096350706,419.48954428102,-11.49126331751296,-7.327407316880078,1.5608732044867948,1.4515575438130577,459.142353709592,383.9831406751736,0.17828713171403401,28.598009837676656,-17.2192491932736,29027330.0,0.031649187017463734,0.9287543345975238,1.1287037063961947,-3.265686093390918,-2.0666142063281545,0.0,1.0,0.0
2024-08-07,TSLA,200.7700042724609,203.4900054931641,191.47999572753903,191.75999450683597,71159800,-4.425839767656326,3.6921162045623124,214.26500091552734,229.59599990844725,209.62939971923828,214.67687858731404,219.3275164836644,-4.650637896350361,1.9623086568740988,4.176119084716061,4.707456955872277,269.6459465443442,189.5460532725503,0.34887320904429614,37.194338414599294,-3.5564669257114323,90449420.0,0.06263042401785696,0.8352061646688156,0.8849529684359148,-4.232673647438423,-4.237758192170549,0.0,0.0,1.0
2024-08-08,AAPL,211.097744151489,212.17744837655164,206.8581585633277,211.2958526611328,47161100,1.663323159036545,1.3735851672704413,213.45824432373047,218.767626953125,212.21409759521484,213.66462340663708,215.01964504364366,-1.3550216370065868,0.6722813072366065,1.9385505174706839,1.7187449102789885,234.04567352595484,203.48958038029514,0.1396737422772653,45.23794020592488,-25.749727629399654,63754940.0,0.025174605872434204,0.9658460696582263,1.2498301467324113,-0.974824110319894,-4.816701375136423,1.0,0.0,0.0
2024-08-08,MSFT,395.4687471216862,398.82948747665125,393.0120532994856,395.7144165039063,20203000,1.0691918070380613,0.8269137186824427,404.34722595214845,419.0072967529297,428.57336791992185,406.10845566203,417.72842370493754,-11.619968042907544,-8.185919462085572,1.5248634097937968,1.4489933924216165,456.30412948357343,381.7104640222859,0.17802474095164061,32.83992595055284,-2.1689127350381865,28053250.0,0.014701092339677774,0.9444093684536521,-0.29528444053211755,1.1287037063961947,-3.265686093390918,0.0,1.0,0.0
2024-08-08,TSLA,195.6999969482422,200.6999969482422,192.0399932861328,198.83999633789065,65033900,3.6921162045623124,0.5833854775063152,212.1240005493164,227.48649978637695,210.0711996459961,212.24043516432582,217.80992239879225,-5.569487234466436,0.4559494786059919,4.348733179648648,4.5394729040607045,269.40167021292103,185.5713293598329,0.36850688252625846,41.08992320290967,-8.608652638146818,86889160.0,0.04355262432912818,0.8740738308629873,-4.425839767656326,0.8849529684359148,-4.232673647438423,0.0,0.0,1.0
2024-08-09,AAPL,210.09727328743648,214.7330756065884,209.9684959625569,214.19818115234372,42201600,1.3735851672704413,0.712994700268399,213.2878662109375,218.05937957763672,212.72819702148436,213.74670921366885,214.95879586651034,-1.2120866528414922,0.2954077152209868,1.9982418621212177,1.7221956240490597,232.76714876422895,203.3516103910445,0.13489691858318575,49.11891023697582,-10.516082110044078,63814970.0,0.02224379132632689,0.982292903736717,1.663323159036545,1.2498301467324113,-0.974824110319894,1.0,0.0,0.0
2024-08-09,MSFT,397.0311150371522,400.9814670539763,395.29178698273824,398.9866333007813,19276700,0.8269137186824427,0.19460005871196895,402.45556640625006,416.67195892333984,428.11838684082034,405.01279068337635,416.3401429342593,-11.327352250882939,-8.814206019845045,1.4237203141674493,1.4821659738404163,452.7628050238581,380.5811128228216,0.17323386096715152,36.03865460169426,-4.584962629312484,27622540.0,0.014260327530694037,0.9575557576078396,1.0691918070380613,-0.29528444053211755,1.1287037063961947,0.0,1.0,0.0
2024-08-09,TSLA,197.0500030517578,200.8800048828125,195.1100006103516,200.0,58648300,0.5833854775063152,-1.2549972534179554,210.1440002441406,225.075,210.54739959716798,210.3572912928911,216.4906688877706,-6.133377594879505,-0.8619159360911075,4.370460379013085,4.463531166534833,267.511567160413,182.63843283958698,0.3770882342367034,41.72766802101452,-9.81887907691219,83293580.0,0.028850021362304544,0.8885926913251139,3.6921162045623124,-4.425839767656326,0.8849529684359148,0.0,0.0,1.0
2024-08-12,AAPL,214.27752324509848,217.6889728146819,213.81142108338884,215.72540283203125,38028100,0.712994700268399,1.7193010500941464,213.2424758911133,217.2363136291504,213.25302978515626,214.05112361649384,215.01558156766004,-0.9644579511661959,0.04343458194355024,2.0128916976031364,1.6768513652008141,230.3738825113518,204.098744746949,0.12095186723366042,51.08343133708972,-9.889435471640883,63986600.0,0.01797447903857766,0.9930448516093932,1.3735851672704413,1.663323159036545,1.2498301467324113,1.0,0.0,0.0
2024-08-12,MSFT,400.0087309169643,401.6792947885224,397.2375729606365,399.7630615234375,16762900,0.19460005871196895,1.7698471903675905,400.4980743408204,414.3552993774414,427.9639099121094,404.20514004338577,415.1122109779021,-10.907070934516355,-9.232779002779308,1.4152299649987565,1.4846851007959663,448.3828179667885,380.3277807880943,0.16424319245088745,36.80773909510389,-13.040613798004841,27786250.0,0.011110886060755951,0.9647832720471335,0.8269137186824427,1.0691918070380613,-0.29528444053211755,0.0,1.0,0.0
2024-08-12,TSLA,199.0200042724609,199.25999450683597,194.6699981689453,197.4900054931641,64044900,-1.2549972534179554,5.2357061371637315,206.68300018310546,222.31750030517577,210.92139984130858,208.37770886216384,215.083212340022,-6.705503477858144,-2.030633444444515,3.738419796857142,4.4163300382197725,264.37791360485164,180.2570870054999,0.3783814881144259,40.70092969588977,9.201630737804845,76777890.0,0.023241663933466907,0.8883241545180612,0.5833854775063152,3.6921162045623124,-4.425839767656326,0.0,0.0,1.0
2024-08-13,AAPL,217.193110982268,220.04922365215185,217.193110982268,219.4343719482422,44155300,1.7193010500941464,0.2033815662230376,213.51251220703125,216.57789306640626,213.83302307128906,214.87931566753204,215.34289937362908,-0.46358370609704025,-0.05796907566456786,2.085635859404378,1.7368865172469934,227.6267069784265,205.529079154386,0.10203085601753921,55.569982246624285,16.112295907499984,64237750.0,0.013015794401423699,1.0131891526018313,0.712994700268399,1.3735851672704413,1.663323159036545,1.0,0.0,0.0
2024-08-13,MSFT,402.49480977979294,407.7619759385257,402.4751670289263,406.8382568359375,19414300,1.7698471903675905,0.6883962195366689,399.6225006103516,412.61055450439454,427.94189697265625,404.6102349345476,414.4993254859047,-9.889090551357128,-9.364041312494873,1.5685558735495806,1.5665374725127332,444.21990820512684,381.00120080366224,0.15321640881775186,43.47735390621418,15.817072224973018,26458920.0,0.012994866684160888,0.9860103004990011,0.19460005871196895,0.8269137186824427,1.0691918070380613,0.0,1.0,0.0
2024-08-13,TSLA,198.47000122070312,208.4900054931641,197.05999755859372,207.8300018310547,76247400,5.2357061371637315,-3.10349655555765,205.2040008544922,219.88100051879883,211.51639984130858,208.2934462419932,214.5459374875059,-6.252491245512715,-2.8750050046581554,4.170031003873158,4.606725911843963,259.14188399189953,180.6201170456981,0.3571102858406731,46.53700927992355,19.05303935207956,74346600.0,0.05499691013745859,0.9451930878097227,-1.2549972534179554,0.5833854775063152,3.6921162045623124,0.0,0.0,1.0
2024-08-14,AAPL,218.7402072098891,221.17979111862687,217.8774142480331,219.8806610107422,41960600,0.2033815662230376,1.353051078968992,213.5022720336914,216.23598403930663,214.38667846679687,215.6487534126413,215.6790298652671,-0.03027645262579881,-0.05243055105681405,2.0316343856540735,1.6559088815177867,226.34688255039413,206.12508552821913,0.09351726130142682,56.091836939290275,-4.9704112530092655,63430180.0,0.0150189509864737,1.0168550899963673,1.7193010500941464,0.712994700268399,1.3735851672704413,1.0,0.0,0.0
2024-08-14,MSFT,407.6146028252248,410.484034234621,405.30533476037385,409.638916015625,18267000,0.6883962195366689,1.1823767597344492,399.47607421875006,411.30064697265624,428.0075402832031,405.3838781777903,414.1392951547729,-8.755416976982644,-9.242316445392428,1.5581196818849385,1.5682410462394412,440.9690281945325,381.63226575078,0.1442661539204855,45.91097265477909,-5.909561508784766,23996480.0,0.012642108139085121,0.9959598143857485,1.7698471903675905,0.19460005871196895,0.8269137186824427,0.0,1.0,0.0
2024-08-14,TSLA,207.38999938964844,208.44000244140625,198.75,201.3800048828125,70250000,-3.10349655555765,6.336276788880446,202.13500061035157,217.52500076293944,212.01820007324218,207.22983987904232,213.5706832204916,-6.340843341449272,-3.568172672016379,3.8557669669381966,4.605778013417289,255.177024190486,179.87297733539287,0.3461857101067666,43.65103987469085,-7.865710830795547,74621900.0,0.048117996853982985,0.9257786653327178,5.2357061371637315,-1.2549972534179554,0.5833854775063152,0.0,0.0,1.0
2024-08-15,AAPL,222.7367590108339,223.48053712623224,220.9120118672479,222.8557586669922,46414000,1.353051078968992,0.5918422192285666,214.1580322265625,216.27561111450194,214.99349578857422,216.75752345177222,216.2106394061356,0.5468840456366024,0.06743236828186924,1.9767892569183971,1.6235879276757967,226.4883703217814,206.0628519072225,0.09444207929550176,59.50635666086471,10.613289609776789,61821480.0,0.011525505440594903,1.0304248246881917,0.2033815662230376,1.7193010500941464,0.712994700268399,1.0,0.0,0.0
2024-08-15,MSFT,413.27150876832536,414.5611340262228,411.16480439429694,414.4823913574219,20752100,1.1823767597344492,-0.6080287538602236,399.9358520507813,410.38768157958987,428.11993530273435,406.7836494361951,414.1647096883025,-7.381060252107375,-8.870065206735417,1.599095672653625,1.5988402260382608,438.3528692252956,382.42249393388414,0.1362866815985665,49.92630255982157,13.604313789894352,23042050.0,0.008194146971607082,1.0099776624923813,0.6883962195366689,1.7698471903675905,0.19460005871196895,0.0,1.0,0.0
2024-08-15,TSLA,205.0200042724609,215.8800048828125,204.82000732421875,214.13999938964844,89848500,6.336276788880446,0.9246267550119258,201.86300048828124,215.77050094604493,212.80559997558595,208.2929413422125,213.6128547885773,-5.319913446364808,-3.918520826886065,4.06827603986653,4.881087841140404,250.34655521040747,181.1944466816824,0.32048916893425156,50.22704763506217,27.89822064056939,75220560.0,0.05164844302847416,0.9924433527787739,-3.10349655555765,5.2357061371637315,-1.2549972534179554,0.0,0.0,1.0
2024-08-16,AAPL,222.06237857544767,224.94824111633488,221.79461423345728,224.1747131347656,44340200,0.5918422192285666,-0.07077555111065781,214.79710235595704,216.37474899291993,215.59657958984374,217.8986295568481,216.80057079344155,1.0980587634065557,0.27355764730680654,1.975040120125916,1.6284439725319304,226.86407444558944,205.88542354025043,0.09695517153910348,60.955970254574964,-4.468048433662252,55698640.0,0.014067719051710165,1.0360484029589834,1.353051078968992,0.2033815662230376,1.7193010500941464,1.0,0.0,0.0
2024-08-16,MSFT,414.0590996262473,414.787581998409,410.81040112271256,411.9622192382813,22775600,-0.6080287538602236,0.7312371168081366,400.9906860351563,409.5088836669922,428.0258770751953,407.5803524826699,414.0015622475602,-6.42120976489025,-8.380294118366383,1.435289172576138,1.5967734459860559,436.0063021314154,383.01146520256896,0.12941071376595878,47.932421605168855,9.750820398899386,22375820.0,0.009654236942043487,1.0059909214894691,1.1823767597344492,0.6883962195366689,1.7698471903675905,0.0,1.0,0.0
2024-08-16,TSLA,211.1499938964844,219.8000030517578,210.8000030517578,216.1199951171875,88765100,0.9246267550119258,3.0538618603692225,202.70800018310547,214.6165008544922,213.62799987792968,209.4971034614394,213.79856888699288,-4.301465425553488,-3.9951097466195495,3.796613098991122,4.825626566824236,247.39386242381886,181.83913928516552,0.30545052629992686,51.179142587293065,-1.205807553826721,75809060.0,0.0416435323123152,1.0070054923862293,6.336276788880446,-3.10349655555765,5.2357061371637315,0.0,0.0,1.0
2024-08-19,AAPL,223.84746435464615,224.11522871504155,221.18968933533225,224.01605224609372,40687800,-0.07077555111065781,0.27447504671989087,216.46930694580078,216.48328704833983,216.22402740478515,218.83977150903974,217.33505090104543,1.504720607994301,0.5197902394443055,0.8653566360578617,1.6279678991908453,227.25215376295856,205.7144203337211,0.09948912788093503,60.67458781102911,-8.237220400449253,47812560.0,0.013059507791412392,1.034796058857291,0.5918422192285666,1.353051078968992,0.2033815662230376,1.0,0.0,0.0
2024-08-19,MSFT,412.4445996416413,415.191219798164,409.98347800679744,414.9746398925781,15234000,0.7312371168081366,0.7757454116591234,403.6576538085938,408.4942565917969,427.9820458984375,408.71793516111734,414.07364207311707,-5.355706911999732,-7.775376677093052,0.7197059148265955,1.571873673664382,432.251063293904,384.7374498896898,0.11631403046063864,50.47828777592348,-33.11262930504575,19828300.0,0.01254954228700498,1.0158640744544347,-0.6080287538602236,1.1823767597344492,0.6883962195366689,0.0,1.0,0.0
2024-08-19,TSLA,217.07000732421875,222.97999572753903,214.08999633789065,222.72000122070312,76435200,3.0538618603692225,-0.7273684933138069,205.09199981689454,213.17700119018554,214.52359985351563,211.53139542440303,214.45941572652697,-2.92802030212394,-3.7816918577204275,3.481181745747429,4.72075832331176,241.33550727349947,185.0184951068716,0.26417958716092804,54.3161417511843,-13.890481732122195,73421700.0,0.03991558612124326,1.0447656171971564,0.9246267550119258,6.336276788880446,-3.10349655555765,0.0,0.0,1.0
2024-08-20,AAPL,223.8970689622142,225.28544883578485,223.5797163441377,224.63092041015625,30299000,0.27447504671989087,-0.048568710664453896,218.4050735473633,216.57056579589843,216.81602813720704,219.7307174938269,217.8754856794981,1.8552318143287891,0.7868785544212022,0.6458609788798687,1.6259875078901276,227.5834343921943,205.55769719960256,0.10170235789728396,61.417886842429205,-25.53296074007442,43876410.0,0.007593489304734349,1.037218144509324,-0.07077555111065781,0.5918422192285666,1.353051078968992,1.0,0.0,0.0
2024-08-20,MSFT,415.14201975205145,419.23729981689326,415.082955234779,418.19378662109375,16387600,0.7757454116591234,-0.1553558999411342,406.20825500488286,407.54674224853517,428.0157647705078,410.17575846265214,414.3788379655598,-4.203079502907656,-7.060917242255973,0.7031085019700793,1.581321555233243,427.73608838805524,387.3573961090151,0.09907745073917412,53.11643286845009,7.572535118813173,18972410.0,0.009934017948187112,1.0261247196182117,0.7312371168081366,-0.6080287538602236,1.1823767597344492,0.0,1.0,0.0
2024-08-20,TSLA,224.8800048828125,228.22000122070312,219.55999755859372,221.1000061035156,74001200,-0.7273684933138069,0.9814554993405888,207.13800048828125,211.9130012512207,215.39600006103515,213.00348937503574,214.9513113100076,-1.94782193497187,-3.414917873170716,3.5339543870741292,4.707294171005348,235.73100679651355,188.09499570592783,0.2247904130908595,53.408995187652785,-3.1843967177426102,73443430.0,0.0391678128586524,1.04335271926711,3.0538618603692225,0.9246267550119258,6.336276788880446,0.0,0.0,1.0
2024-08-21,AAPL,224.6408348597364,226.08871448701356,223.1830285060583,224.52182006835935,34765500,-0.048568710664453896,-0.8259741467156134,220.07337341308593,216.97283477783202,217.48053466796875,220.46781019760112,218.3678067453397,2.100003452261433,1.0495035339892484,0.6977332057038111,1.473892259101942,228.54478574067699,205.40088381498705,0.10666727910610554,61.196858382072044,14.741410607610806,41001320.0,0.012941664111178973,1.0347923061348074,0.27447504671989087,-0.07077555111065781,0.5918422192285666,1.0,0.0,0.0
2024-08-21,MSFT,417.48500333716095,419.76893159636126,415.1617187597954,417.5440979003906,16067300,-0.1553558999411342,-2.0252834271969555,408.8098419189454,407.3504302978516,427.95748107910157,411.30934914538113,414.61330166443616,-3.3039525190550307,-6.309524297615786,0.6836949711023165,1.3674260669460776,427.0398927603845,387.6609678353187,0.09667088088325383,52.50846367331127,-1.9545265932778388,18514050.0,0.011034074867141213,1.0250243202028424,0.7757454116591234,0.7312371168081366,-0.6080287538602236,0.0,1.0,0.0
2024-08-21,TSLA,222.6699981689453,224.66000366210935,218.8600006103516,223.2700042724609,70146000,0.9814554993405888,-5.6478704568676985,210.28900146484375,212.27700119018556,216.3856002807617,214.58295320540884,215.56751078870784,-0.9845575832989937,-2.9288458151963717,2.9757604743966533,3.786872320092047,236.57502895794534,187.97897342242578,0.22892755815775276,54.505074177693075,-5.209645248995964,73342050.0,0.025977529183364437,1.0517861238883168,-0.7273684933138069,3.0538618603692225,0.9246267550119258,0.0,0.0,1.0
2024-08-22,AAPL,225.90027790842765,226.44571820828537,222.04254943445835,222.66732788085935,43695300,-0.8259741467156134,1.028827650159414,221.21052093505858,217.33438262939453,217.83000061035156,220.80619753348702,218.6862897924152,2.1199077410718132,1.2635843754057614,0.7850747437186809,1.4841921019372055,229.15341212449823,205.51535313429082,0.10876354999252824,57.41453415717736,25.685809207403885,40654740.0,0.01977465134077948,1.0245379731772986,-0.048568710664453896,0.27447504671989087,-0.07077555111065781,1.0,0.0,0.0
2024-08-22,MSFT,417.7606371537281,420.1528703345148,408.16226230018384,409.087646484375,19361900,-2.0252834271969555,0.29840393692375233,410.1471649169922,407.2471954345703,427.6355358886719,410.9675487359956,414.20399387332054,-3.2364451373249494,-5.694908465557619,1.0653779520717481,1.330984675994747,426.874277437401,387.6201134317396,0.09638903458567376,45.248645105100486,20.50500084021585,18429940.0,0.029310608954770553,1.0045192479418814,-0.1553558999411342,0.7757454116591234,0.7312371168081366,0.0,1.0,0.0
2024-08-22,TSLA,223.82000732421875,224.8000030517578,210.32000732421875,210.66000366210935,79514500,-5.6478704568676985,4.58558981020607,211.47100219726562,211.79750137329103,217.18560028076172,213.97942250643968,215.2039917422931,-1.224569235853437,-2.587990499327785,3.630233865863592,3.981136063919433,235.8098657241389,187.78513702244317,0.22674832512331014,47.5103803801629,13.355715222535846,74790110.0,0.06873633093999384,0.9946293147756411,0.9814554993405888,-0.7273684933138069,3.0538618603692225,0.0,0.0,1.0
2024-08-23,AAPL,223.7879871535285,226.3267476403601,222.4690186706249,224.95819091796875,38677300,1.028827650159414,0.14988272289093718,222.2865219116211,217.7871940612793,218.10800170898438,221.4449657464842,219.15087506097473,2.294090685509474,1.4696856374265042,0.7506469699072926,1.496427619868268,230.06035508666582,205.5140330358928,0.11270783002909882,60.64997483449507,-11.484072657700029,40302310.0,0.01714864861774218,1.0329266231083896,-0.8259741467156134,-0.048568710664453896,0.27447504671989087,1.0,0.0,0.0
2024-08-23,MSFT,410.4954277824997,412.7399696060687,405.6814592418378,410.3083801269531,18493800,0.29840393692375233,-0.7917747769893402,411.2793395996094,406.86745300292966,427.1733087158203,410.8661381807583,413.91542989210814,-3.049291711349838,-5.165785114716063,1.0514496864369474,1.2756185608649464,425.91167783245515,387.8232281734042,0.09361390147561575,46.40069958170188,-4.48354758572248,18351650.0,0.01720293980358617,1.008457120614164,-2.0252834271969555,-0.1553558999411342,0.7757454116591234,0.0,1.0,0.0
2024-08-23,TSLA,214.4600067138672,221.47999572753903,214.2100067138672,220.32000732421875,81525200,4.58558981020607,-3.2271243527550397,213.5030029296875,211.82350158691406,218.04620056152345,214.9548970937903,215.5829558594728,-0.6280587656825105,-2.1960041525987304,3.838182952554485,4.119186087175437,235.8734467778241,187.773556396004,0.22707532460501823,52.53551198202194,2.528721176640736,77077800.0,0.032997407280281485,1.0401112514600674,-5.6478704568676985,0.9814554993405888,-0.7273684933138069,0.0,0.0,1.0
2024-08-26,AAPL,224.87885041051024,225.39454085782168,222.0326640536948,225.2953643798828,30602200,0.14988272289093718,0.3741494133711276,223.24351806640624,218.24299697875978,218.36956756591798,222.03733476700705,219.6060224179309,2.4313123490761654,1.6620109797564364,0.7534972994396211,1.4963689531158806,230.93470151367708,205.55129244384247,0.1163080118089884,61.11820276189903,-20.878137822443655,39559720.0,0.014922086006431315,1.0323142895705808,1.028827650159414,-0.8259741467156134,-0.048568710664453896,1.0,0.0,0.0
2024-08-26,MSFT,409.8948787784743,410.7907306533513,404.94310328054127,407.0596618652344,13152800,-0.7917747769893402,0.08464950150808281,412.0089996337891,406.2535369873047,426.63588745117187,410.28052643990844,413.40759522345087,-3.127068783542427,-4.758041848481335,1.1057565869909831,1.2808523571424948,424.37434131946145,388.13273265514795,0.08920933694036008,43.76164940883202,-28.879948955866286,17990640.0,0.014365528989079817,1.0019842901157434,0.29840393692375233,-2.0252834271969555,-0.1553558999411342,0.0,1.0,0.0
2024-08-26,TSLA,218.75,219.08999633789065,211.00999450683597,213.2100067138672,59301200,-3.2271243527550397,-1.8760845523390857,215.07500305175782,210.87900161743164,218.66100067138672,214.68645241995597,215.4071818486872,-0.7207294287312322,-1.900949207825231,4.015675517383366,3.9684648387602746,232.98088774659408,188.7771154882692,0.2096167561458661,48.83008289607846,-27.260282710131346,76603430.0,0.03789691654528316,1.0110537563178734,4.58558981020607,-5.6478704568676985,0.9814554993405888,0.0,0.0,1.0
2024-08-27,AAPL,224.12514736512037,226.95151036486345,223.02435510684415,226.1383056640625,35934600,0.3741494133711276,-0.6753417632690439,223.91391143798828,218.71321182250978,218.6826614379883,222.66825336655404,220.0898952509777,2.57835811557635,1.8452804069204192,0.6046117997031504,1.4967611776119234,231.85826326603748,205.56816037898207,0.1202035426574521,62.325161225346626,17.424891020906983,38737650.0,0.01736616557060989,1.0339489954890257,0.14988272289093718,1.028827650159414,-0.8259741467156134,1.0,0.0,0.0
2024-08-27,MSFT,406.4394653233815,407.91613833509496,403.8700687036349,407.40423583984375,13492900,0.08464950150808281,-0.7829168059319436,412.0655975341797,405.84404907226565,426.08590026855467,409.8380201937447,412.96290193577624,-3.1248817420315618,-4.431409827191381,0.9559093841272914,1.2692356641347624,423.43862492168995,388.24947322284135,0.08670609259711662,44.12464264971141,2.5857612067392566,17398500.0,0.00993133913573403,1.003844301206694,-0.7917747769893402,0.29840393692375233,-2.0252834271969555,0.0,1.0,0.0
2024-08-27,TSLA,213.25,215.66000366210935,206.94000244140625,209.2100067138672,62821400,-1.8760845523390857,-1.653843794670573,215.21300354003907,210.20850219726563,219.28500091552735,213.84392231132693,214.94813183870053,-1.1042095273735981,-1.7416012717349045,3.7733650666561673,3.888975651157386,231.61330606483676,188.8036983296945,0.20365307438882047,46.82895414168748,5.936136199604736,75260830.0,0.04168061249875723,0.9952499757480722,-3.2271243527550397,4.58558981020607,-5.6478704568676985,0.0,0.0,1.0
2024-08-28,AAPL,226.02922904592305,227.95313769677003,223.80780609600177,224.6110992431641,38052200,-0.6753417632690439,1.4570064781431746,224.38695526123047,218.94461364746093,218.8824008178711,222.96715273218635,220.4247992503989,2.542353481787444,1.9846950218938244,0.6798744452709133,1.4780797460780444,232.34426337951643,205.54496391540542,0.12240218664279437,58.76592610485478,5.892927707557627,38346810.0,0.01845559553706881,1.0258809088805774,0.3741494133711276,0.14988272289093718,1.028827650159414,1.0,0.0,0.0
2024-08-28,MSFT,408.4280383994025,408.5461674240689,400.97575531583215,404.214599609375,14882700,-0.7829168059319436,0.6137420477476452,411.5231658935547,405.49962005615237,425.3581298828125,408.97287856538014,412.314879541228,-3.3420009758478386,-4.213528056922673,0.9544942185372699,1.2587321309199486,422.929644019591,388.0695960927137,0.08596813955596308,41.45711801969542,10.300231973852924,17060070.0,0.018728695389905948,0.9968310193568136,0.08464950150808281,-0.7917747769893402,0.29840393692375233,0.0,1.0,0.0
2024-08-28,TSLA,209.72000122070312,211.83999633789065,202.58999633789065,205.75,64116400,-1.653843794670573,0.2575935743848623,215.6500030517578,208.8925018310547,219.6512008666992,212.59870349419973,214.26678873953753,-1.6680852453378066,-1.7268980664554852,3.6615273603521885,3.7523627794821675,227.71914830015052,190.06585536195885,0.18025200812925493,45.1069558239068,2.061399459419877,74647470.0,0.04495747266099635,0.9849563684502365,-1.8760845523390857,-3.2271243527550397,4.58558981020607,0.0,0.0,1.0
2024-08-29,AAPL,228.19113851748887,230.9877364442669,226.98125820388415,227.8836975097656,51906300,1.4570064781431746,-0.34378589403146753,224.8897491455078,219.52389068603514,219.19474304199218,223.7235442364293,220.9773102325742,2.746234003855079,2.137002818286075,0.6997118385707457,1.443998952571729,233.43380884274475,205.61397252932554,0.12672805782768934,63.567287656413235,36.40814460136339,38896040.0,0.017581241151359863,1.0380815354429314,-0.6753417632690439,0.3741494133711276,0.14988272289093718,1.0,0.0,0.0
2024-08-29,MSFT,408.4871383812944,415.4865540874309,404.2146347079457,406.6954345703125,17045200,0.6137420477476452,0.973076695654318,410.7444702148438,405.3401611328125,424.7198736572266,408.62250256613896,411.8986243581972,-3.276121792058234,-4.026046803949785,0.8818570951665701,1.2668037174599667,422.65927444993184,388.0210478156932,0.08545471175970941,44.27868271665606,14.530293562324047,16689380.0,0.027715873898103427,1.0033435459089777,-0.7829168059319436,0.08464950150808281,-0.7917747769893402,0.0,1.0,0.0
2024-08-29,TSLA,209.8000030517578,214.88999938964844,205.97000122070312,206.27999877929688,62308800,0.2575935743848623,3.795812428442069,214.86400299072267,208.36350173950194,220.07960083007814,211.62659507652236,213.6751746684086,-2.048579591886238,-1.791234371541636,2.9856442914162127,3.476071530717173,226.8388038622569,189.888199616747,0.17733722046822725,45.437928185176865,-2.81924749362098,71893500.0,0.04324218645400031,0.9900006337827347,-1.653843794670573,-1.8760845523390857,-3.2271243527550397,0.0,0.0,1.0
2024-08-30,AAPL,228.28039594132483,228.4886453526855,225.59287085733376,227.1002655029297,52990800,-0.34378589403146753,-2.720522671033454,225.18230438232422,219.9897033691406,219.58274597167969,224.24303981589088,221.43086247482276,2.8121773410681215,2.2720377228424846,0.7077984378870955,1.446775291524165,234.27324050813877,205.70616623014246,0.12985641527985986,61.7146531205852,2.0893417562030114,39761100.0,0.012751083707184719,1.032322249745742,1.4570064781431746,-0.6753417632690439,0.3741494133711276,1.0,0.0,0.0
2024-08-30,MSFT,409.13683384861065,410.9974260333262,405.7207960910566,410.6528930664063,24308300,0.973076695654318,-1.8458898800663648,410.61353759765626,405.80211181640624,424.17334411621096,408.93487033541084,411.8063479662127,-2.8714776308018486,-3.795132969320198,0.9377441139015691,1.1897737443786027,423.1730613863163,388.43116224649617,0.08561290867687285,48.53950166827622,42.610822988289954,16842650.0,0.012849367510522498,1.0119535633471386,0.6137420477476452,-0.7829168059319436,0.08464950150808281,0.0,1.0,0.0
2024-08-30,TSLA,208.6300048828125,214.57000732421875,207.02999877929688,214.1100006103516,63370600,3.795812428442069,-1.6393416920415849,214.66300354003906,208.68550186157228,220.73040069580077,212.00865746634224,213.7073839974414,-1.6987265310991688,-1.7727328034531427,3.2466608972442845,3.4480749807703526,227.33358552776696,190.0374181953776,0.178719494165575,50.2138241606846,1.7040931618005795,69354050.0,0.03521558322090509,1.0259936540890011,0.2575935743848623,-1.653843794670573,-1.8760845523390857,0.0,0.0,1.0
2024-09-03,AAPL,226.65400042223428,227.1002642906876,219.335218503661,220.9219512939453,50190600,-2.720522671033454,-0.8618805151778042,224.87289428710938,220.67110061645508,219.89056884765625,223.73210312020694,221.39316535031332,2.3389377698936187,2.2854177322527116,1.1499953540082921,1.0961544385144837,233.6447145419289,207.69748669098126,0.11758326205136435,49.46989009926873,-5.2843135034760795,40711380.0,0.035148366839721126,1.0011367627060792,-0.34378589403146753,1.4570064781431746,-0.6753417632690439,1.0,0.0,0.0
2024-09-03,MSFT,411.4109748667296,413.35034007836833,400.7001678121759,403.07269287109375,20313600,-1.8458898800663648,-0.13188333091306292,409.4233428955078,406.5404983520508,423.39502502441405,408.0329968793621,411.15941055175944,-3.126413672397348,-3.6613891099356284,1.0529949812304225,1.0051171421208067,421.92132825682955,391.15966844727205,0.07566690141388793,41.92635962152831,-16.43348156802409,17350610.0,0.03138434453618043,0.9914699630294789,0.973076695654318,0.6137420477476452,-0.7829168059319436,0.0,1.0,0.0
2024-09-03,TSLA,215.25999450683597,219.8999938964844,209.63999938964844,210.6000061035156,76714200,-1.6393416920415849,4.183284569452206,213.4510040283203,209.27150192260743,221.28220092773438,211.79194187206122,213.4772078571506,-1.6852659850893872,-1.7552394397803917,3.0839393738571825,3.318578445010567,227.35008477381524,191.19291907139961,0.17277634732983008,48.17799205900956,21.056452045585814,69381950.0,0.04871792122262761,1.0063482326485116,3.795812428442069,0.2575935743848623,-1.653843794670573,0.0,0.0,1.0
2024-09-04,AAPL,219.82114598403248,219.94014563997789,215.67581475954933,219.0178680419922,43840200,-0.8618805151778042,0.692776110169202,224.31158905029298,221.35833129882812,220.1474331665039,223.00683618509697,221.2172174015488,1.7896187835481783,2.186257942511805,1.1613468229330404,1.0893777388205126,232.17438580195858,210.54227679569766,0.0977243950084631,46.41351153861267,-12.652568409224042,42065500.0,0.019470241942136708,0.9894268119790063,-2.720522671033454,-0.34378589403146753,1.4570064781431746,1.0,0.0,0.0
2024-09-04,MSFT,399.5976148877818,404.8447137580876,398.0815553280134,402.5411071777344,15135800,-0.13188333091306292,-0.12472644069387862,407.8580749511719,407.03316497802734,422.64754272460937,407.18809077141935,410.52101770923906,-3.332926937819707,-3.5956966755124444,0.9884923223760378,0.9825320990403253,421.1227275845052,392.9436023715495,0.06923053853480676,41.4993563613725,-25.489327347195967,17225430.0,0.016801162190593542,0.9889639022399183,-1.8458898800663648,0.973076695654318,0.6137420477476452,0.0,1.0,0.0
2024-09-04,TSLA,210.58999633789065,222.22000122070312,210.57000732421875,219.41000366210935,80651800,4.183284569452206,4.904058305110981,213.2820037841797,210.21000213623046,222.01880096435548,212.96395137822248,213.91667421307346,-0.952722834850988,-1.5947361187945108,3.419139359390894,3.4273230185700667,228.35060926695667,192.06939500550425,0.17259509011345575,53.296274210110774,5.132817653055111,70047010.0,0.053096913094378896,1.0437657648655398,-1.6393416920415849,3.795812428442069,0.2575935743848623,0.0,0.0,1.0
2024-09-05,AAPL,219.79139340374425,223.60944526365165,219.6823053430495,220.53517150878903,36615400,0.692776110169202,-0.7014948391658393,223.91292419433594,221.99314880371094,220.41621856689454,222.62658008104958,221.1666954835666,1.4598845974829828,2.0409832735060407,1.1984629329577112,1.0716049030369257,230.76546165322245,213.22083595419943,0.07903228452575439,49.111600065642456,-16.479851825493498,42250490.0,0.017807317960825287,0.9934323320211514,-0.8618805151778042,-2.720522671033454,-0.34378589403146753,1.0,0.0,0.0
2024-09-05,MSFT,401.2809872314555,406.67577709695456,399.8141682348964,402.0390319824219,14195500,-0.12472644069387862,-1.6381338566868187,406.307568359375,407.55870513916017,421.8255554199219,406.3959278808043,409.8927224702156,-3.4967945894112518,-3.575916258292206,0.9893002132492772,0.979394630209891,419.8872291608194,395.23018111750093,0.060499377715167106,41.07386594548871,-6.2124235256808324,17038250.0,0.01706702164768465,0.9864567408642305,-0.13188333091306292,-1.8458898800663648,0.973076695654318,0.0,1.0,0.0
2024-09-05,TSLA,223.4900054931641,235.0,222.25,230.1699981689453,119355000,4.904058305110981,-8.445932396079382,213.9720031738281,212.13050231933593,222.87520080566406,215.61103549987214,215.12062413573065,0.4904113641414938,-1.1777066222073098,3.7557537671629415,3.355239421420334,230.17938313971433,194.08162149895753,0.17016770924539715,58.665849628706034,47.988017626389,74967910.0,0.05539383977681344,1.0850396131267024,4.183284569452206,-1.6393416920415849,3.795812428442069,0.0,0.0,1.0
2024-09-06,AAPL,222.09215251756703,223.37145940933704,217.946836225884,218.98812866210935,48423000,-0.7014948391658393,0.040755020727312186,223.54500427246094,222.37776260375978,220.57125305175782,222.06681832428953,221.00532016345866,1.0614981608308653,1.8450862509710055,1.1915477686323381,1.0436378502586938,229.73580068969355,215.019724517826,0.06617602407525407,46.538661816060625,32.24763350939768,42723260.0,0.024771311653258753,0.9847573161004853,0.692776110169202,-0.8618805151778042,-2.720522671033454,1.0,0.0,0.0
2024-09-06,MSFT,402.6986232207198,404.26389320560224,394.5670665291359,395.4530944824219,19609500,-1.6381338566868187,1.000732585920261,404.94411315917966,407.54563903808594,420.84806884765624,404.71241505028394,408.82312039704567,-4.110705346761733,-3.682874075986112,0.9228079365457303,1.0295969940795473,419.92745608238096,395.1638219937909,0.06076284890948331,35.877454131939345,38.13884681765347,17063010.0,0.024520801105774058,0.9703283671880145,-0.12472644069387862,-0.13188333091306292,-1.8458898800663648,0.0,1.0,0.0
2024-09-06,TSLA,232.6000061035156,233.6000061035156,210.50999450683597,210.72999572753903,112177000,-8.445932396079382,2.6289605928169646,213.9790023803711,212.72500228881836,223.1624008178711,214.86010630412858,214.79539240179054,0.06471390233804186,-0.9292225172982396,4.3161728115086255,3.891844871384136,229.68082870441714,195.76917587321958,0.15941545406663316,47.941539919619565,-6.01399187298396,78234160.0,0.10957154683632984,0.9906216639331813,4.904058305110981,4.183284569452206,-1.6393416920415849,0.0,0.0,1.0
2024-09-09,AAPL,218.9881275735273,219.4343914347755,214.9122227273444,219.07737731933597,67180000,0.040755020727312186,-0.3621324252801372,222.95692291259766,222.62172241210936,220.71123199462892,221.60690432352743,220.86250958241254,0.7443947411148883,1.6249479489997822,1.1208806885479305,1.0055476154603586,229.1100131414518,216.13343168276694,0.05828982597961876,46.71210525442001,38.73572475889557,45573530.0,0.02064187896881474,0.9840790689499193,-0.7014948391658393,0.692776110169202,-0.8618805151778042,1.0,0.0,0.0
2024-09-09,MSFT,400.9068736495872,402.2949499033103,395.8960334382977,399.4105224609375,15295100,1.000732585920261,2.090116324380631,403.8543273925781,407.56683349609375,419.93616943359376,403.89673926730757,408.1258909202969,-4.229151652989344,-3.7921295913867588,0.9998436611141756,1.0376311561239941,419.8882669112871,395.2454000809004,0.060463376322849975,40.72982811009187,-22.00158086641679,16743140.0,0.016020901065866115,0.9799877949704795,-1.6381338566868187,-0.12472644069387862,-0.13188333091306292,0.0,1.0,0.0
2024-09-09,TSLA,216.1999969482422,219.8699951171875,213.6699981689453,216.2700042724609,67443500,2.6289605928169646,4.577608406578748,213.57400207519532,213.53850250244142,223.5394009399414,215.07701368387202,214.90462291072907,0.1723907731429506,-0.7088998592100015,4.1299855589368155,3.924674431764212,229.4529510100607,197.62405399482213,0.14905460440266347,50.70700387235982,-39.87760414345186,76825990.0,0.028667854190409677,1.0127916124633696,-8.445932396079382,4.904058305110981,4.183284569452206,0.0,0.0,1.0
2024-09-10,AAPL,217.10389659918584,219.64265710486697,214.9320618304677,218.28402709960935,51591000,-0.3621324252801372,1.1585015569577584,222.25578918457032,222.7496536254883,220.9042874145508,221.09569244292464,220.6715108799827,0.4241815629419534,1.3847946717882165,1.1117930984174267,1.0007640023820554,228.74779636894374,216.75151088203285,0.053855461912773135,45.30504544424157,-23.204822863947605,47672410.0,0.02158011897155306,0.9799522627613731,0.040755020727312186,-0.7014948391658393,0.692776110169202,1.0,0.0,0.0
2024-09-10,MSFT,401.8519747424291,409.8555175047399,401.3597503882825,407.7586669921875,19594300,2.090116324380631,2.13421671143732,403.9242279052734,407.96661376953125,419.30718811035155,404.49088199421215,408.09868914784437,-3.6078071536322227,-3.755265103835852,1.2216461888772117,1.1371334407141722,419.72806404192414,396.20516349713836,0.057658886170706004,49.424365356153196,28.10834842531269,17387290.0,0.02083528273997463,0.9994902848166365,1.000732585920261,-1.6381338566868187,-0.12472644069387862,0.0,1.0,0.0
2024-09-10,TSLA,220.07000732421875,226.3999938964844,218.63999938964844,226.1699981689453,78891100,4.577608406578748,0.8666077418469476,214.87000122070313,214.97250213623047,224.10520080566405,216.7836266815756,215.73909515207842,1.044531529497192,-0.35821358146856286,4.211546384618214,4.005956080686366,229.93845835415462,200.00654591830633,0.1392360052490811,55.27891893723289,16.97361495177445,78784980.0,0.034310450411903774,1.0520880388023715,2.6289605928169646,-8.445932396079382,4.904058305110981,0.0,0.0,1.0
2024-09-11,AAPL,219.62280899168329,221.23927647566492,216.0824178921796,220.81285095214844,44587100,1.1585015569577584,0.04940851102026578,221.7232437133789,222.8185775756836,221.02647735595704,221.0521783674206,220.68198051495793,0.3701978524626668,1.1818753079231066,1.1903194957211982,0.9589179343085309,228.686586375221,216.9505687761462,0.052670732067161115,50.430538343794,-13.575817487546281,48537660.0,0.02335397854449538,0.9909983869147809,-0.3621324252801372,0.040755020727312186,-0.7014948391658393,1.0,0.0,0.0
2024-09-11,MSFT,409.0383701691834,417.3963286967912,403.2104215678353,416.4611206054688,19266900,2.13421671143732,0.9360867814820928,404.8299163818359,408.4477569580078,418.6600439453125,406.33245716517473,408.7181285150758,-2.385671349901088,-3.4813463530488993,1.392900403955791,1.167714479805626,420.7879276988057,396.1075862172099,0.06042472032508459,56.57559328186415,-1.6708940865455824,17964690.0,0.03406298073714987,1.0196190663578177,2.090116324380631,1.000732585920261,-1.6381338566868187,0.0,1.0,0.0
2024-09-11,TSLA,224.5500030517578,228.47000122070312,216.8000030517578,228.1300048828125,83548600,0.8666077418469476,0.7364189890953776,216.76200103759766,215.98750228881835,224.4706008911133,218.52922332791974,216.656940317318,1.872283010601734,0.0878857369454965,4.115288054555194,3.8655455164526185,231.65109956286494,200.32390501477175,0.14504170017301504,56.146136595675614,5.903707769317457,80857700.0,0.05115503405586671,1.0562185425791777,4.577608406578748,2.6289605928169646,-8.445932396079382,0.0,0.0,1.0
2024-09-12,AAPL,220.6541869199912,221.69547936785247,217.9964268983011,220.9219512939453,37455600,0.04940851102026578,-0.12120863847591146,221.35432891845704,222.87064208984376,221.08111389160158,221.03214343303978,220.69975612821625,0.3323873048235271,1.0119777073031906,1.1823373504526176,0.958118676701772,228.64665196329915,217.09463221638836,0.05183284634794532,50.64542428772755,-15.994536536352443,48478000.0,0.016743707213728285,0.9912564042638111,1.1585015569577584,-0.3621324252801372,0.040755020727312186,1.0,0.0,0.0
2024-09-12,MSFT,416.72694031699655,420.7237992857079,413.2223056552003,420.3595581054688,17395700,0.9360867814820928,0.8407515945226374,406.4444122314453,408.9837890625,418.0407525634766,408.4904726944508,409.5804566328827,-1.089983938431942,-3.003073870125508,1.3598453888275732,1.1753104679370314,422.4241419276782,395.54343619732185,0.06572560196572605,59.348584497859996,-9.711993107349915,18215990.0,0.01784542182011121,1.0278147186934843,2.13421671143732,2.090116324380631,1.000732585920261,0.0,1.0,0.0
2024-09-12,TSLA,224.66000366210935,231.4499969482422,223.8300018310547,229.80999755859372,71894900,0.7364189890953776,0.20886633855723424,219.16800079345703,217.40900192260742,224.44160095214843,220.26472705571575,217.6312408537088,2.6334862020069636,0.59700582995779,4.015617897625919,3.769282992756528,232.64520188237069,202.17280196284415,0.14016162923361383,56.91731191934583,-13.948408471237094,81635550.0,0.033157805135282076,1.0570399363702556,0.8666077418469476,4.577608406578748,2.6289605928169646,0.0,0.0,1.0
2024-09-13,AAPL,221.72521710949164,222.18139254741288,220.06907298412548,220.6541748046875,36766600,-0.12120863847591146,-2.7775242185905213,220.63137664794922,222.76056289672852,221.10503723144532,220.97399441329327,220.6963797338808,0.27761467941246565,0.8651051017250456,1.0393233608805772,0.9061107381274761,228.62106466995513,216.9000611235019,0.05261704941860411,50.07168181544971,-1.839511314729969,46964030.0,0.009572987074262811,0.9905441606689711,0.04940851102026578,1.1585015569577584,-0.3621324252801372,1.0,0.0,0.0
2024-09-13,MSFT,419.2077526362247,425.1144444971336,418.8435114450135,423.8937377929688,15874600,0.8407515945226374,0.174180984366612,408.16424255371095,409.4543563842774,417.462861328125,410.86020578653046,410.64069968177796,0.21950610475249732,-2.358557875149907,1.3656787145558984,1.1617036269625722,424.2917056033286,394.6170071652262,0.0724737641092585,61.73423972765785,-8.744114924952717,18098930.0,0.01479364400325921,1.0352649353549432,0.9360867814820928,2.13421671143732,2.090116324380631,0.0,1.0,0.0
2024-09-13,TSLA,228.0,232.6699981689453,226.32000732421875,230.2899932861328,59515100,0.20886633855723424,-1.5241628421408637,221.56900024414062,218.21650161743165,224.11960083007813,221.80707570654914,218.56892621907355,3.238149487475596,1.1252345614613513,4.016899683129506,3.531179271224772,234.40529530201732,202.02770793284597,0.14837368910777624,57.14916837176626,-17.21930206454143,81356180.0,0.027573889573381367,1.0553280415514492,0.7364189890953776,0.8666077418469476,4.577608406578748,0.0,0.0,1.0
2024-09-16,AAPL,214.7436126542421,215.41797935337752,212.14535259122516,214.52545166015625,59357400,-2.7775242185905213,0.21726079973596324,219.37389526367187,222.27809982299806,220.91149047851562,219.98191091281066,220.23927395064194,-0.2573630378312828,0.6406114738137799,1.2988496513446242,1.078216078725817,229.14990122237353,215.4062984236226,0.061830665322832476,39.142107739289706,61.44381041488742,47600690.0,0.015255191105886762,0.9651218533494064,-0.12120863847591146,0.04940851102026578,1.1585015569577584,1.0,0.0,0.0
2024-09-16,MSFT,423.9035976857479,426.7880250402565,421.5606050753592,424.632080078125,13834700,0.174180984366612,0.8833043081297953,409.5621612548828,410.08784942626954,416.7662890625,412.978955677545,411.6770982296555,1.3018574478895175,-1.6264748105420221,1.3532636619054337,1.1490463321316586,426.3860287112508,393.7896701412883,0.07948628230650137,62.23289396495383,-12.85008756126138,17051570.0,0.012310468780256906,1.0354661340788405,0.8407515945226374,0.9360867814820928,2.13421671143732,0.0,1.0,0.0
2024-09-16,TSLA,229.3000030517578,229.9600067138672,223.52999877929688,226.77999877929688,54323000,-1.5241628421408637,0.4806404196833203,222.83600006103515,218.7495018005371,223.62480072021484,222.5721407946642,219.17715381612712,3.3949869785370765,1.5791850448764964,3.9843659063353094,3.5552922351629372,235.34450615220737,202.15449744886683,0.15172609962606573,54.82560985834179,-8.724004496337901,80451420.0,0.028353505464245195,1.0367109269399948,0.20886633855723424,0.7364189890953776,0.8666077418469476,0.0,0.0,1.0
2024-09-17,AAPL,213.96016573653907,215.10061943149995,212.7205355758407,214.9915313720703,45519300,0.21726079973596324,1.7989898283744532,218.78085327148438,221.82687377929688,220.69794403076173,219.21416021423522,219.85055227815513,-0.6363920639199137,0.3852107662670412,1.0676175264536734,1.0821487257891624,229.37049235896944,214.2832551996243,0.06801356797894534,40.21093543005175,-23.31318420281212,47133560.0,0.011070593527426956,0.9691861392140103,-2.7775242185905213,-0.12120863847591146,0.04940851102026578,1.0,0.0,0.0
2024-09-17,MSFT,433.3838900790578,434.9786922694464,425.5476562886912,428.38287353515625,18874200,0.8833043081297953,-0.9973677180359353,412.0931793212891,410.7582611083984,416.17067626953127,415.3487891941006,412.9145630671,2.4342261270006134,-0.8143346230334951,1.117276796911273,1.1535345525874474,428.9014560202107,392.61506619658616,0.08834001226343832,64.74619903536859,36.426521717131564,16907630.0,0.022015436571791967,1.042907505692519,0.174180984366612,0.8407515945226374,0.9360867814820928,0.0,1.0,0.0
2024-09-17,TSLA,229.4499969482422,234.57000732421875,226.5500030517578,227.8699951171875,66761600,0.4806404196833203,-0.2940264990135111,224.56299896240233,219.00700149536132,223.12340057373046,223.38719530582162,219.82106798657605,3.5661273192455667,1.9765734997503106,3.904644668691054,3.496536899747235,236.01606852406923,201.99793446665342,0.15532897955381728,55.43161165775913,22.89748357049499,79456160.0,0.035195525713407165,1.0404689967047192,-1.5241628421408637,0.20886633855723424,0.7364189890953776,0.0,0.0,1.0
2024-09-18,AAPL,215.7452565018275,220.86245391858552,215.7353297749969,218.8592071533203,59894900,1.7989898283744532,3.7065549794930153,218.76498718261718,221.53828811645508,220.54471405029298,219.15955205101753,219.77711930594515,-0.6175672549276214,0.18465516202810867,1.2230334995449876,1.1676290688183832,229.07183547488293,214.00474075802722,0.0680112446699753,48.321889813220515,31.58132923836703,48739030.0,0.023426586481220528,0.987906916741514,0.21726079973596324,-2.7775242185905213,-0.12120863847591146,1.0,0.0,0.0
2024-09-18,MSFT,428.235163297131,429.249144206207,423.7165475930165,424.1103210449219,18898000,-0.9973677180359353,1.8291176662543318,414.25010070800784,411.05408782958983,415.6212890625,416.69671717115006,413.7438784728646,2.9528386982854613,-0.06089995876970389,1.2112569555966184,1.1721481155998423,429.8875626385693,392.22061302061036,0.09163502014259128,59.85952150280136,0.12609805978531785,17283850.0,0.013045182676901839,1.0317628107879193,0.8833043081297953,0.174180984366612,0.8407515945226374,0.0,1.0,0.0
2024-09-18,TSLA,230.08999633789065,235.67999267578125,226.8800048828125,227.1999969482422,78010200,-0.2940264990135111,7.359155565707187,225.3419982910156,219.31200103759767,222.42080078125,223.97378017388633,220.36765531706985,3.6061248568164785,2.302483771163544,3.734431627260913,3.492001934060331,236.69377447642847,201.93022759876686,0.15851183115009715,54.94370937271524,16.84890715620955,79192000.0,0.03873234115832075,1.0359670053317886,0.4806404196833203,-1.5241628421408637,0.20886633855723424,0.0,0.0,1.0
2024-09-19,AAPL,223.1235418425436,227.91347512552952,222.76652771175563,226.97134399414065,66781300,3.7065549794930153,-0.29274354992747664,219.40860443115236,221.66076431274413,220.4685385131836,220.36136619611338,220.31002483840408,0.0513413577093047,0.15799240116434787,1.693629799520967,1.4484616668039765,229.47303158856144,213.84849703692683,0.07048849894602793,60.443022190186916,11.497473073667376,51755620.0,0.02267663980483262,1.0239581402593367,1.7989898283744532,0.21726079973596324,-2.7775242185905213,1.0,0.0,0.0
2024-09-19,MSFT,434.368305934069,434.6340962646663,430.1056262859268,431.8677978515625,21706600,1.8291176662543318,-0.7795953543680789,417.23297729492185,411.77027282714846,415.09517639160157,419.0307295835212,415.0863910194348,3.9443385640863653,0.74014774580151,1.2508622705595482,1.2338327318005116,432.6239273028024,390.91661835149455,0.1012878094986123,65.02152232961464,14.861890147105505,18034960.0,0.010485778289716315,1.04880761519385,-0.9973677180359353,0.8833043081297953,0.174180984366612,0.0,1.0,0.0
2024-09-19,TSLA,234.0,244.2400054931641,232.1300048828125,243.9199981689453,102694600,7.359155565707187,-2.324531900421767,226.7169982910156,220.34450073242186,222.0340005493164,227.04242909620308,222.11227330609765,4.930155790105431,2.8280181749519215,4.122918330541428,3.841335312462699,240.88286200686326,199.80613945798046,0.18642045711304062,63.56290059848401,31.642528797516214,77525960.0,0.04964742826032612,1.1069938090497329,-0.2940264990135111,0.4806404196833203,-1.5241628421408637,0.0,0.0,1.0
2024-09-20,AAPL,228.06222073119503,231.15633305592988,225.7317097608303,226.3069000244141,318679900,-0.29274354992747664,-0.7581222592918713,220.1404815673828,221.84274291992188,220.48625213623046,221.27606370815965,220.75423781514556,0.5218258930140962,0.23075909953429755,1.671537466926434,1.4360683080943832,229.9188389349922,213.76664690485154,0.07280919726083215,59.21785039928009,377.19930579368776,78781310.0,0.023970207247389956,1.0201230702692115,3.7065549794930153,1.7989898283744532,0.21726079973596324,1.0,0.0,0.0
2024-09-20,MSFT,430.42066355244185,432.4092391189892,427.4673174405253,428.5009765625,55167100,-0.7795953543680789,-0.4043409642535467,420.5377655029297,412.7409393310547,414.7287274169922,420.48769065721024,416.0800640226248,4.4076266345854265,1.4736435235582932,1.0897037544296007,1.1451131320318508,434.8389596894076,390.64291897270175,0.10707937232574044,61.33490961653732,154.14896851648808,21590720.0,0.011533046477767156,1.038183847856208,1.8291176662543318,-0.9973677180359353,0.8833043081297953,0.0,1.0,0.0
2024-09-20,TSLA,241.5200042724609,243.9900054931641,235.9199981689453,238.25,99879100,-2.324531900421767,4.931794333683115,229.46899871826173,221.7240005493164,221.97840057373048,228.7666707737103,223.30766046860893,5.459010305101373,3.354216600981812,2.8912809597326876,3.626647930546577,243.20800867216573,200.23999242646707,0.19379055104204476,59.412230323471626,-2.7416241944561826,76296170.0,0.033872013952649646,1.0745341028023163,7.359155565707187,-0.2940264990135111,0.4806404196833203,0.0,0.0,1.0
2024-09-23,AAPL,225.4539947207776,227.5464908680899,223.9366887373741,224.5912170410156,54146000,-0.7581222592918713,0.3974098449535113,220.69186553955078,221.82439422607422,220.4108139038086,221.7860872978298,221.03845849854335,0.7476287992864457,0.33413303948472717,1.706253070502734,1.4302176751189186,229.87230553125784,213.7764829208906,0.07256110251771065,56.0581015353333,-83.00928298270459,77477910.0,0.01607276623847921,1.0124730322135875,-0.29274354992747664,3.7065549794930153,1.7989898283744532,1.0,0.0,0.0
2024-09-23,MSFT,427.5263862762674,429.6724772622792,423.6968964015023,426.7683715820313,15128900,-0.4043409642535467,-1.0011408470585792,423.27355041503904,413.5639389038086,414.35022705078126,421.45394926102887,416.87179050850676,4.582158752522105,2.0953465693510553,1.1513834356495978,1.1539197823295295,436.4909941153201,390.6368836922971,0.1108755046307079,59.46635465386965,-72.57622749791089,21574100.0,0.014001929989857083,1.0319283947077744,-0.7795953543680789,1.8291176662543318,-0.9973677180359353,0.0,1.0,0.0
2024-09-23,TSLA,242.6100006103516,250.0,241.9199981689453,250.0,86927200,4.931794333683115,1.7080017089843746,232.8419982910156,223.20800018310547,222.01380065917968,232.0333368085241,225.28487080426754,6.7484660042565565,4.0330664816367605,3.0958763627205332,3.647039715672427,248.1117653753086,198.30423499090233,0.22314401967468633,64.5748056387122,-12.967577801562092,78244540.0,0.03232000732421875,1.1200315391693672,-2.324531900421767,7.359155565707187,-0.2940264990135111,0.0,0.0,1.0
2024-09-24,AAPL,226.75314473243893,227.4473497336745,223.85737047004787,225.4837646484375,43556100,0.3974098449535113,-0.439809589083362,221.4118392944336,221.83381423950195,220.2767547607422,222.35496073638484,221.36774043557256,0.9872203008122824,0.4647504917502382,1.692235674795971,1.4326379784722743,229.89925377962248,213.7683746993814,0.07271605158817418,57.333557276485934,-19.55804676245706,76674420.0,0.015921231709182936,1.0164535349195902,-0.7581222592918713,-0.29274354992747664,3.7065549794930153,1.0,0.0,0.0
2024-09-24,MSFT,426.26624401276456,426.6108070315339,419.4735546779715,422.4958190917969,17015800,-1.0011408470585792,0.6850523712103929,424.747265625,414.3357467651367,413.8782183837891,421.6142369273009,417.2883852183801,4.325851708920823,2.541447597265009,1.1428788650769464,1.1643236818780305,437.37985072434117,391.29164280593227,0.11123396491428887,55.01538308157841,12.472155939955986,21316250.0,0.016893072146618535,1.01969434785767,-0.4043409642535467,-0.7795953543680789,1.8291176662543318,0.0,1.0,0.0
2024-09-24,TSLA,254.0800018310547,257.19000244140625,249.0500030517578,254.2700042724609,88491000,1.7080017089843746,1.081521490936166,235.6519989013672,225.26100006103516,222.04640075683594,235.4543625722067,227.43191772783743,8.02244484436926,4.83094215418326,2.906290577328002,3.5327031161415485,253.27051076991094,197.25148935215938,0.2486849539093453,66.25461768892413,1.7989766149145492,79204530.0,0.032013211361439586,1.1287795233243467,4.931794333683115,-2.324531900421767,7.359155565707187,0.0,0.0,1.0
2024-09-25,AAPL,223.06400902085235,225.40443143928672,222.1615697374452,224.4920654296875,42308700,-0.439809589083362,0.5080234840044273,221.7797607421875,221.7515022277832,220.11454040527343,222.68374607381602,221.5991719166181,1.0845741571979204,0.5887152248397747,1.6815597389975943,1.4334267149903628,229.66412896249165,213.83887549307474,0.0713648084023404,55.409131420072804,-2.8638927727689167,76446580.0,0.014445328816564374,1.012358713128758,0.3974098449535113,-0.7581222592918713,-0.29274354992747664,1.0,0.0,0.0
2024-09-25,MSFT,423.14559476109406,426.3844395741606,421.9052097601472,425.39013671875,13396400,0.6850523712103929,-0.18513996228186613,425.6401672363281,415.235041809082,413.5513580322266,422.1951445875238,417.8885149591482,4.306629628375617,2.894484003487131,0.9722690844420635,1.169121488779073,438.5424836593186,391.92759995884546,0.11226143992420043,57.34455449923472,-21.27081888597656,20729200.0,0.010529698334248975,1.024456257028368,-1.0011408470585792,-0.4043409642535467,-0.7795953543680789,0.0,1.0,0.0
2024-09-25,TSLA,252.5399932861328,257.04998779296875,252.27999877929688,257.0199890136719,65034300,1.081521490936166,-1.089404681602335,238.54099731445314,227.6514991760254,222.0556005859375,238.77215125550902,229.62362671197332,9.1485245435357,5.694458632053749,2.904222939991293,3.469781112240021,257.9595302454613,197.3434681065895,0.2662669139376149,67.3290926624412,-26.50744143472218,77353100.0,0.018558825062505706,1.1290063537641721,1.7080017089843746,4.931794333683115,-2.324531900421767,0.0,0.0,1.0
2024-09-26,AAPL,225.41436171300208,226.6044036950252,223.54004142995944,225.63253784179688,36636700,0.5080234840044273,0.11867813561781126,222.25081939697264,221.80257415771484,220.09281433105468,223.13740634581308,221.89793976292765,1.2394665828854272,0.7188654964489052,1.6839146051378149,1.4296656109153916,229.80558502875894,213.79956328667075,0.07216337232726144,57.188800234579695,-13.406226142613697,76364690.0,0.013581207277889844,1.0172674447022365,-0.439809589083362,0.3974098449535113,-0.7581222592918713,1.0,0.0,0.0
2024-09-26,MSFT,428.32378449228514,428.5305103087993,422.45647860829,424.6025695800781,14492000,-0.18513996228186613,-0.7627910894673517,426.06446838378906,416.2544403076172,413.3266680908203,422.5655176633014,418.38585233847635,4.179665324825066,3.151520267754718,0.944327763761215,1.1495361669736472,439.31450823510755,393.1943723801268,0.11079794325052095,56.48748557297835,8.178316562658615,20438830.0,0.01430521653817679,1.0200553518811513,0.6850523712103929,-1.0011408470585792,-0.4043409642535467,0.0,1.0,0.0
2024-09-26,TSLA,260.6000061035156,261.75,251.52999877929688,254.22000122070312,67142200,-1.089404681602335,2.4545630573566513,240.98199768066405,230.07499923706055,222.17000061035156,241.14874355784656,231.44558037928664,9.703163178559919,6.496199541354983,2.9951164591962858,3.448502821806536,260.7583811049016,199.3916173692195,0.2667250415698237,65.05770517516359,3.2412127139063607,76877830.0,0.040201404970612635,1.1049440489566817,1.081521490936166,1.7080017089843746,4.931794333683115,0.0,0.0,1.0
2024-09-27,AAPL,226.5647695239617,227.61597365379237,225.41438891191032,225.9003143310547,34026000,0.11867813561781126,2.2871737931777103,222.7754333496094,221.7034049987793,220.16955627441405,223.56246911277333,222.1944119531593,1.3680571596140396,0.8487038290819322,1.680156765238535,1.3902526007299256,229.43364081084806,213.97316918671052,0.06973493088309882,57.61652282121574,-7.1259147248524,76090630.0,0.009745824163199895,1.0189302881130693,0.5080234840044273,-0.439809589083362,0.3974098449535113,1.0,0.0,0.0
2024-09-27,MSFT,424.8093096047705,425.1341945131492,420.82230422369577,421.3637390136719,14896100,-0.7627910894673517,0.5326767892252615,425.81146850585935,416.9878555297852,413.09910888671874,422.3806286402815,418.606436536639,3.774192103642463,3.276054634932267,0.9415548474753151,1.1678389822770996,439.6982258283581,394.27748523121227,0.10892581161491752,52.980568423585325,2.7884349986199375,20340980.0,0.010233178345024966,1.0104940310031982,-0.18513996228186613,0.6850523712103929,-1.0011408470585792,0.0,1.0,0.0
2024-09-27,TSLA,257.3800048828125,260.70001220703125,254.1199951171875,260.4599914550781,70988100,2.4545630573566513,0.4492104223754234,243.9989974975586,232.78399887084962,222.39460052490233,244.11970477280525,233.59479601453046,10.52490875827479,7.301941384738945,3.00888458322441,3.454566771529762,264.18045947765086,201.38753826404837,0.2697475836749436,67.6749264628763,5.727992231413337,78025130.0,0.02526306268031424,1.1188913014574655,-1.089404681602335,1.081521490936166,1.7080017089843746,0.0,0.0,1.0
2024-09-30,AAPL,228.1315964288997,231.06704711914065,227.7448324488812,231.06704711914065,54541900,2.2871737931777103,-2.9141443590889993,224.42959289550782,221.90174407958983,220.34705810546876,224.71701957529137,222.8516441876764,1.8653753876149608,1.052038140788538,1.4081886043498926,1.4809649326751022,230.38216753923547,213.4213206199442,0.07643404061397507,64.90279734958276,60.29477458414154,75609080.0,0.014377708598779496,1.0413034294866268,0.11867813561781126,0.5080234840044273,-0.439809589083362,1.0,0.0,0.0
2024-09-30,MSFT,421.5507517579481,423.7264049247719,418.7549211722127,423.6082458496094,16807300,0.5326767892252615,-2.233323091364725,425.70908508300784,417.6356231689453,412.98051025390623,422.56949282633195,418.97694093019237,3.5925518961395824,3.33935408717373,0.957969101689433,1.1562678879285064,440.3242251114672,394.94702122642343,0.10865261813810215,55.062651675856664,12.830203878867618,20638240.0,0.011736041026746679,1.0143010374338877,-0.7627910894673517,-0.18513996228186613,0.6850523712103929,0.0,1.0,0.0
2024-09-30,TSLA,259.0400085449219,264.8599853515625,255.7700042724609,261.6300048828125,80705700,0.4492104223754234,-1.3798172234708361,247.48399810791017,235.15999908447264,222.84320068359375,246.81359709742176,235.6714781529217,11.142118944500055,8.069976896691168,2.8659772800850796,3.4044306750433146,267.77488290030095,202.54511526864434,0.2773846227488086,68.15654240851714,13.689054926107325,80663400.0,0.0347436490825015,1.1125616852415086,2.4545630573566513,-1.089404681602335,1.081521490936166,0.0,0.0,1.0
2024-10-01,AAPL,227.6159583693189,227.74486962890148,221.88390914906276,224.3334197998047,63285000,-2.9141443590889993,0.2519671757046815,225.36378173828126,222.07231750488282,220.39682067871092,224.65800422521647,222.96140534413036,1.6965988810861177,1.180950288848054,1.8268284476461611,1.5008518492343483,230.6068253135625,213.53780969620314,0.07686241945479787,52.28686601700312,16.03006129232756,77385650.0,0.026126113911467356,1.0101818286958353,2.2871737931777103,0.11867813561781126,0.5080234840044273,1.0,0.0,0.0
2024-10-01,MSFT,421.78703621784,421.81656847562806,412.2969368087723,414.147705078125,19092900,-2.233323091364725,-0.8462217975192643,424.2855682373047,418.1893737792969,412.55812072753906,421.27383317276167,418.61921975596516,2.654613416796508,3.202405953098286,1.1240159584231448,1.1942937557796909,439.9009955276571,396.4777520309367,0.10383631488359475,45.84725971476655,13.598852879403589,20660110.0,0.02298607851771145,0.9903353146813699,0.5326767892252615,-0.7627910894673517,-0.18513996228186613,0.0,1.0,0.0
2024-10-01,TSLA,262.6700134277344,263.9800109863281,248.52999877929688,258.0199890136719,87397600,-1.3798172234708361,-3.488095932262858,250.4989974975586,237.53099822998047,222.97340057373046,248.53765739222948,237.32692340186617,11.210733990363309,8.698128315425597,2.995220422255223,3.394068572427021,269.51676386473997,205.54523259522097,0.2693186647057365,64.94150074822798,8.291731562950332,82727000.0,0.05987912900117436,1.0862581765595651,0.4492104223754234,2.4545630573566513,-1.089404681602335,0.0,0.0,1.0
2024-10-02,AAPL,224.01605029183685,225.48376819979168,221.16986421787885,224.89866638183597,32880600,0.2519671757046815,-0.4894579054056991,225.9677276611328,222.366357421875,220.43708709716796,224.6950291723887,223.10490616173817,1.5901230106505295,1.2627848332085492,1.7634754422428545,1.4843509205465346,230.86290853388414,213.86980630986585,0.07641939374749417,53.11081838432009,-48.043612230386344,74684220.0,0.019181545410272137,1.0113880039648113,-2.9141443590889993,2.2871737931777103,0.11867813561781126,1.0,0.0,0.0
2024-10-02,MSFT,416.00832438993655,416.24461251055664,410.2296152449858,410.6430969238281,16582300,-0.8462217975192643,-0.14143182575027113,422.9388458251953,418.59447326660154,412.0281011962891,419.6383352883104,418.0283958424735,1.6099394458368579,2.8839126516460007,1.1150504256459204,1.2134558503374375,439.358409106047,397.83053742715606,0.09920788335980248,42.97774470731319,-13.149390611169597,20428540.0,0.014647749616710596,0.9810045835514192,-2.233323091364725,0.5326767892252615,-0.7627910894673517,0.0,1.0,0.0
2024-10-02,TSLA,247.5500030517578,251.16000366210935,241.5,249.0200042724609,93983900,-3.488095932262858,-3.357160254966751,252.68099822998047,239.01149826049806,223.02620056152344,248.61186460457276,238.19307754042873,10.418787064144027,9.042260065169284,3.334011661681296,3.4572735496290052,270.1967273021503,207.82626921884585,0.26095170540844453,57.641369169009074,7.536019295724361,84324370.0,0.038792078934911677,1.041874579611457,-1.3798172234708361,0.4492104223754234,2.4545630573566513,0.0,0.0,1.0
2024-10-03,AAPL,223.27228007150777,224.928424248049,221.4673863197881,223.79788208007807,34044200,-0.4894579054056991,0.5007357424084979,225.65038146972657,222.52949295043945,220.5835159301758,224.55700654280244,223.15623771124484,1.400768831557599,1.2903816328783593,1.2967173320966803,1.484845527577751,231.00326444382858,214.0557214570503,0.07615863750048062,51.25453026191673,3.53886486256334,71410510.0,0.015465016451864808,1.0056998697692674,0.2519671757046815,-2.9141443590889993,2.2871737931777103,1.0,0.0,0.0
2024-10-03,MSFT,411.1353624953208,413.0254873918148,407.8473070657378,410.0623168945313,13686400,-0.14143182575027113,-0.11525705068469172,420.7582977294922,418.99563751220705,411.79994079589846,418.16510168926743,417.43831592040374,0.7267857688636923,2.452487275089539,0.8318938153164736,1.213629251789785,438.6955776726365,399.2956973517776,0.09403410630906865,42.502987609454806,-17.46380176453206,19626520.0,0.012627788784134534,0.9786792037484746,-0.8462217975192643,-2.233323091364725,0.5326767892252615,0.0,1.0,0.0
2024-10-03,TSLA,244.47999572753903,249.7899932861328,237.80999755859372,240.66000366210935,80729200,-3.357160254966751,3.914235030998836,252.35499877929686,239.53599853515624,223.51960052490233,247.3885013826553,238.37581280870137,9.012688573953938,9.036345766926214,2.717533715546601,3.420873470857443,270.44675755369167,208.6252395166208,0.25808863141711635,51.814818011853845,-14.103160222123146,82127830.0,0.04977975378226622,1.004692426749327,-3.488095932262858,-1.3798172234708361,0.4492104223754234,0.0,0.0,1.0
2024-10-04,AAPL,226.00938361911108,226.10856009308668,222.27066963907552,224.91851806640625,37245100,0.5007357424084979,-2.2530878017077094,225.51154327392578,222.8260124206543,220.77315887451172,224.61262370027995,223.28677699681236,1.3258467034675903,1.2974746469962055,1.3100715546452468,1.4756833810010441,231.19236759559607,214.45965724571255,0.07509316425003044,53.05345521894883,9.402188919111044,43267030.0,0.017063470304735148,1.0093907601855823,-0.4894579054056991,0.2519671757046815,-2.9141443590889993,1.0,0.0,0.0
2024-10-04,MSFT,411.7357819472086,413.2223089798081,408.5166457695598,409.5896911621094,19169700,-0.11525705068469172,-1.567067902947783,418.86716918945314,419.7024673461914,411.7686877441406,416.8458077620123,416.8569363086782,-0.011128546665872818,1.9597641107384565,0.83481527577355,1.14424216091867,436.67082568373615,402.7341090086466,0.08085898777215636,42.095463308766874,40.0638590133271,16026780.0,0.011488724720822805,0.975904892225138,-0.14143182575027113,-0.8462217975192643,-2.233323091364725,0.0,1.0,0.0
2024-10-04,TSLA,246.69000244140625,250.9600067138672,244.5800018310547,250.0800018310547,86573200,3.914235030998836,-3.698816351676526,253.53799896240236,241.50349884033204,224.11620056152344,247.80257837471675,239.24278977332014,8.559788601396605,8.941034333820292,2.862702536949309,2.826534642398462,269.57286936734675,213.43412831331733,0.23245518728962627,57.07949026143946,7.23901636582549,80797240.0,0.02551185555061939,1.035512955430898,-3.357160254966751,-3.488095932262858,-1.3798172234708361,0.0,0.0,1.0
2024-10-07,AAPL,222.63759275105315,223.81772316941647,219.4938922550209,219.8509063720703,39505400,-2.2530878017077094,1.8404029552998136,225.03751220703126,222.86468887329102,220.85213775634764,223.8800518036323,223.0322680616463,0.8477837419860066,1.2075364659941659,1.4743747397466724,1.5702420950728246,231.16496906330832,214.5644086832737,0.07448717185284028,44.97113450957009,6.068717764215958,41802970.0,0.019667105247580884,0.9864770748723941,0.5007357424084979,-0.4894579054056991,0.2519671757046815,1.0,0.0,0.0
2024-10-07,MSFT,409.5306729821077,410.6233966552464,402.6395318501973,403.171142578125,20919800,-1.567067902947783,1.2623842716646516,416.5074462890625,419.89049835205077,411.4740460205078,414.74201311833735,415.8431738101187,-1.101160691781331,1.3475791502344991,0.9061114675201484,1.1906577553939428,435.9722577829392,403.80873892116233,0.0765997777706555,36.91842508761456,9.129511677282377,16605870.0,0.01980266929323203,0.9601816286876116,-0.11525705068469172,-0.14143182575027113,-0.8462217975192643,0.0,1.0,0.0
2024-10-07,TSLA,249.0,249.8300018310547,240.6999969482422,240.8300018310547,68113300,-3.698816351676526,1.5238957526229946,252.62099914550782,242.73149871826172,224.53680053710937,246.72987429107644,239.36036103685603,7.369513254220408,8.626730117900316,2.6808833747644827,2.9728305621140083,268.17923709188716,217.28376034463628,0.209678088818317,51.167574170166596,-21.32288052191671,78915850.0,0.03791057930239653,0.9921662540821944,3.914235030998836,-3.357160254966751,-3.488095932262858,0.0,0.0,1.0
2024-10-08,AAPL,222.4392426471427,224.10529834651464,221.39795026893304,223.8970489501953,31855700,1.8404029552998136,1.6698473835193406,224.87884063720702,223.1453399658203,221.0064926147461,223.88266674925737,223.0963259052425,0.7863408440148589,1.1232973415983045,1.6045606325750759,1.6178568795050354,231.16843292085724,215.12224701078338,0.07190912394823791,51.34460454963378,-19.3636819270277,40632930.0,0.012091932833754475,1.0033686967627922,-2.2530878017077094,0.5007357424084979,-0.4894579054056991,1.0,0.0,0.0
2024-10-08,MSFT,404.5099645290717,409.19594995144206,401.82243880752753,408.2607116699219,19229300,1.2623842716646516,0.6631092040170428,415.083935546875,419.9156005859375,411.25250061035155,413.74488981858116,415.2815099478819,-1.5366201293007293,0.7707392943274534,1.055101375404898,1.1289291891680793,435.91900278376863,403.9121983881064,0.07622199401737138,42.91367171038495,-8.080861193701661,16827220.0,0.01806079040462752,0.9722446870281725,-1.567067902947783,-0.11525705068469172,-0.14143182575027113,0.0,1.0,0.0
2024-10-08,TSLA,243.55999755859372,246.2100067138672,240.55999755859372,244.5,56303200,1.5238957526229946,-1.4110416966225725,251.6439987182617,243.64799880981445,224.78480041503906,246.3868167078339,239.74107503412597,6.645741673707931,8.230532429061839,2.665841866349116,2.8318151860097185,267.8753645573649,219.42063306226402,0.19887186322808023,53.237043226030465,-17.338904443038295,75697070.0,0.02310842190295896,1.0034968528136798,-3.698816351676526,3.914235030998836,-3.357160254966751,0.0,0.0,1.0
2024-10-09,AAPL,223.36154504729691,227.8440525155232,222.96486939830248,227.6357879638672,33591100,1.6698473835193406,-0.21783926481357963,225.193212890625,223.48648681640626,221.22452819824218,224.4600700130435,223.4325823540295,1.0274876590139854,1.1041354050814407,1.6855649325123252,1.6387147191242577,231.6705996987307,215.3023739340818,0.07324033769475906,56.37279200975535,5.447690680160844,39761170.0,0.02143416534308391,1.018566228350395,1.8404029552998136,-2.2530878017077094,0.5007357424084979,1.0,0.0,0.0
2024-10-09,MSFT,409.3928021729279,413.8425293093592,407.8570646785986,410.9679260253906,14974300,0.6631092040170428,-0.38805646296536933,413.64171447753904,419.6409408569336,411.15997924804685,413.3176646196288,414.96198521288255,-1.6443205932537808,0.28772731681120656,1.0527595757759467,1.0266879550090033,436.07669058170393,403.20519113216324,0.07833244149728336,45.86108081203265,-22.127690555558445,16985010.0,0.014564310866417327,0.9793322958102417,1.2623842716646516,-1.567067902947783,-0.11525705068469172,0.0,1.0,0.0
2024-10-09,TSLA,243.82000732421875,247.42999267578125,239.50999450683597,241.0500030517578,66289500,-1.4110416966225725,-0.9458613360014523,250.0470001220703,244.29399871826172,225.15340057373047,245.56576845305295,239.83803266506166,5.727735787991293,7.7299731008477295,2.632507963656905,2.8589143074240315,267.44421786633274,221.14377957019067,0.1895275305126886,51.04697233381489,17.736647295357997,75822590.0,0.03285624587710425,0.9867209359070457,1.5238957526229946,-3.698816351676526,3.914235030998836,0.0,0.0,1.0
2024-10-10,AAPL,225.8903660776275,227.5960983960084,225.2854259515482,227.1399078369141,28183500,-0.21783926481357963,-0.6505376484943093,225.3439498901367,223.7973846435547,221.36766510009767,224.87235275517742,223.7071990564654,1.165153698712004,1.1163390638075534,1.6841589752253328,1.6407953076960773,232.0434821060434,215.551287181066,0.07369252751208316,55.55277576666555,-16.09831175519706,38915850.0,0.010172903856768481,1.0149354881813435,1.6698473835193406,1.8404029552998136,-2.2530878017077094,1.0,0.0,0.0
2024-10-10,MSFT,408.7726391492543,410.859665558973,406.7249690560659,409.3731384277344,13848400,-0.38805646296536933,0.11543617616940338,412.1187713623047,419.09161987304685,411.12537841796876,412.7108144362604,414.54799656213083,-1.837182125870413,-0.1372545717251174,1.0514126132485762,1.0013638696761784,436.14887431325826,402.03436543283544,0.08140107619130381,44.40655873550695,-7.51888235176269,16920650.0,0.010100067920399209,0.9768106042104673,0.6631092040170428,1.2623842716646516,-1.567067902947783,0.0,1.0,0.0
2024-10-10,TSLA,241.80999755859372,242.7899932861328,232.33999633789065,238.7700042724609,83087100,-0.9458613360014523,-8.782510719719294,248.5020004272461,244.74199905395508,225.2874005126953,244.5202662714234,239.75891945079493,4.761346820628461,7.136247844803877,2.6299829481935997,2.870557880145252,267.04325797709777,222.44074013081237,0.18224300699796303,49.594920785857624,25.339759690448705,77417080.0,0.043765953684524156,0.9755988150600273,-1.4110416966225725,1.5238957526229946,-3.698816351676526,0.0,0.0,1.0
2024-10-11,AAPL,227.39775944467095,227.5068475039757,225.4540126967509,225.6622772216797,31759200,-0.6505376484943093,1.647994797215202,225.3201461791992,224.04778976440429,221.5549475097656,224.99387959617775,223.85201966129608,1.1418599348816656,1.121443238022376,1.6996621373198182,1.6496734120075793,232.19557070492564,215.90000882388293,0.07273252683357505,53.07524651653227,12.687210601947951,38689170.0,0.009096933845120213,1.007205995912627,-0.21783926481357963,1.6698473835193406,1.8404029552998136,1.0,0.0,0.0
2024-10-11,MSFT,409.6685095636407,410.6431041941081,406.8234383088548,409.845703125,14144900,0.11543617616940338,0.6773655410525103,410.9669677734375,418.38921813964845,411.1246002197266,412.2700280806819,414.19967852975077,-1.9296504490688449,-0.4957337471938629,1.050670719873603,0.9772943636941985,435.7677980527083,401.0106382265886,0.0830737464523252,44.963576878525025,2.141041564368451,16845530.0,0.009319765599905118,0.9795799828383799,-0.38805646296536933,0.6631092040170428,1.2623842716646516,0.0,1.0,0.0
2024-10-11,TSLA,220.1300048828125,223.33999633789065,214.3800048828125,217.8000030517578,142628900,-8.782510719719294,0.6244263504570968,244.23600158691406,244.11749954223632,225.30620056152344,240.409456545321,238.13233305086624,2.27712349445477,6.164422974734055,3.454217697019296,3.5074633047395913,268.70506548611814,219.52993359835452,0.20144042102666027,38.69319679516483,71.66190660162648,84581160.0,0.04113861951117103,0.892193322724391,-0.9458613360014523,-1.4110416966225725,1.5238957526229946,0.0,0.0,1.0
2024-10-14,AAPL,226.80274288926017,229.8076053434174,226.70358155060512,229.3811798095703,39882100,1.647994797215202,1.1024681153949167,225.15155944824218,224.790576171875,221.78689086914062,225.66884885977657,224.26158707968676,1.4072617800898115,1.178606946435863,1.6140609211985082,1.532472350450718,231.92935951462172,217.65179282912825,0.06351496992728393,58.135710694564615,25.576525857074483,37223190.0,0.013532164214122584,1.0204216907838046,-0.6505376484943093,-0.21783926481357963,1.6698473835193406,1.0,0.0,0.0
2024-10-14,MSFT,411.2731366880873,417.4456494762865,411.0270245046469,412.6218566894531,16653100,0.6773655410525103,-0.09544558518128632,409.8683288574219,417.78870697021483,411.348759765625,412.32415555895443,414.08280283787684,-1.7586472789224104,-0.7483164535395724,1.0638928676901602,0.9928076493832801,435.0888335206885,400.48858041974114,0.08281758822986596,48.244309127891405,17.732186158968965,16830110.0,0.01555570764752392,0.9876328627496146,0.11543617616940338,-0.38805646296536933,0.6631092040170428,0.0,1.0,0.0
2024-10-14,TSLA,220.1300048828125,221.91000366210935,213.7400054931641,219.16000366210935,86291900,0.6244263504570968,0.18707960177877236,239.98900146484374,243.73649978637695,225.53600067138672,237.14030994790383,236.72697531836573,0.41333462953809885,5.014205305694865,3.466851400884998,3.4982961325623356,269.65535838326014,217.81764118949374,0.21267933706769238,39.620186854667814,-39.49900756438562,85139780.0,0.0372786915149964,0.8991677645908278,-8.782510719719294,-0.9458613360014523,-1.4110416966225725,0.0,0.0,1.0
2024-10-15,AAPL,231.67201972311165,235.51983687729248,230.44230106244424,231.9100341796875,64751400,1.1024681153949167,-0.8851820211210892,225.90922088623046,225.63650131225586,222.27921142578126,226.62903121668595,224.82813871672386,1.8008924999620888,1.3030640571411083,1.293142188889852,1.5413020176852388,231.8336856923394,219.43931693217232,0.054930690238875195,61.19989547816082,62.357047397203246,37369830.0,0.02189442053600009,1.0278037145184669,1.647994797215202,-0.6505376484943093,-0.21783926481357963,1.0,0.0,0.0
2024-10-15,MSFT,415.61453317923247,415.9098858066577,408.8021651923356,412.22802734375,18900200,-0.09544558518128632,-0.6256714595205382,409.6763610839844,416.98096466064453,411.82722106933596,412.30936660276916,413.9454120605341,-1.6360454577649648,-0.9258622543846509,0.8063165071298325,0.9634702581438583,433.6970718540105,400.26485746727855,0.0801768359232907,47.80891879637452,13.49358377719463,16810840.0,0.01724220611616755,0.9886015484645381,0.6773655410525103,0.11543617616940338,-0.38805646296536933,0.0,1.0,0.0
2024-10-15,TSLA,220.00999450683597,224.25999450683597,217.1199951171875,219.57000732421875,62988800,0.18707960177877236,0.8015641700267029,236.14400329589844,243.3215003967285,225.94980072021485,234.4371864673369,235.45608880028075,-1.018902332943867,3.807583777967118,3.5179665444309953,3.496293116865975,270.5430794712433,216.09992132221373,0.22374988671474408,39.91514793713291,-27.004968021332243,82698900.0,0.03251809970159307,0.9023863775548661,0.6244263504570968,-8.782510719719294,-0.9458613360014523,0.0,0.0,1.0
2024-10-16,AAPL,229.6787087516564,230.19438406287304,227.9332995992129,229.85720825195312,34082200,-0.8851820211210892,0.15961978560430357,226.4050750732422,226.1864013671875,222.7708905029297,227.1256738374963,225.20066238600012,1.9250114514961751,1.4274535360121217,1.3504948875133973,1.5290368019717968,231.77321002573598,220.59959270863902,0.04940004018613779,57.51946153101891,-47.36453574748963,37489990.0,0.009836909100460813,1.0162291228056919,1.1024681153949167,1.647994797215202,-0.6505376484943093,1.0,0.0,0.0
2024-10-16,MSFT,408.7136258843136,409.8850923292836,404.0965585595149,409.6488342285156,15508900,-0.6256714595205382,0.14418879666087125,409.5769348144531,416.25789031982424,412.1664422607422,411.9000539298071,413.62714703594014,-1.7270931061330543,-1.0861084247343316,0.7846458539694843,0.9505261747288802,432.9265487304503,399.5892319091982,0.08008813189255819,44.94801238339525,-17.9431963682924,16703500.0,0.014130477829065869,0.9841226887345471,-0.09544558518128632,0.6773655410525103,0.11543617616940338,0.0,1.0,0.0
2024-10-16,TSLA,221.3999938964844,222.82000732421875,218.92999267578125,221.3300018310547,49632800,0.8015641700267029,-0.1987992760882462,233.3750030517578,243.02800064086915,226.36360076904296,232.4206965232935,234.4097119877455,-1.9890154644520237,2.64826392948329,3.5160199201307614,3.5021142227706434,271.09490768856307,214.96109359317524,0.23097673497441434,41.24207682996652,-21.203769559032715,78263790.0,0.01757563193537052,0.9107181116883797,0.18707960177877236,0.6244263504570968,-8.782510719719294,0.0,0.0,1.0
2024-10-17,AAPL,231.4934859003546,231.91001494787184,228.6076384062416,230.2241058349609,32993800,0.15961978560430357,1.2276604263516955,227.04769744873047,226.34903945922852,223.21859619140625,227.60235568326007,225.57276930814535,2.029586375114718,1.547880103832641,1.327664211412403,1.2957156934310703,232.21449491605665,220.4835840024004,0.051826643230661065,58.00555258480078,-3.1934558215138686,37384950.0,0.014344182289918864,1.0171198710848977,-0.8851820211210892,1.1024681153949167,1.647994797215202,1.0,0.0,0.0
2024-10-17,MSFT,415.7917775196676,415.92961477123424,409.12707001088165,410.239501953125,14820000,0.14418879666087125,0.3455399826582939,409.5946533203125,415.17647552490234,412.54066772460936,411.6445843949329,413.37621036313897,-1.7316259682060604,-1.2152119334286775,0.7849920325818306,0.8312991227550941,430.31737481653954,400.03557623326515,0.07293717339112121,45.748674255717404,-4.441965581053465,16816860.0,0.01658188625904159,0.9881087348084074,-0.6256714595205382,-0.09544558518128632,0.6773655410525103,0.0,1.0,0.0
2024-10-17,TSLA,221.58999633789065,222.0800018310547,217.8999938964844,220.88999938964844,50791800,-0.1987992760882462,-0.08601676940163117,231.39800262451172,241.8765007019043,226.94620086669923,230.64674311811734,233.4082517952939,-2.7615086771765505,1.5663094081513218,3.433050329730156,3.034605607380381,271.62843981936686,212.1245615844417,0.24600933973432787,40.99830862906449,2.3351493367289367,75270050.0,0.01892348203232496,0.9132346414333147,0.8015641700267029,0.18707960177877236,0.6244263504570968,0.0,0.0,1.0
2024-10-18,AAPL,234.2206797118992,234.2206797118992,232.0686835146529,233.05047607421875,46431500,1.2276604263516955,0.6297961474468261,227.86089324951172,226.68621826171875,223.65368865966798,228.44052805109988,226.1266735130397,2.313854538060184,1.7010749906781497,1.3599055992130293,1.3171706848696776,233.2724979835416,220.0999385398959,0.058109220510430076,61.6464011894699,40.727954949111655,38303590.0,0.00923403476146936,1.028075186313939,0.15961978560430357,-0.8851820211210892,1.1024681153949167,1.0,0.0,0.0
2024-10-18,MSFT,410.6529166681237,413.1238623045801,409.7865970653071,411.6570434570313,17145300,0.3455399826582939,0.1482744167212946,409.8013885498047,414.3342788696289,412.85952026367187,411.64650117371724,413.24886466639026,-1.602363492673021,-1.2926422452775463,0.790516760527556,0.8318764565204042,428.1722937790919,400.49626396016595,0.06679637971164402,47.7140185176512,15.690283400809712,16614420.0,0.008106906689236177,0.9935384650772764,0.14418879666087125,-0.6256714595205382,-0.09544558518128632,0.0,1.0,0.0
2024-10-18,TSLA,220.7100067138672,222.27999877929688,219.22999572753903,220.6999969482422,49611900,-0.08601676940163117,-0.8382378207102748,228.46000213623046,240.9990005493164,227.38340087890626,229.1164744765981,232.46689958440118,-3.350425107803062,0.582962504960445,3.032589793703314,3.00294419185503,272.20118539004363,209.79681570858918,0.25894036713519253,40.88592601181375,-2.323012769777799,71573920.0,0.013819678721939978,0.9157714199859498,-0.1987992760882462,0.8015641700267029,0.18707960177877236,0.0,0.0,1.0
2024-10-21,AAPL,232.5050605584077,234.8851598599691,232.5050605584077,234.51821899414065,36254500,0.6297961474468261,-0.2621770316654226,229.32762451171874,227.182568359375,224.0600894165039,229.3755574269523,226.74826947460272,2.627287952349576,1.886317583012435,1.0018710108251223,1.303005218228327,234.55355800507726,219.81157871367276,0.0648904508733456,63.42001825846734,-21.918309768153087,37978500.0,0.010148888695171495,1.032289672080657,1.2276604263516955,0.15961978560430357,-0.8851820211210892,1.0,0.0,0.0
2024-10-21,MSFT,409.6487883889798,412.4446190928575,407.3156497759933,412.2674255371094,14206100,0.1482744167212946,2.0846344548399287,410.7110168457031,413.60923156738284,413.12513610839846,411.7420279988545,413.1761654716287,-1.4341374727741822,-1.3209412907768736,0.5491262225225902,0.8338027266969388,426.1642219220008,401.05424121276485,0.06070943004362125,48.577850308007434,-17.142890471441152,15943050.0,0.012440879388377896,0.9967558605372789,0.3455399826582939,0.14418879666087125,-0.6256714595205382,0.0,1.0,0.0
2024-10-21,TSLA,218.8999938964844,220.47999572753903,215.72999572753903,218.8500061035156,47329000,-0.8382378207102748,-0.4021041161845984,226.26200256347656,239.44150085449215,227.76040100097657,227.53701780381618,231.45824080803928,-3.921223004223094,-0.31787459687626285,2.902679639002633,2.735246871560386,271.8388089536055,207.0441927553788,0.27060729224881613,39.74358614248329,-4.601516974758068,69495490.0,0.02170436311412877,0.9140019809536278,-0.08601676940163117,-0.1987992760882462,0.8015641700267029,0.0,0.0,1.0
2024-10-22,AAPL,231.949707496782,234.2603802258017,230.67041566655348,233.9033660888672,38846600,-0.2621770316654226,-2.1623069495771197,230.32825622558593,227.6035484313965,224.42364868164063,230.0721433749392,227.2782766312149,2.793866743724294,2.067827415154807,0.9437998003928161,1.306742570148545,235.50842065777022,219.69867620502276,0.06946176613548173,62.12397676492551,7.149733136576142,38677590.0,0.015348067106842217,1.0276789079119721,0.6297961474468261,1.2276604263516955,0.15961978560430357,1.0,0.0,0.0
2024-10-22,MSFT,411.9819473916582,423.88392916296095,411.538963480364,420.8616943359375,25482200,2.0846344548399287,-0.6806931231525759,411.9711151123047,413.5275253295898,413.54710876464844,413.14505358917495,413.74546390602194,-0.6004103168469896,-1.1768350959908969,0.7474990843468292,0.9492917724745645,425.8582761797882,401.1967744793914,0.059636904897058744,58.879260401027416,79.37505719374072,16568340.0,0.02933259512267006,1.0177356247338123,0.1482744167212946,0.3455399826582939,0.14418879666087125,0.0,1.0,0.0
2024-10-22,TSLA,217.30999755859372,218.22000122070312,215.25999450683597,217.97000122070312,43268700,-0.4021041161845984,-1.9819274670942244,223.60900268554687,237.62650070190426,228.17000091552734,226.06516909872187,230.45911194971808,-4.393942850996211,-1.1330882477002526,2.7845462557525895,2.680607694799653,270.5883214843804,204.6646799194281,0.27742546126053363,39.182774696017766,-8.578883982336416,68192040.0,0.013579881163876477,0.9172798512660014,-0.8382378207102748,-0.08601676940163117,-0.1987992760882462,0.0,0.0,1.0
2024-10-23,AAPL,232.13812257917172,233.18932661738796,225.87054472777703,228.8456573486328,52287000,-2.1623069495771197,-0.08233301410510707,230.4492431640625,227.82122802734375,224.61187438964845,229.8834532170459,227.3943789065792,2.4890743104667195,2.1520767942171894,1.1462185420601987,1.4037134874196646,235.60416609130158,220.03828996338592,0.06832495927924415,52.601351101557526,34.598652134292315,40547180.0,0.03198130117217475,1.0044966368154513,-0.2621770316654226,0.6297961474468261,1.2276604263516955,1.0,0.0,0.0
2024-10-23,MSFT,424.1595460644349,424.37612597688815,415.9591017360249,417.9969177246094,19654400,-0.6806931231525759,0.030620015896998254,412.67401428222655,413.1578643798828,413.77028198242186,413.8914942253956,414.06038641110246,-0.16889218570685216,-0.9752465139340879,0.7955968718733556,0.9453909042224187,424.38514472330564,401.93058403646,0.05434862221622758,54.92909394642656,-22.870081861063806,17036350.0,0.020136570113200435,1.0117123592745587,2.0846344548399287,0.1482744167212946,0.3455399826582939,0.0,1.0,0.0
2024-10-23,TSLA,217.1300048828125,218.72000122070312,212.1100006103516,213.6499938964844,80938900,-1.9819274670942244,21.919035070290406,220.86900177001954,235.45800094604493,228.28640075683595,224.15514214453148,229.213992093923,-5.058849949391515,-1.9182405880385052,2.7973371943525547,2.658960000182884,268.75255686273243,202.16344502935743,0.28280674925390986,36.462688949615725,87.06108572709603,69656980.0,0.03093845447781359,0.9073804799075066,-0.4021041161845984,-0.8382378207102748,-0.08601676940163117,0.0,0.0,1.0
2024-10-24,AAPL,228.07212485007065,228.90516786821388,226.51515714412932,228.65724182128903,31109500,-0.08233301410510707,0.36431081939669596,230.6009765625,227.97246322631835,224.78740600585937,229.6948053100064,227.48792430766883,2.2068810023375534,2.1630376358412624,1.1433802231770518,1.4010076831451332,235.69363311227877,220.25129334035793,0.06773774145077578,52.27985228887642,-40.502419339415155,40839780.0,0.010452372752543368,1.0030037776724414,-2.1623069495771197,-0.2621770316654226,0.6297961474468261,1.0,0.0,0.0
2024-10-24,MSFT,418.7155536346828,419.3554693260351,415.83112614516494,418.1249084472656,13581600,0.030620015896998254,0.8052117210589405,413.5491912841797,412.8339813232422,413.9400018310547,414.5427887210679,414.3614621174849,0.18132660358298835,-0.7439318904306726,0.7735271931446257,0.9453995587994848,422.9941554673357,402.6738071791487,0.04922159804542957,55.07411202032044,-30.897915988277436,17009670.0,0.008428924251267537,1.0128161134097164,-0.6806931231525759,2.0846344548399287,0.1482744167212946,0.0,1.0,0.0
2024-10-24,TSLA,244.67999267578125,262.1199951171875,242.6499938964844,260.4800109863281,204491900,21.919035070290406,3.343823359841336,223.04000244140624,235.77100143432617,229.46840087890624,229.74358350480787,231.52999349336042,-1.786409988552549,-1.8918744681413142,7.823354573822443,5.748478997718442,269.91507497744874,201.62692789120362,0.2896376003444458,64.90472107558367,152.64971478485623,81797460.0,0.07474662315537534,1.1048008847639588,-1.9819274670942244,-0.4021041161845984,-0.8382378207102748,0.0,0.0,1.0
2024-10-25,AAPL,227.8341207497304,231.2852470135028,227.665532857223,229.49026489257807,38802300,0.36431081939669596,0.8599473639207655,230.98377532958983,228.15196075439454,224.9200961303711,229.66333755347898,227.63624583247693,2.0270917210020514,2.1358484528734203,1.1168031188032623,1.4024777077559245,235.8371308828349,220.46679062595416,0.0673688720713074,53.6292851683335,24.72813770713127,41544090.0,0.015772844037520054,1.0058658454380947,-0.08233301410510707,-2.1623069495771197,-0.2621770316654226,1.0,0.0,0.0
2024-10-25,MSFT,420.1233311665373,425.7937351729216,419.9362835126177,421.49169921875,16899100,0.8052117210589405,-0.36435013293327767,414.7137908935547,412.8403793334961,414.08018798828124,415.6118518745575,414.8896278286897,0.7222240458677902,-0.4507007031709801,0.794197715884687,0.9501535014447083,423.0233052158068,402.65745345118546,0.04933105573999484,58.82696099780901,24.426429875714195,17285090.0,0.013896956146849068,1.0209556049222241,0.030620015896998254,-0.6806931231525759,2.0846344548399287,0.0,1.0,0.0
2024-10-25,TSLA,256.010009765625,269.489990234375,255.32000732421875,269.19000244140625,161611900,3.343823359841336,-2.4815158866218545,228.1790023803711,236.20750198364257,230.5694009399414,235.81226334120763,234.31962378580823,1.4926395553993927,-1.2149716634331729,7.015234765428794,5.769704501717844,271.86997554232187,200.54502842496328,0.3019588561683272,67.79251806534273,-20.96904571770324,83695760.0,0.05263933571693691,1.1396335856430493,21.919035070290406,-1.9819274670942244,-0.4021041161845984,0.0,0.0,1.0
2024-10-28,AAPL,231.38443735420992,232.78272881287967,230.62082086290687,231.46376037597656,36087100,0.8599473639207655,0.11568829989752061,231.19203338623046,228.17179641723632,225.06587707519532,229.94032568001708,227.91976542829173,2.0205602517253567,2.1127908126438077,1.025290237047068,1.3184983528323622,235.8906204166858,220.45297241778684,0.06765800261601829,56.7496335858469,-6.997523342688449,41164590.0,0.009340157381272645,1.0144275673436893,0.36431081939669596,-0.08233301410510707,-2.1623069495771197,1.0,0.0,0.0
2024-10-28,MSFT,424.9471560845272,425.222800536086,419.6704950994104,419.95599365234375,14882400,-0.36435013293327767,1.2564676794429186,415.44720458984375,412.6577667236328,414.2400634765625,416.28018137883225,415.26491418599744,1.0152671928348127,-0.15750712396982153,0.8050265350129866,0.9451328352746166,422.1341081591529,403.1814252881127,0.04592833189962303,56.50821836848427,-11.933771620973898,17108020.0,0.01322116012296289,1.0176859071056785,0.8052117210589405,0.030620015896998254,-0.6806931231525759,0.0,1.0,0.0
2024-10-28,TSLA,270.0,273.5400085449219,262.239990234375,262.510009765625,107653600,-2.4815158866218545,-1.139012091242797,232.51400299072264,236.2515022277832,231.49720123291016,239.91960894496412,236.40780052505391,3.51180841991021,-0.26961564676449634,7.166600385756559,5.803093312282029,272.04796379378564,200.45504066178074,0.3030369011705931,63.47844793033883,-33.387578513710935,85831930.0,0.043046047351244975,1.111146415113689,3.343823359841336,21.919035070290406,-1.9819274670942244,0.0,0.0,1.0
2024-10-29,AAPL,231.1662732954221,232.38606532055925,230.39274516902225,231.7315368652344,35417200,0.11568829989752061,-1.5278046835276005,231.17418365478517,228.5417022705078,225.22018676757813,230.21589663158898,228.20211886806527,2.0137777635237057,2.0929882028197873,0.9631775625431158,1.1236725394853952,236.19481541598404,220.8885891250316,0.0669734500919907,57.170767849667264,-1.8563420169534273,38231170.0,0.008601850997502509,1.013957341540018,0.8599473639207655,0.36431081939669596,-0.08233301410510707,1.0,0.0,0.0
2024-10-29,MSFT,421.3440208086144,426.4336335312221,419.17822176857095,425.2326049804688,17644100,1.2564676794429186,0.13427565996377844,416.74766235351564,413.21201171875,414.4452227783203,417.65747731754556,416.0032616522546,1.6542156652909625,0.2048374338823353,0.865051985278278,0.8343531760805535,424.2270049825297,402.19701845497025,0.05331400323026917,62.0441051382253,18.55681879266784,16982410.0,0.017062218836639727,1.0290906191514602,-0.36435013293327767,0.8052117210589405,0.030620015896998254,0.0,1.0,0.0
2024-10-29,TSLA,264.510009765625,264.9800109863281,255.50999450683597,259.5199890136719,80521800,-1.139012091242797,-0.7590942139718337,236.50900115966797,236.3265022277832,232.23320098876954,242.93505203245763,238.11981448717378,4.81523754528385,0.7473549916451729,7.216509163437842,5.799972536659142,272.3207403585775,200.33226409698892,0.30461448708872485,61.58918335706718,-25.202872918323216,87585230.0,0.036490508941079164,1.0981417088953216,-2.4815158866218545,3.343823359841336,21.919035070290406,0.0,0.0,1.0
2024-10-30,AAPL,230.68030356750916,231.5331697441292,227.64569128136463,228.19113159179688,47070900,-1.5278046835276005,-1.8209484702302325,231.00757598876953,228.70632553100586,225.29139099121093,229.9043943177748,228.2013049957491,1.7030893220257042,2.015008426660971,1.046382520260228,1.1854783868860765,236.16875552665203,221.24389553535968,0.06525774902220174,50.209590694072084,32.90406920931073,39530040.0,0.017036062863822143,0.9977473559683457,0.11568829989752061,0.8599473639207655,0.36431081939669596,1.0,0.0,0.0
2024-10-30,MSFT,430.6372355196224,431.6807487231308,425.3802831426112,425.8035888671875,29749100,0.13427565996377844,-6.052757266462228,418.36313781738284,413.970036315918,414.5974188232422,418.9107252482597,416.7292118163237,2.1815134319360254,0.6001726334930734,0.8045536448124865,0.8018074550385129,426.2541666852286,401.68590594660736,0.05934792034047643,62.59888159089846,68.60650302367364,18406430.0,0.014796647433812076,1.0285855291764132,1.2564676794429186,-0.36435013293327767,0.8052117210589405,0.0,1.0,0.0
2024-10-30,TSLA,258.0400085449219,263.3500061035156,255.82000732421875,257.54998779296875,53993600,-0.7590942139718337,-2.9897037679701866,240.13099975585936,236.75300140380858,232.96220062255858,245.18350368792088,239.55908658389933,5.624417104021546,1.7227674141204476,7.2594993093497715,5.741057243027241,273.57319870126435,199.93280410635282,0.31104313000581413,60.315468648090615,-32.945363864195784,88021310.0,0.029237037997259994,1.0878425458847238,-1.139012091242797,-2.4815158866218545,3.343823359841336,0.0,0.0,1.0
2024-10-31,AAPL,227.4374266507156,227.9233671329233,223.5003599556127,224.035888671875,64370100,-1.8209484702302325,-1.3279558350614784,230.38875427246094,228.7182258605957,225.28167236328125,229.0015472953287,227.89275563842511,1.108791656903577,1.8337650727094923,1.1777545043652844,1.2544839337554374,236.14838733545653,221.28806438573488,0.06497218528959318,43.51297253336033,36.7513686800125,42667670.0,0.019742404681370302,0.9795279227481652,-1.5278046835276005,0.11568829989752061,0.8599473639207655,1.0,0.0,0.0
2024-10-31,MSFT,408.9005934690843,409.6881704469,399.9814907408766,400.0307312011719,53971000,-6.052757266462228,0.9892886189545314,417.3422607421875,413.46845703125,414.2471514892578,416.006110779477,415.49228732631246,0.513823453164548,0.5829027974273684,2.1969527051993123,1.6102417551239379,427.1626867061558,399.7742273563442,0.06624074674635107,36.59689848365736,81.42061440514168,22321530.0,0.0242648350462405,0.9674999976381209,0.13427565996377844,1.2564676794429186,-0.36435013293327767,0.0,1.0,0.0
2024-10-31,TSLA,257.989990234375,259.75,249.25,249.8500061035156,66575300,-2.9897037679701866,-0.3482130697311736,243.0270004272461,237.21250152587885,233.4938006591797,245.9014271364739,240.32137691868573,5.58005021778817,2.494223974853992,7.394606894663424,5.729274235537297,274.4648330560941,199.9601699956636,0.3140840494542923,55.48538959476697,23.3022061874,89599660.0,0.04202521410245527,1.053275036080921,-0.7590942139718337,-1.139012091242797,-2.4815158866218545,0.0,0.0,1.0
2024-11-01,AAPL,219.13688241025088,223.4805517303345,218.4426924836225,221.060791015625,65276700,-1.3279558350614784,-0.4037704383935359,229.18978576660157,228.52533950805665,225.24954162597658,227.7798924830666,227.38668418488436,0.39320829818223046,1.54565371780404,1.0918129252475026,1.2833602021324142,236.54753370863133,220.50314530748196,0.07020835604352633,39.455412666368574,1.4084178834583128,44552190.0,0.0227894744407927,0.9673360139908315,-1.8209484702302325,-1.5278046835276005,0.11568829989752061,1.0,0.0,0.0
2024-11-01,MSFT,402.64935394726,409.0384161036912,401.162826864631,403.9881896972656,24230400,0.9892886189545314,-0.465436888143389,416.57537536621095,413.1883819580078,414.1451623535156,414.15719984375215,414.64013194638306,-0.4829321026309117,0.36973581741571243,2.224920920495561,1.6289244980373383,427.4346258099389,398.94213810607675,0.06895762065923194,40.671996933497034,-55.104778492153194,23030040.0,0.01949460266390932,0.9777336617812328,-6.052757266462228,0.13427565996377844,1.2564676794429186,0.0,1.0,0.0
2024-11-01,TSLA,252.0399932861328,254.0,246.6300048828125,248.97999572753903,57544800,-0.3482130697311736,-2.4660613282231014,245.8550003051758,237.15750122070307,234.26020050048828,246.37505307356082,240.96275608971192,5.412296983848904,3.0778385766529746,7.401153952297255,5.667876437588904,274.3330104936444,199.98199194776174,0.3135090316063427,54.949947834404455,-13.56433992787115,90392950.0,0.029600752042957496,1.0498508141044787,-2.9897037679701866,-0.7590942139718337,-1.139012091242797,0.0,0.0,1.0
2024-11-04,AAPL,219.15668564471403,220.94174084677013,217.8873056586193,220.168212890625,44944500,-0.4037704383935359,0.6486337461701908,227.75478515625,228.54120483398438,225.1537420654297,226.60886485346018,226.8519826075318,-0.24311775407161917,1.1878994234289082,1.0170929222535245,1.180982538858798,236.4921046825416,220.59030498542717,0.06957957410203434,38.30145170889553,-31.1477142686441,45421190.0,0.013873188813446923,0.9633633158211377,-1.3279558350614784,-1.8209484702302325,-1.5278046835276005,1.0,0.0,0.0
2024-11-04,MSFT,403.4270371998159,404.0374205874987,399.26283871579096,402.1078796386719,19672300,-0.465436888143389,0.7344794289674272,415.5594207763672,413.13521881103514,413.98115234375,412.3034582737398,413.7118169606267,-1.4083586868869133,0.01411691655518732,2.22378642409896,1.5933717104122442,427.54584627772215,398.72459134434814,0.06976228029244011,39.377002102573385,-18.811493000528255,23576660.0,0.011873882889333274,0.9733081599673372,0.9892886189545314,-6.052757266462228,0.13427565996377844,0.0,1.0,0.0
2024-11-04,TSLA,244.55999755859372,248.8999938964844,238.8800048828125,242.83999633789065,68802400,-2.4660613282231014,3.541429020427689,248.25399932861328,237.2580009460449,234.71060028076172,245.83119819115004,241.10181092291035,4.729387268239691,3.408148314970318,7.47418247346993,5.63077906001342,274.4861434197874,200.02985847230235,0.3138199118706107,51.19511423354679,19.563192503927375,92540290.0,0.04126169150377503,1.0235271112863973,-0.3482130697311736,-2.9897037679701866,-0.7590942139718337,0.0,0.0,1.0
2024-11-05,AAPL,219.9599923572388,222.09215031274817,219.3054639601429,221.59629821777344,28111300,0.6486337461701908,-0.3266853892932575,226.52407836914062,228.4261672973633,225.0797607421875,225.8377007556622,226.46267265273488,-0.624971897072669,0.8253251593285927,1.0912461865761534,1.1120228174676172,236.71920446872844,220.13313012599815,0.07261022035684148,41.261507670250666,-37.453303518784274,44347660.0,0.0125755094964026,0.9701003209903759,-0.4037704383935359,-1.3279558350614784,-1.8209484702302325,1.0,0.0,0.0
2024-11-05,MSFT,402.0193362267301,408.4477854424002,401.7338376736444,405.061279296875,17626000,0.7344794289674272,2.119279610832425,413.97937927246096,412.9752471923828,413.9411846923828,411.18927689268367,413.0710363929414,-1.881759500257715,-0.3650583668073932,2.1057458996483707,1.575618880225516,427.681710039189,398.26878434557665,0.0712220063879772,42.475172487544405,-10.401935716718436,22791040.0,0.01657514087846203,0.9808367015957711,-0.465436888143389,0.9892886189545314,-6.052757266462228,0.0,1.0,0.0
2024-11-05,TSLA,247.33999633789065,255.27999877929688,246.2100067138672,251.44000244140625,69282500,3.541429020427689,14.751032444224466,251.6009994506836,237.6050010681152,235.4752001953125,246.6940911527279,241.86760288724338,4.826488265484528,3.6918163050731603,7.480216202904375,5.674056930708374,275.24446453159266,199.96553760463775,0.3168238319418807,55.75546416914899,0.6977954257409547,95141670.0,0.036072192083052866,1.0582268946827635,-2.4660613282231014,-0.3482130697311736,-2.9897037679701866,0.0,0.0,1.0
2024-11-06,AAPL,220.76328741365683,224.19459083458287,219.35506917081852,220.87237548828125,54561100,-0.3266853892932575,2.1372023058644496,225.72675018310548,228.08799667358397,224.97444213867186,225.07380456068051,226.04857656647906,-0.9747720057985418,0.4653057263031658,0.9292014955515181,1.036991234970146,237.0419913132636,219.13400203390435,0.07851351031412368,40.208419539599106,94.08956540608224,44575070.0,0.02191094134368611,0.9683647482965577,0.6486337461701908,-0.4037704383935359,-1.3279558350614784,1.0,0.0,0.0
2024-11-06,MSFT,406.0063586804049,413.9114807851586,404.13588205793,413.6456604003906,26681800,2.119279610832425,1.249466868215876,413.54425354003905,413.1091339111328,414.0660131835937,411.5671820477155,413.11360113423393,-1.5464190865184264,-0.6013305107495999,2.240404513410521,1.6414640217476484,427.7873801672637,398.4308876550019,0.07106231768425837,50.40836146856502,51.37751049585839,23493780.0,0.023632784441075024,1.0012987524245185,0.7344794289674272,-0.465436888143389,0.9892886189545314,0.0,1.0,0.0
2024-11-06,TSLA,284.6700134277344,289.5899963378906,275.6199951171875,288.5299987792969,165228700,14.751032444224466,2.904379065700735,259.08899993896483,239.9790008544922,237.0616000366211,253.13038463373852,245.32407665702513,7.806307976713384,4.514714639401205,8.39024100678814,6.509970646931632,283.98434407106527,195.9736576379191,0.3667432822028881,69.1458086877644,138.48547613033594,103570650.0,0.04841784660107074,1.2023135263999323,3.541429020427689,-2.4660613282231014,-0.3482130697311736,0.0,0.0,1.0
2024-11-07,AAPL,222.7665171269793,225.9895557457087,222.7070172967094,225.5928649902344,42137700,2.1372023058644496,-0.1188275197717803,225.4203125,228.01064453125,224.99407745361327,225.15366001138113,226.0148201534239,-0.8611601420427633,0.20001255263398,1.2198835142469278,1.1553123552063365,237.0256465031886,218.9956425593114,0.07907527291519104,49.29587729096283,-22.76970222374549,45677890.0,0.014550719275369816,0.9893961988222694,-0.3266853892932575,0.6486337461701908,-0.4037704383935359,1.0,0.0,0.0
2024-11-07,MSFT,414.7285695615749,420.21195632741785,413.3503473156427,418.8140258789063,19901800,1.249466868215876,-0.6793212733186005,413.6131652832031,413.58117828369143,414.3580017089844,412.68208109866794,413.53585481902445,-0.8537737203565143,-0.6518191526709828,2.2799743646930506,1.6594345153127696,428.3604201259932,398.80193644138967,0.0714696055736081,54.47874740635161,-25.410579496135945,24125800.0,0.0163834269814046,1.0126525283789038,2.119279610832425,0.7344794289674272,-0.465436888143389,0.0,1.0,0.0
2024-11-07,TSLA,288.8900146484375,299.75,285.5199890136719,296.9100036621094,117309200,2.904379065700735,8.187665372925302,262.731999206543,242.8860008239746,238.88480010986328,259.8657106381033,249.14525643517953,10.720454202923747,5.7558625521057145,5.294769493156037,6.503602926354868,293.7084948733288,192.06350677462044,0.418488458593268,71.26202671255705,-29.00192278944276,94852380.0,0.04792701765118772,1.222425346272992,14.751032444224466,3.541429020427689,-2.4660613282231014,0.0,0.0,1.0
2024-11-08,AAPL,225.5332770864524,227.0125473442273,224.7787582103861,225.3247985839844,38328800,-0.1188275197717803,-1.2028399217004937,225.00376586914064,227.99377059936523,224.94289947509765,225.17998902255087,225.96370744457653,-0.7837184220256574,0.003266357702052497,1.2077196351614177,1.1463111169236513,237.0285220155361,218.95901918319436,0.0792543707875853,48.84189913816526,-9.03917394637106,45630540.0,0.009913640876987725,0.9882936625489176,2.1372023058644496,-0.3266853892932575,0.6486337461701908,1.0,0.0,0.0
2024-11-08,MSFT,418.7056990989207,419.8673412736044,415.2207425318816,415.9689331054688,16891400,-0.6793212733186005,-1.0720833544258013,413.060888671875,413.88733978271483,414.5434716796875,413.18775063817577,413.71608284024256,-0.5283322020667924,-0.6271217625501447,2.2729764502035703,1.669225824848246,428.5942758546643,399.18040371076535,0.0710673396275925,51.95091525364242,-15.126269985629436,24125030.0,0.011170542730277917,1.0050293718185408,1.249466868215876,2.119279610832425,0.7344794289674272,0.0,1.0,0.0
2024-11-08,TSLA,299.1400146484375,328.7099914550781,297.6600036621094,321.2200012207031,204782800,8.187665372925302,8.959591143118995,267.9349990844727,248.05700073242187,241.1836001586914,269.3048322661956,254.48412641929238,14.820705846903223,7.568831211065216,5.695154035754404,6.222638084655822,308.30389899632087,187.81010246852284,0.48575043708512067,76.33322555658455,74.56670065092933,99169470.0,0.0966626849977346,1.294944308252771,2.904379065700735,14.751032444224466,3.541429020427689,0.0,0.0,1.0
2024-11-11,AAPL,223.37895863100837,224.07391236142263,219.90417483008156,222.614501953125,42005600,-1.2028399217004937,0.0,224.11884002685548,227.65543670654296,224.85318420410155,224.78529870417765,225.71561814891345,-0.930319444735801,-0.1834508027855182,1.1870186549191273,1.1070134210914415,236.97377417812896,218.33709923495695,0.08186351801119267,44.390714538898834,9.592786625200889,46222390.0,0.01873075426244726,0.9778571738661531,-0.1188275197717803,2.1372023058644496,-0.3266853892932575,1.0,0.0,0.0
2024-11-11,MSFT,415.9492425000552,418.2036383732599,409.530647967578,411.5093994140625,24503300,-1.0720833544258013,1.2009338239765688,412.2162292480469,413.8317169189453,414.56060180664065,412.92954275754295,413.55262480867367,-0.6230820511307229,-0.6263138202662604,2.2927820862955484,1.682488657160819,428.56719237852207,399.0962414593685,0.07121481924723003,48.17743167561053,45.06376025669867,25087120.0,0.02107604447925405,0.9943882563613711,-0.6793212733186005,1.249466868215876,2.119279610832425,0.0,1.0,0.0
2024-11-11,TSLA,346.29998779296875,358.6400146484375,336.0,350.0,210521600,8.959591143118995,-6.145717075892854,276.68399810791016,254.5990005493164,243.90140014648438,281.71947345601166,261.55937631415964,20.16009714185202,10.087084397222577,5.859498951707835,6.393381855611373,328.50136144373283,180.69663965489997,0.5805392851893885,80.67987792871608,2.802383793951435,109456270.0,0.06468575613839286,1.374710816793659,8.187665372925302,2.904379065700735,14.751032444224466,0.0,0.0,1.0
2024-11-12,AAPL,222.93220374351736,223.9647042645822,221.7507748273854,222.614501953125,40398300,0.0,0.3969083018855235,223.20713653564454,227.19066009521484,224.88703521728516,224.45132997324646,225.4859058381143,-1.0345758648678327,-0.3536758152019811,1.1821751362148156,1.068468472445765,236.54270226368726,217.83861792674242,0.08232769925095525,44.39071453889884,-3.8263945759613005,46720500.0,0.009945126744990585,0.9798576308543142,-1.2028399217004937,-0.1188275197717803,2.1372023058644496,1.0,0.0,0.0
2024-11-12,MSFT,411.7456911405818,417.8394313280264,410.7120319666306,416.4513549804688,19401200,1.2009338239765688,0.5129750397874,411.3381042480469,414.0428833007812,414.8281750488282,413.47136002260845,413.76734556213995,-0.2959855395315003,-0.5602481641193083,2.2889839909315337,1.7034473105692745,428.8026186025544,399.28314799900807,0.0712956840803901,52.31131906135838,-20.82209335069154,25262830.0,0.017114602404715636,1.0058169619061847,-1.0720833544258013,-0.6793212733186005,1.249466868215876,0.0,1.0,0.0
2024-11-12,TSLA,342.739990234375,345.8399963378906,323.3099975585937,328.489990234375,155726000,-6.145717075892854,0.5327407385385952,283.5809982299805,260.04499969482424,246.25919982910156,288.9149375757599,266.5171995675089,22.397738008250997,12.549215119428261,6.443363816605159,6.667272661309788,338.96144431399,181.12855507565848,0.6069445266148408,70.28930269248579,-26.02849303824406,116976690.0,0.06858656107975149,1.2632044093132895,8.959591143118995,8.187665372925302,2.904379065700735,0.0,0.0,1.0
2024-11-13,AAPL,222.3960739824012,225.0170530189228,221.1550798335016,223.49807739257807,48566200,0.3969083018855235,1.3770441662109834,222.73783111572266,226.8727035522461,224.97663940429686,224.3046757300667,225.3386592865931,-1.0339835565264082,-0.4897373634668665,1.1327727395612832,1.063576039760641,236.27529055463944,217.47011654985275,0.08288865831078741,46.24302616645455,20.21842503273652,46870030.0,0.017279670726820618,0.9851254641619286,0.0,-1.2028399217004937,-0.1188275197717803,1.0,0.0,0.0
2024-11-13,MSFT,415.08301112040346,422.6533948379816,411.7063288657566,418.587646484375,21502200,0.5129750397874,0.39744741285538954,410.61651000976565,414.48982391357424,415.149105834961,414.25848101672636,414.12440488971293,0.1340761270134294,-0.4213833058927608,2.297953313517568,1.698164388703962,429.23066279040773,399.74898503674075,0.07112762739336695,54.018839827316995,10.829227058120106,24438140.0,0.026152386636746183,1.0098864250323676,1.2009338239765688,-1.0720833544258013,-0.6793212733186005,0.0,1.0,0.0
2024-11-13,TSLA,335.8500061035156,344.6000061035156,322.5,330.239990234375,125405600,0.5327407385385952,-5.771559508909463,290.8499984741211,265.49049911499026,248.47579956054688,295.2726379847776,271.2374062835731,24.03523170120451,14.846418435783512,6.382004414321823,6.670571139740326,348.1024534014356,182.87854482854493,0.622334543509703,70.62081241174317,-19.470351771701576,124117890.0,0.06692104759278548,1.2438862834460234,-6.145717075892854,8.959591143118995,8.187665372925302,0.0,0.0,1.0
2024-11-14,AAPL,223.398802697962,227.22105551450989,223.3789425502784,226.57574462890625,44923900,1.3770441662109834,-1.4109291024743564,222.99181671142577,226.69028549194337,225.0974508666992,224.6540709452728,225.43029523787555,-0.7762242926027625,-0.5470347492940457,1.0748198456345643,1.1149122024115572,235.9597238042351,217.42084717965164,0.0817806399791328,52.21381616801458,-7.49966025754537,44925410.0,0.01695730039649318,0.9994947253130475,0.3969083018855235,0.0,-1.2028399217004937,1.0,0.0,0.0
2024-11-14,MSFT,418.3906898263496,421.5114053670285,413.4684464166278,420.2513122558594,30246900,0.39744741285538954,-2.78526403159729,412.63856811523436,414.99041442871095,415.51335144042974,415.180455053516,414.57824987979785,0.6022051737181755,-0.21666560997057355,0.9873894261724758,1.6992820510668376,429.80332675574266,400.17750210167924,0.0713891782171578,55.35935398876614,40.66886179088651,22065730.0,0.019138450531485673,1.0126771550480045,0.5129750397874,1.2009338239765688,-1.0720833544258013,0.0,1.0,0.0
2024-11-14,TSLA,327.69000244140625,329.9800109863281,310.3699951171875,311.17999267578125,120726100,-5.771559508909463,3.0657525449785616,296.98299713134764,270.0049987792969,250.0959994506836,297.71992332185505,274.1961163866996,23.52380693515545,16.5818961356579,6.709446133145836,6.8895100489795,352.22191637387925,187.78808118471454,0.6090029293256661,62.44800167457137,-3.731492054581298,129532970.0,0.06301824130953149,1.1524971540624733,0.5327407385385952,-6.145717075892854,8.959591143118995,0.0,0.0,1.0
2024-11-15,AAPL,224.768828738636,225.28508648780172,222.65418524957263,223.37892150878903,47923700,-1.4109291024743564,1.3422375471169978,223.2236297607422,226.2067077636719,225.18526672363282,224.45789410889066,225.27834162831357,-0.8204475194229133,-0.6017173033198193,1.0874681068182128,1.1088854988827548,235.07970607339942,217.33370945394435,0.07845035540676847,46.443453378074565,6.67751464142694,43190110.0,0.01177775065104149,0.9874991052085106,1.3770441662109834,0.3969083018855235,0.0,1.0,0.0,0.0
2024-11-15,MSFT,413.2912534776132,416.2248913266483,407.2073678244848,408.5462036132813,28247600,-2.78526403159729,0.1831445192370218,413.09436950683596,414.8348724365234,415.77521362304697,414.15980098578757,414.13143163783366,0.028369347953912438,-0.16765861838567636,1.4100228846231007,1.8188392649870424,429.8589856157938,399.81075925725304,0.07243418611857094,45.34326222854784,-6.609933579970184,22467450.0,0.02207222444465361,0.9848405492375659,0.39744741285538954,0.5129750397874,1.2009338239765688,0.0,1.0,0.0
2024-11-15,TSLA,310.57000732421875,324.67999267578125,309.2200012207031,320.7200012207031,114440300,3.0657525449785616,5.618604684798378,304.15699768066406,275.0059989929199,252.29579956054687,301.25839684475477,277.64233007810725,23.61606676664752,17.988730261855824,6.639744315237435,6.876846784688514,356.7617720238088,193.25022596203098,0.5945744698681554,64.65296958046295,-5.20666202254525,135222520.0,0.04820401408155193,1.1662291091655792,-5.771559508909463,0.5327407385385952,-6.145717075892854,0.0,0.0,1.0
2024-11-18,AAPL,223.6271499370396,228.08480645929453,223.5477244921184,226.377197265625,44633700,1.3422375471169978,0.11401431774480386,223.8445281982422,225.7996566772461,225.3312631225586,224.75317151761902,225.3597383421885,-0.6065668245694837,-0.6026872075697522,1.1349995894707807,1.147899895656013,233.7680416588025,217.8312716956897,0.07057924798305837,51.82132225049048,-6.865079282275788,43159030.0,0.020042133315452456,1.0025577567161867,-1.4109291024743564,1.3770441662109834,0.3969083018855235,1.0,0.0,0.0
2024-11-18,MSFT,408.41825976061074,411.8933627455597,405.6913474607701,409.29443359375,24727000,0.1831445192370218,0.4882580660554581,413.8130249023437,414.6862228393555,415.9728918457032,413.4112829254741,413.77313548642,-0.3618525609459198,-0.20649740689772506,1.3948734506351752,1.8190276066350244,429.8752190977011,399.49722658100984,0.07325536958689692,46.015649527998626,-12.463359719055777,22972920.0,0.01515294315227732,0.986997906010265,-2.78526403159729,0.39744741285538954,0.5129750397874,0.0,1.0,0.0
2024-11-18,TSLA,340.7300109863281,348.54998779296875,330.010009765625,338.739990234375,126085600,5.618604684798378,2.1432396454288627,313.7469970703125,281.00049819946287,254.74519927978517,307.0247958277733,282.1680826822752,24.856713145498077,19.362326838584277,6.421884878626631,6.8834974451076025,363.00033927870265,199.00065712022308,0.583627727385976,68.42444013185447,10.175873359297372,140950840.0,0.05473217973028781,1.205478255038277,3.0657525449785616,-5.771559508909463,0.5327407385385952,0.0,0.0,1.0
2024-11-19,AAPL,225.34466282087317,228.5017596103349,225.0269762165604,226.6352996826172,36211800,0.11401431774480386,0.3154091583314367,224.34842834472656,225.4362533569336,225.49828857421875,225.0427296968495,225.45422436740546,-0.41149467055595323,-0.5644487001669924,1.1285027246735797,1.1493951277876082,232.45485960346141,218.4176471104058,0.062266881586390085,52.26568081755066,-18.868926394181972,43969080.0,0.015332048443647639,1.005318782173802,1.3422375471169978,-1.4109291024743564,1.3770441662109834,1.0,0.0,0.0
2024-11-19,MSFT,406.6856037529655,411.4405079817959,405.1498661250552,411.2928466796875,18133500,0.4882580660554581,-0.5505279862856205,414.436181640625,414.207780456543,416.0435754394532,413.08536965689154,413.5894103896251,-0.5040407327335288,-0.2660060720648858,1.3862646593055148,1.7557352343471213,429.1789952659428,399.2365656471432,0.07228842873447908,47.860566989208095,-26.66518380717434,23023670.0,0.015294800061620865,0.9929626291093745,0.1831445192370218,-2.78526403159729,0.39744741285538954,0.0,1.0,0.0
2024-11-19,TSLA,335.760009765625,347.3800048828125,332.75,346.0,88852500,2.1432396454288627,-1.1473991967350106,323.2029968261719,287.40199813842776,257.14179931640626,313.02098108503895,286.8963728539585,26.124608231080458,20.714783117083513,6.437641920537711,6.852091805378505,368.6700845223603,206.1339117544952,0.5655359872953257,69.82152393870902,-29.530017702259414,142907840.0,0.04228325110639451,1.2038886376612747,5.618604684798378,3.0657525449785616,-5.771559508909463,0.0,0.0,1.0
2024-11-20,AAPL,226.41689814964724,228.27342054954684,224.26253412411583,227.35012817382807,35169600,0.3154091583314367,-0.20960940072420886,224.99620361328124,225.36147689819336,225.62903411865236,225.39771407792313,225.59466168639972,-0.19694760847659154,-0.49094848182891226,1.1113950088562592,1.0505233508049734,232.25794450153228,218.46500929485444,0.06120360674113248,53.543643844472825,-2.8780673703047044,42029930.0,0.017641892079182618,1.008824273354106,0.11401431774480386,1.3422375471169978,-1.4109291024743564,1.0,0.0,0.0
2024-11-20,MSFT,410.3871084118776,410.8005900683197,404.1949179235437,409.028564453125,19191700,-0.5505279862856205,-0.43167792878155975,413.97447204589844,413.7593627929688,415.89492431640633,412.461245779389,413.25156994988436,-0.790324170495353,-0.3708696917509793,1.213661848068967,1.7537091006030938,428.78983846763765,398.7288871182999,0.07265322323202446,45.9446614516612,5.835608128601755,22274660.0,0.016149659752022094,0.9885663050428398,0.4882580660554581,0.1831445192370218,-2.78526403159729,0.0,1.0,0.0
2024-11-20,TSLA,345.0,346.6000061035156,334.29998779296875,342.0299987792969,66340700,-1.1473991967350106,-0.6987644766217049,328.55299682617186,293.82099838256835,259.41979919433595,317.48390688415554,290.9803451447243,26.503561739431234,21.87253884155306,5.167498124821738,6.825568386607427,370.7244551497654,216.91754161537128,0.5234714822326296,68.048446383832,-25.336146985172057,133019040.0,0.03596181140381127,1.1640760893949391,2.1432396454288627,5.618604684798378,3.0657525449785616,0.0,0.0,1.0
2024-11-21,AAPL,227.230987838277,228.50176458087773,224.0838286281757,226.8735809326172,42108300,-0.20960940072420886,0.590750025540765,225.12427520751953,225.27229385375978,225.7480667114258,225.62477051710684,225.6893964453788,-0.06462592827196545,-0.4056839711175229,0.908421188016946,1.0512580238955103,232.03412684322686,218.5104608642927,0.060032531065330796,52.53388910885996,19.729254810973117,42026990.0,0.01947311773605844,1.0071082291189208,0.3154091583314367,0.11401431774480386,1.3422375471169978,1.0,0.0,0.0
2024-11-21,MSFT,413.80284233986384,414.0790385036892,404.71793020151534,407.2628784179688,20780200,-0.43167792878155975,1.000315469468771,412.81935729980466,413.2162612915039,415.6329907226563,411.6614969545551,412.8079631697425,-1.1464662151873881,-0.525988996438261,1.1177665009885296,1.7550346611614702,428.3670426216383,398.0654799613695,0.07333100242851416,44.45035691860398,8.277015584862202,22362500.0,0.022985419978706446,0.9855925735958991,-0.5505279862856205,0.4882580660554581,0.1831445192370218,0.0,1.0,0.0
2024-11-21,TSLA,343.8099975585937,347.989990234375,335.2799987792969,339.6400146484375,58011700,-0.6987644766217049,3.8040225983177356,332.8259979248047,297.7789985656738,261.6163995361328,320.8925388478912,294.5847651079623,26.307773739928905,22.759585821228228,5.21007049181791,5.112534949487246,375.60014086959126,219.95785626175638,0.5226771711824019,66.94626312774764,-12.554887120576053,127089290.0,0.037421949437360255,1.1405774627639882,-1.1473991967350106,2.1432396454288627,5.618604684798378,0.0,0.0,1.0
2024-11-22,AAPL,226.4168797117104,229.0577186823492,226.4168797117104,228.21383666992188,38168300,0.590750025540765,1.3050956317711693,225.41317901611328,225.20847244262694,225.89925994873047,226.02308838677067,225.87639201756718,0.1466963692034824,-0.2952079030533219,0.9205037381982528,1.0569762411610983,231.82521773170407,218.5917271535498,0.058761068953680516,55.098576762462116,-9.356825138986846,42010940.0,0.01157177412716816,1.013344809787565,-0.20960940072420886,0.3154091583314367,0.11401431774480386,1.0,0.0,0.0
2024-11-22,MSFT,405.7832472742104,411.7313536377423,405.4774597411712,411.3367919921875,24814600,1.000315469468771,0.42927039464684125,412.35614318847655,412.7085159301758,415.3818518066407,411.61154234496007,412.69898752696065,-1.0874451820005788,-0.6382802335507246,1.174771341369981,1.760959835657536,427.36412563941053,398.05290622094105,0.07102160068688407,48.60388687589715,19.414635085321596,23154820.0,0.015203828148418846,0.9966762887484969,-0.43167792878155975,-0.5505279862856205,0.4882580660554581,0.0,1.0,0.0
2024-11-22,TSLA,341.0899963378906,361.5299987792969,337.70001220703125,352.5599975585937,89140700,3.8040225983177356,-3.9624464821427563,335.9599975585937,301.9474983215332,264.06179962158205,325.7644555726147,298.8792267709721,26.885228801642597,23.584714417311105,4.746240883955718,5.1225089806284885,382.2137890071572,221.68120763590923,0.5316572657949379,69.79448276893967,53.65986516513048,115525080.0,0.06759129435353822,1.167620197280671,-0.6987644766217049,-1.1473991967350106,2.1432396454288627,0.0,0.0,1.0
2024-11-25,AAPL,229.7924155701237,231.56951255942457,228.08480637706973,231.19224548339844,90152800,1.3050956317711693,0.9404336162662119,226.2709533691406,225.19489669799805,226.23259582519532,226.8183433247134,226.2701589409621,0.5481843837513054,-0.12652944569239644,0.856014307154644,1.080953137632063,231.7585043100711,218.631289085925,0.05829268521013862,60.239949345904,136.1981015659592,46825660.0,0.015072764119180083,1.0266318148116973,0.590750025540765,-0.20960940072420886,0.3154091583314367,1.0,0.0,0.0
2024-11-25,MSFT,412.69810354496985,415.36141754143,409.2160446876401,413.1025390625,27691100,0.42927039464684125,2.1967867130635366,412.5154571533203,412.36584320068357,415.1512609863282,411.8409264553509,412.7288802332969,-0.8879537779459952,-0.6882149424297788,1.1327215563428517,1.7637890813892332,426.6230193045154,398.1086670968517,0.0691481912913597,50.3371676702335,11.591966020004364,23473600.0,0.01487614399014905,1.0017865103862589,1.000315469468771,-0.43167792878155975,-0.5505279862856205,0.0,1.0,0.0
2024-11-25,TSLA,360.1400146484375,361.9299926757813,338.20001220703125,338.5899963378906,95890900,-3.9624464821427563,-0.1063189566898104,334.8189971923828,305.75149765014646,266.2979995727539,327.73761569034946,301.82076525741047,25.916850432938986,24.05114162043668,4.058541180611138,5.192976586688023,385.3566636904927,226.14633160980017,0.5207180776032293,63.42995077402152,7.572522988937713,104062010.0,0.07008470635697427,1.107402576733473,3.8040225983177356,-0.6987644766217049,-1.1473991967350106,0.0,0.0,1.0
2024-11-26,AAPL,231.6489234928732,233.87279036398945,231.6489234928732,233.366455078125,45986200,0.9404336162662119,-0.055316157339546645,227.3461486816406,225.2766426086426,226.6000942993164,227.82574513293056,226.79581050667787,1.0299346262526967,0.1047633686966222,0.8610170891593306,1.1011544702034597,232.21315989055458,218.3401253267306,0.061582214663615326,63.52343197704169,-48.99082446690508,47384450.0,0.009529505302601288,1.0359105692263724,1.3050956317711693,0.590750025540765,-0.20960940072420886,1.0,0.0,0.0
2024-11-26,MSFT,413.8916059444426,423.213278917344,413.1616654092492,422.1775207519531,23458900,2.1967867130635366,-1.1682522508273507,413.08807373046875,412.2130889892578,415.02715393066416,413.43117173175125,413.42877953097513,0.0023922007761143504,-0.5500935137886002,1.2799034106969456,1.8127788787559396,425.9456271098149,398.48055086870073,0.06662834581128474,58.14890179733093,-15.283610979701056,23879370.0,0.02380897374685305,1.0241730115536312,0.42927039464684125,1.000315469468771,-0.43167792878155975,0.0,1.0,0.0
2024-11-26,TSLA,341.0,346.9599914550781,335.6600036621094,338.2300109863281,62295900,-0.1063189566898104,-1.5788061864523528,335.7929992675781,309.6869987487793,268.50519989013674,329.35183035126926,304.5177464225155,24.834083928753785,24.207730082100106,3.4949782499918247,5.171449408319683,387.42935968168456,231.944637815874,0.5020705502459311,63.26984197536591,-35.034607037789826,94719000.0,0.03340918140296402,1.0921672926305286,-3.9624464821427563,3.8040225983177356,-0.6987644766217049,0.0,0.0,1.0
2024-11-27,AAPL,232.78068842055708,233.99189975911068,232.1254399622211,233.23736572265625,33498400,-0.055316157339546645,1.0215928304077915,228.32007751464843,225.52895431518556,226.88765747070312,228.6583021467345,227.2729627448985,1.3853394018360063,0.360878575324499,0.8773613852314451,1.0381725213151027,233.2361373561872,217.8217712741839,0.068347614738909,63.18976880932207,-27.15553796573755,45877670.0,0.008002404722359123,1.0341792539715229,0.9404336162662119,1.3050956317711693,0.590750025540765,1.0,0.0,0.0
2024-11-27,MSFT,419.33662612341953,421.427859986681,416.2885945934304,417.2454223632813,18332400,-1.1682522508273507,0.11112250479032859,412.9538513183594,411.7851806640625,414.88985595703133,414.0179795212174,413.7114938148497,0.30648570636770955,-0.37877766975733823,1.3352831664390281,1.8302556895431519,424.20526581433,399.36509551379504,0.06032312833715054,53.246822592338034,-21.853113317333715,23562390.0,0.012317128284216517,1.0132599276409446,2.1967867130635366,0.42927039464684125,1.000315469468771,0.0,1.0,0.0
2024-11-27,TSLA,341.79998779296875,342.54998779296875,326.5899963378906,332.8900146484375,57896400,-1.5788061864523528,3.685898787510977,336.05800170898436,313.45400009155276,270.61900024414064,329.89616639698744,306.6193959207319,23.276770476255535,24.021538160931193,3.545976558206707,5.193128766833727,387.78570445482796,239.12229572827752,0.47427504094102885,60.8174502248653,-7.062262524500007,87968080.0,0.04794373742911257,1.0620059547850975,-0.1063189566898104,-3.9624464821427563,3.8040225983177356,0.0,0.0,1.0
2024-11-29,AAPL,233.11825362062933,236.0966394139658,232.28430923422,235.6201019287109,28481400,1.0215928304077915,0.9522653709632234,229.22451324462887,226.10816497802733,227.06063262939452,229.72934826703857,227.8912693511068,1.83807891593176,0.6563186434459513,0.8412273376029723,0.9500929434208841,234.99393716358054,217.22239279247412,0.07859753482512856,66.66979501656371,-14.976834714493826,44233420.0,0.016179986972840104,1.0420680825551254,-0.055316157339546645,0.9404336162662119,1.3050956317711693,1.0,0.0,0.0
2024-11-29,MSFT,414.384847961252,419.10980447039015,412.1259395107062,417.7090759277344,16271900,0.11112250479032859,1.7758550489640479,412.6996276855469,412.6690979003906,414.60668151855475,414.5858405068354,414.0076110083967,0.5782294984387022,-0.18737623611813017,1.3282922860460644,1.1736989141633498,424.0387454551767,401.29945034560455,0.0551029753021655,53.6424675838479,-11.239663110121967,22164890.0,0.01671944748668137,1.0122131219734807,-1.1682522508273507,2.1967867130635366,0.42927039464684125,0.0,1.0,0.0
2024-11-29,TSLA,336.0799865722656,345.45001220703125,334.6499938964844,345.1600036621094,37167600,3.685898787510977,3.4563659025395044,339.4560028076172,318.2194999694824,272.64380035400393,332.24444905316,309.4742557534266,22.77019329973342,23.77126918869164,3.016837104147339,5.108995600983896,387.4260004685637,249.0129994704011,0.4349607771096258,64.24668565488113,-35.80326237900802,79612230.0,0.031289889314984,1.0846601282926112,-1.5788061864523528,-0.1063189566898104,-3.9624464821427563,0.0,0.0,1.0
2024-12-02,AAPL,235.5605532676808,239.0551819380818,235.45134517492733,237.86383056640625,48137100,0.9522653709632234,1.2771733064145696,230.67300415039057,226.9483169555664,227.29177124023437,230.9808070823259,228.62997758927713,2.3508294930487637,0.9952208133665138,0.5635136076391335,0.8844772952431531,236.93407610428005,216.96255780685277,0.08800029260114517,69.58568454306578,69.01240809791653,44254760.0,0.015150839682405456,1.048096913681792,1.0215928304077915,-0.055316157339546645,0.9404336162662119,1.0,0.0,0.0
2024-12-02,MSFT,415.8447747907503,427.1195397112649,415.5882961500709,425.1269836425781,20207200,1.7758550489640479,0.051038863402563805,414.3577056884766,413.7260375976563,414.5392016601563,416.2075548354112,414.83126824055824,1.3762865948529566,0.12535633007608715,1.0368440448693117,1.2132388968037477,425.6161088707945,401.83596632451804,0.057477993612290786,59.54145307956151,24.184637319550873,21360850.0,0.027124233475823774,1.0275567525581002,0.11112250479032859,-1.1682522508273507,2.1967867130635366,0.0,1.0,0.0
2024-12-02,TSLA,352.3800048828125,360.0,351.1499938964844,357.0899963378906,77986500,3.4563659025395044,-1.5878302299992542,343.09300231933594,323.625,275.0206002807617,336.06684094311856,313.00134764857205,23.065493294546513,23.630114009862616,3.0477412561770936,5.097636697366738,386.67507459818154,260.57492540181846,0.3896489739555445,67.2480736643525,109.82387886223486,75966850.0,0.02478368532940209,1.1034067094256952,3.685898787510977,-1.5788061864523528,-0.1063189566898104,0.0,0.0,1.0
2024-12-03,AAPL,238.08222901174216,241.01097200063165,237.1787816889052,240.9017639160156,38861000,1.2771733064145696,0.1483746436633515,232.12546081542965,227.98499450683593,227.61798217773438,232.50710813366277,229.53899879866518,2.9681093349975924,1.3897985176927294,0.5547046730195646,0.8868744093684373,239.23229075715932,216.73769825651254,0.09866698705020384,73.02651122461961,-19.270167916222626,43677490.0,0.015907688882935957,1.0566562261569912,0.9522653709632234,1.0215928304077915,-0.055316157339546645,1.0,0.0,0.0
2024-12-03,MSFT,424.0024178809453,426.5967051479557,421.9309315766428,425.3439636230469,18302000,0.051038863402563805,1.4424863379254749,415.96265869140626,414.887841796875,414.51071350097664,417.6131561873551,415.6099864170389,2.0031697703162195,0.5009190181241137,1.040796631118539,1.2023809032399355,426.5364184572189,403.2392651365312,0.05615289476738572,59.70298294819496,-9.428322578090976,20718350.0,0.010969412923061509,1.025202285468011,1.7758550489640479,0.11112250479032859,-1.1682522508273507,0.0,1.0,0.0
2024-12-03,TSLA,351.79998779296875,355.69000244140625,348.20001220703125,351.4200134277344,58267200,-1.5878302299992542,1.8524782309774723,344.3610046386719,329.0540008544922,277.0490005493164,338.4288674792133,315.8471747433248,22.58169273588851,23.420429755067797,2.698166458423896,5.061350233458504,380.43410453321326,277.6738971757711,0.31228979769458187,64.47767994280498,-25.28553018791714,69185010.0,0.021313499368797995,1.0679706446819117,3.4563659025395044,3.685898787510977,-1.5788061864523528,0.0,0.0,1.0
2024-12-04,AAPL,241.12021030186204,242.35128203282213,239.51188662583212,241.2592010498047,44383900,0.1483746436633515,0.012333058611813108,233.5878509521484,228.9681396484375,227.93349090576172,233.85358396691538,230.40716192837922,3.4464220385361557,1.8011232218614146,0.5512823775889544,0.8881713255010063,241.2536945223489,216.6825847745261,0.10731235265111463,73.40770576287062,14.211934844702911,44494700.0,0.01176906577919013,1.0536802256429176,1.2771733064145696,0.9522653709632234,1.0215928304077915,1.0,0.0,0.0
2024-12-04,MSFT,427.1490975254907,433.698935348809,426.754535872994,431.4794921875,26009400,1.4424863379254749,1.1887780506297574,417.9813232421875,416.20875244140626,414.69038696289067,419.74643864891584,416.785505362999,2.9609332859168376,0.9929218716826584,1.0932072381360716,1.2263956205145483,429.09162389321494,403.3258809895976,0.061905817098944015,64.0711826144126,42.11233744945908,21505940.0,0.016094390582988203,1.0366900975928985,0.051038863402563805,1.7758550489640479,0.11112250479032859,0.0,1.0,0.0
2024-12-04,TSLA,353.0,358.1000061035156,348.6000061035156,357.92999267578125,50810900,1.8524782309774723,3.2296811653515167,345.55400390625,334.3785003662109,279.1222003173828,341.4290405863776,318.9644205160993,22.464620070278272,23.229267818109896,2.6788002588267776,5.048044922515727,372.16594121955154,296.5910595128703,0.22601597179218083,66.19942283863514,-12.796736414311994,65380850.0,0.0265415030715385,1.070433632197575,-1.5878302299992542,3.4563659025395044,3.685898787510977,0.0,0.0,1.0
2024-12-05,AAPL,242.2321233137982,242.7781485930641,240.38552350615552,241.28895568847656,40033900,0.012333058611813108,-0.08229878582414196,234.9817337036133,229.98896865844728,228.2694287109375,234.99748730869402,231.21322072542347,3.7842665832705507,2.197751894143242,0.5780937555244587,0.8761289690754159,242.8228042943256,217.15513302256895,0.1116039235337208,73.44135344726494,-9.800851209560225,44981130.0,0.009916015758291223,1.049132734913085,0.1483746436633515,1.2771733064145696,0.9522653709632234,1.0,0.0,0.0
2024-12-05,MSFT,431.9726738856543,438.62112911545074,430.24644042721326,436.60882568359375,21697800,1.1887780506297574,0.2146462122412096,420.7393493652344,417.3569107055664,414.9147607421876,422.34065203886627,418.25389946082083,4.086752578045434,1.6116880129552138,1.0474388389219733,1.1710900196785154,433.0619416761815,401.6518797349513,0.07525947488956068,67.26584088597332,-16.57708366975017,21756550.0,0.019181217134411618,1.0461281806631184,1.4424863379254749,0.051038863402563805,1.7758550489640479,0.0,1.0,0.0
2024-12-05,TSLA,359.8699951171875,375.4299926757813,359.5,369.489990234375,81403600,3.2296811653515167,5.3397958017247005,348.3000030517578,338.42649993896487,281.37160034179686,345.7461097629926,322.7070553100457,23.039054452946914,23.1912251450773,2.759389487378667,4.065979670002838,372.7177797015456,304.1352201763841,0.2026512685547094,69.06661768580565,60.20893154815208,66887140.0,0.04311346206070857,1.0917879962148722,1.8524782309774723,-1.5878302299992542,3.4563659025395044,0.0,0.0,1.0
2024-12-06,AAPL,241.1598807416467,242.86748966267425,240.3358589246164,241.0903778076172,36870600,-0.08229878582414196,1.610129151722406,236.40341339111328,230.76384429931642,228.5785855102539,235.93485507775912,231.94486199077116,3.9899930869879654,2.5562001327121866,0.5594248488626565,0.7867326567615167,244.33057422234472,217.1971143762881,0.11758107050280661,72.77948870161552,-7.901553433465136,44457360.0,0.01050075395409609,1.0447493563805712,0.012333058611813108,0.1483746436633515,1.2771733064145696,1.0,0.0,0.0
2024-12-06,MSFT,436.29321828806303,440.0416294660397,435.7704172944161,437.5459899902344,18821000,0.2146462122412096,0.5523205673064302,423.7676605224609,418.2935089111328,415.1736291503907,424.67993480061523,419.68294320374036,4.996991596874864,2.288748729739144,0.9910438793676255,1.1485074110954951,436.4130499954442,400.17396782682135,0.08663553556677814,67.82868711054437,-13.25848703555199,21560630.0,0.009761744523630314,1.046026248719991,1.1887780506297574,1.4424863379254749,0.051038863402563805,0.0,1.0,0.0
2024-12-06,TSLA,377.4200134277344,389.489990234375,370.7999877929688,389.2200012207031,81455800,5.3397958017247005,0.14644862094215227,353.25800170898435,343.04199981689453,284.07160034179685,352.4344007564865,327.63394019231663,24.800460564169896,23.513072228895822,3.0392111460098783,4.151432444423196,378.6296673991148,307.45433223467427,0.20748285983183334,73.23904655755956,0.0641249281358558,69231550.0,0.04801912127534325,1.1346132585177822,3.2296811653515167,1.8524782309774723,-1.5878302299992542,0.0,0.0,1.0
2024-12-09,AAPL,240.08769312504637,245.4587194212017,240.0082676818909,244.9722442626953,44649200,1.610129151722406,0.4133669430149034,238.07925415039062,231.74621658325196,228.96002410888673,237.3252226446724,232.90985327017296,4.415369374499448,2.9280339810696394,0.6420850412388365,0.8280655863689766,246.45218435835912,217.0402488081448,0.1269144151902408,77.12032014708086,21.097025814605686,45105450.0,0.022249262383643765,1.0570711698099808,-0.08229878582414196,0.012333058611813108,0.1483746436633515,1.0,0.0,0.0
2024-12-09,MSFT,436.5891099408423,442.2412722506749,434.5176237615362,439.962646484375,19144400,0.5523205673064302,-0.6031062873213089,426.6302459716797,419.4931945800781,415.5456072998048,427.03112121350136,421.1851434467503,5.845977766751048,3.0001945371415246,0.9872942161481623,1.1303255315014988,439.9864405003685,398.9999486597878,0.09770478370122088,69.29485462845572,1.7182933956750412,20993610.0,0.0175552369067155,1.0487956709876718,0.2146462122412096,1.1887780506297574,1.4424863379254749,0.0,1.0,0.0
2024-12-09,TSLA,397.6099853515625,404.7999877929688,378.010009765625,389.7900085449219,96359200,0.14644862094215227,2.873337295448497,356.9810028076172,346.47050018310546,286.65820068359375,358.1814173393227,332.2380934036207,25.943323935701983,23.999122570257054,2.93792625397408,3.841768899477074,386.17963820290555,306.76136216330536,0.22922088892886577,73.35088269359287,18.29630302569001,69953400.0,0.06872925790825231,1.125030870850253,5.3397958017247005,3.2296811653515167,1.8524782309774723,0.0,0.0,1.0
2024-12-10,AAPL,245.11121388943332,246.4217108653419,243.57237825215392,245.98487854003903,36914800,0.4133669430149034,-0.5166037926624845,239.5585174560547,232.91473541259765,229.2583807373047,238.65747739780574,233.8783736605334,4.779103737272322,3.298247932310176,0.6119281700230038,0.7347421993727818,248.2653988723188,217.5640719528765,0.131813587770891,78.10136833422582,-17.322594805730006,39781650.0,0.011583364921044103,1.056115569950043,1.610129151722406,-0.08229878582414196,0.012333058611813108,1.0,0.0,0.0
2024-12-10,MSFT,438.3548361326827,443.5137892049513,435.6027181772746,437.3092041015625,18469500,-0.6031062873213089,1.2767077271700789,429.05091247558596,420.78318481445314,415.81962646484385,428.61236473474156,422.3795183100697,6.232846424671834,3.646724914647587,1.0671060057392514,1.1052358357209766,442.3787987628124,399.1875708660939,0.10264485239771147,65.75161398980543,-3.5253128852301474,20071450.0,0.01809033734821509,1.039274428930416,0.5523205673064302,0.2146462122412096,1.1887780506297574,0.0,1.0,0.0
2024-12-10,TSLA,392.6799926757813,409.7300109863281,390.8500061035156,400.989990234375,97563600,2.873337295448497,5.930322291934931,363.22100219726565,349.0199996948242,289.445400390625,364.76735163086926,337.3308265021951,27.436525128674134,24.686603081940472,2.3861558018596774,3.3968672098051034,395.6310279179857,302.4089714716627,0.2670966034262633,75.51601406386884,1.249906599473638,70120670.0,0.04708348173922573,1.1489026147068715,0.14644862094215227,5.3397958017247005,3.2296811653515167,0.0,0.0,1.0
2024-12-11,AAPL,246.17352158557495,248.9930565140259,244.48575750906292,244.714111328125,45205800,-0.5166037926624845,0.5963678818455387,240.6932830810547,234.01971588134765,229.66599456787108,239.58926723323947,234.6810208951698,4.9082463380696595,3.620247613462073,0.6958678561688112,0.7619318190237835,249.42999578627905,218.60943597641625,0.13170069749802363,73.82344716877756,22.459826411087146,39703610.0,0.018418631359265483,1.045698694259588,0.4133669430149034,1.610129151722406,-0.08229878582414196,1.0,0.0,0.0
2024-12-11,MSFT,438.0194510528632,444.23391032066826,438.0194510528632,442.8923645019531,19200200,1.2767077271700789,0.12694401323198878,431.1223968505859,422.10523529052733,416.3945196533204,430.80928777585103,423.8989883983574,6.910299377493629,4.299439807216796,0.9444653178357773,1.1085743055959842,445.7266118763726,398.48385870468206,0.11192174183571595,69.30778779963,3.9562521995722744,19645580.0,0.014031533993125915,1.0492463193381585,-0.6031062873213089,0.5523205673064302,0.2146462122412096,0.0,1.0,0.0
2024-12-11,TSLA,409.7000122070313,424.8800048828125,402.3800048828125,424.7699890136719,104287600,5.930322291934931,-1.5702575706076027,371.875,353.83399963378906,292.780400390625,373.9985266128389,343.80780150304525,30.19072510979362,25.787427487511103,2.6216375371926994,3.1749943606870277,410.35205535556986,297.31594391200827,0.31946085328304136,79.35186300249212,6.891914607497052,74319840.0,0.05296984387302325,1.2004781605309272,2.873337295448497,0.14644862094215227,5.3397958017247005,0.0,0.0,1.0
2024-12-12,AAPL,245.11120954102955,246.9478867446912,243.90992066775823,246.1735076904297,32777500,0.5963678818455387,0.06856656761848878,241.98689727783204,235.15348739624022,230.09149139404298,240.6022273035764,235.5323162133372,5.069911090239202,3.910180308817499,0.6704121274730421,0.7621320287745457,250.64076892824565,219.6662058642348,0.13172061961308634,75.48422558767922,-27.492711112290902,39631520.0,0.012340751470110687,1.046863095317912,-0.5166037926624845,0.4133669430149034,1.610129151722406,1.0,0.0,0.0
2024-12-12,MSFT,443.0106891858234,449.96496224230685,443.0106891858234,443.45458984375,20834800,0.12694401323198878,-0.509382621573562,433.7433135986328,423.3485824584961,417.05074951171883,432.7547188632201,425.3475514683865,7.407167394833607,4.920985324740158,0.7643092119478074,1.1082903010892216,448.74173556105364,397.9554293559385,0.11996333118723522,69.64954920038949,8.513452984864745,19895820.0,0.015682040993044516,1.0474927948701116,1.2767077271700789,-0.6031062873213089,0.5523205673064302,0.0,1.0,0.0
2024-12-12,TSLA,424.8399963378906,429.2999877929688,415.0,418.1000061035156,87752200,-1.5702575706076027,4.336284290396253,380.3959991455078,358.2270004272461,296.1620004272461,380.78336961140457,349.31092776974674,31.472441841657826,26.92443035834045,2.6202206195098334,3.237391510774822,420.39883978916475,296.0551610653274,0.3471086170934534,75.7663341161535,-15.855576310126995,77305420.0,0.0342023142411252,1.1671370544511186,5.930322291934931,2.873337295448497,0.14644862094215227,0.0,0.0,1.0
2024-12-13,AAPL,246.0345362986312,247.4939314395242,244.46591792091505,246.34230041503903,33155300,0.06856656761848878,1.1727552696808141,243.05911712646486,236.14181518554688,230.5423797607422,241.48531547457065,236.33305578383363,5.152259690737026,4.158596185201405,0.6625536971742274,0.7374779604111047,251.84559618081474,220.438034190279,0.13300296673783693,75.67644244883044,1.1526199374571,40098910.0,0.012291894301171748,1.0431964377908978,0.5963678818455387,-0.5166037926624845,0.4133669430149034,1.0,0.0,0.0
2024-12-13,MSFT,442.34983294961415,445.2992167545738,439.5286583553318,441.1957092285156,20177800,-0.509382621573562,0.9658575394887237,436.09197692871095,424.3958023071289,417.6734173583985,434.0533327655732,426.5214890802479,7.531843685325327,5.4431569968571925,0.8318466227526771,1.122331295681315,450.95200498960975,397.8395996246481,0.12514828157165656,66.4481118432982,-3.153378002188645,20286410.0,0.01307936201222932,1.039585469107041,0.12694401323198878,1.2767077271700789,-0.6031062873213089,0.0,1.0,0.0
2024-12-13,TSLA,420.0,436.2999877929688,415.7099914550781,436.2300109863281,89000200,4.336284290396253,6.141250567967771,389.5029998779297,364.47950134277346,300.07340057373045,389.31362213062357,355.7493783783824,33.56424375224117,28.252393037120598,2.665147573174992,2.851852828565973,431.6783844941293,297.2806181914176,0.3687388887648796,78.59723039723247,1.4221865662627176,82488680.0,0.047199862043732686,1.1968574621596542,-1.5702575706076027,5.930322291934931,2.873337295448497,0.0,0.0,1.0
2024-12-16,AAPL,246.20327957624437,249.56885459541957,245.86571770543415,249.23129272460935,51694800,1.1727552696808141,0.9719705770097953,244.19586334228515,237.4344337463379,231.02863525390626,242.6770042822689,237.2884807424096,5.388523539859307,4.404581656132985,0.684505988326886,0.6158242938419861,252.9699090458763,221.8989584467995,0.13086118179586087,78.74777977545668,55.917153516933936,40454680.0,0.014858234090521026,1.0496847015495425,0.06856656761848878,0.5963678818455387,-0.5166037926624845,1.0,0.0,0.0
2024-12-16,MSFT,441.19569319284585,446.039014950384,439.232728669252,445.45703125,23598800,0.9658575394887237,0.6355324916474503,438.12498168945314,426.24134368896483,418.3907641601563,435.80774791702345,427.9241218335628,7.883626083460626,5.931250814177879,0.73295180705872,0.8745812304643785,453.28554398296086,399.1971433949688,0.12689618543306122,69.3136590288867,16.95427648207435,20625570.0,0.015279332917998417,1.0450817074541159,-0.509382621573562,0.12694401323198878,1.2767077271700789,0.0,1.0,0.0
2024-12-16,TSLA,441.0899963378906,463.1900024414063,436.1499938964844,463.0199890136719,114083800,6.141250567967771,3.6369912179738284,400.0959991455078,371.59450073242186,304.3322003173828,400.6530631895541,363.695349536552,36.95771365300209,29.993457160296895,2.907532988362419,3.0057780033127712,448.6896525261174,294.4993489387263,0.4149423720842968,81.9521976660395,28.183756890433955,86098410.0,0.05839922505834517,1.2460356331997597,4.336284290396253,-1.5702575706076027,5.930322291934931,0.0,0.0,1.0
2024-12-17,AAPL,248.27824960945253,252.0012319719704,247.98040799068028,251.65374755859372,51356400,0.9719705770097953,-2.142177175156035,245.27106170654298,238.69826126098633,231.66469207763672,244.0580417093958,238.35257458064547,5.7054671287503425,4.664758750656456,0.6504764835649011,0.5960283657516907,254.5555087999545,222.84101372201815,0.1328643740863306,80.9230056478159,-0.6546112955268191,41704220.0,0.015977604229215573,1.054275578838181,1.1727552696808141,0.06856656761848878,0.5963678818455387,1.0,0.0,0.0
2024-12-17,MSFT,444.8849272856994,449.1068002031095,443.4644812477741,448.2880554199219,22733500,0.6355324916474503,-3.7561039335367474,440.4193908691406,428.19102478027344,419.29310241699227,437.72779522516163,429.4325613584783,8.295233866683304,6.404047424678964,0.7189451466377413,0.8735188240557722,455.7091767398722,400.6728728206747,0.12853212873258946,71.08076005684075,-3.6667118667050858,21068720.0,0.012586369159557796,1.04693473117509,0.9658575394887237,-0.509382621573562,0.12694401323198878,0.0,1.0,0.0
2024-12-17,TSLA,475.8999938964844,483.989990234375,457.510009765625,479.8599853515625,131223000,3.6369912179738284,-8.27949436951747,412.93999633789065,378.65050048828124,309.112799987793,412.8387435221707,372.3001373747009,40.53860614746981,32.10248695773148,2.498192275301328,2.907643820521493,467.9502914842044,289.3507094923581,0.4716739625631995,83.68359630489905,15.023342490344827,93393990.0,0.05518272262137011,1.2672899804246094,6.141250567967771,4.336284290396253,-1.5702575706076027,0.0,0.0,1.0
2024-12-18,AAPL,250.3432677271904,252.4479889260113,245.95511429725676,246.26287841796875,56774100,-2.142177175156035,0.7014586453605531,245.77142944335938,239.6796401977539,232.11200866699218,244.39724735686858,238.93852301303977,5.458724343828806,4.8235518692909265,1.0468842433443861,0.8420921772176239,254.80608773020796,224.55319266529986,0.12622221495303967,64.98302583821338,10.54922073977147,42943240.0,0.026365624695308492,1.027466822858976,0.9719705770097953,1.1727552696808141,0.06856656761848878,1.0,0.0,0.0
2024-12-18,MSFT,445.1907017883104,446.5026260235917,431.08488976149135,431.4498901367188,24444500,-3.7561039335367474,-0.08230446853284556,440.4164306640625,429.198876953125,419.7568859863282,436.7619636730935,429.58199311982946,7.179970553264013,6.559232050395974,1.471124990398282,1.2849060678266462,455.56347732154507,402.834276584705,0.12285493641354264,51.92727909259323,7.526337783447334,20912230.0,0.03573470897678228,1.0052446856328556,0.6355324916474503,0.9658575394887237,-0.509382621573562,0.0,1.0,0.0
2024-12-18,TSLA,466.5,488.5400085449219,427.010009765625,440.1300048828125,149340800,-8.27949436951747,-0.8997322180141931,421.1599975585938,383.35700073242185,313.02540008544923,417.0373991161156,377.3245720049314,39.7128271111842,33.62455498842202,4.418350954681876,3.674959907874504,475.2943954255944,291.4196060392493,0.4796437499120756,67.28362252022481,13.806878367359388,103246980.0,0.139799600337813,1.148094345588898,3.6369912179738284,6.141250567967771,4.336284290396253,0.0,0.0,1.0
2024-12-19,AAPL,245.71681628677703,250.18439476471843,245.30976661195103,247.9903106689453,60882300,0.7014586453605531,1.8815929542988385,246.44156494140626,240.71164932250977,232.51909912109375,244.95002632795732,239.60902580236612,5.341000525591198,4.927041600550981,1.0550440631538618,0.8440022819326605,255.09434536787447,226.32895327714508,0.11950145400810663,67.2117720828746,7.236046013939457,45028080.0,0.019656526658716054,1.030238093448828,-2.142177175156035,0.9719705770097953,1.1727552696808141,1.0,0.0,0.0
2024-12-19,MSFT,435.6224481744677,437.1612597390131,430.39443838506674,431.09478759765625,22963700,-0.08230446853284556,-0.09839224007395231,439.8650268554687,430.30218811035155,420.1594232177735,435.89009043071854,429.69405197003886,6.196038460679688,6.486593332452717,1.411592147043692,1.2738196632834786,454.9004113470731,405.70396487363,0.1143299937411115,51.61142594997686,-6.057804414080881,21038820.0,0.015696829441282558,1.0018419601601036,-3.7561039335367474,0.6355324916474503,0.9658575394887237,0.0,1.0,0.0
2024-12-19,TSLA,451.8800048828125,456.3599853515625,420.0199890136719,436.1700134277344,118566100,-0.8997322180141931,-3.4642491239586515,427.8279998779297,388.0640014648437,316.92780029296875,419.98087824098,381.68349359180564,38.297384649174376,34.55912092057249,4.501372920834071,3.6667755299341565,480.72919129612507,295.3988116335624,0.47757684032269737,65.89740397512723,-20.60702768433007,106963230.0,0.0833161272420015,1.1239641187569642,-8.27949436951747,3.6369912179738284,6.141250567967771,0.0,0.0,1.0
2024-12-20,AAPL,246.2529371403228,253.16279902630112,243.919877297432,252.65647888183597,147495300,1.8815929542988385,0.30649057153011583,247.59817504882812,242.00079421997071,233.02943054199218,246.13563441316944,240.5755038082528,5.560130604916651,5.053659401424115,1.1580037172335536,0.8878384813023434,255.76989132287252,228.2316971170689,0.11379381747306297,72.33413468089039,142.2630222577005,56090550.0,0.036582959478319556,1.0440316102937233,0.7014586453605531,-2.142177175156035,0.9719705770097953,1.0,0.0,0.0
2024-12-20,MSFT,427.2280003408309,437.7136411325363,422.8088616417394,430.6706237792969,64263700,-0.09839224007395231,-0.3092073072866297,439.177490234375,431.47257537841796,420.58537292480474,435.08709556126905,429.76639062257647,5.320704938692586,6.25341565370069,1.4068614688575591,1.2663033653361464,453.5538826052279,409.391268151608,0.10235323627437405,51.21072983977256,179.84906613481274,25583090.0,0.03460830311573575,0.9981413613636562,-0.08230446853284556,-3.7561039335367474,0.6355324916474503,0.0,1.0,0.0
2024-12-20,TSLA,425.510009765625,447.0799865722656,417.6400146484375,421.05999755859375,132216200,-3.4642491239586515,2.2657123925894362,431.0119995117187,392.13500061035154,320.5736001586914,420.146896597536,384.60027166341956,35.54662493411644,34.75662172328128,4.584814222065824,3.795502025458858,482.97884610925837,301.2911551114447,0.46332944193968867,60.753978875664444,11.512649905833117,112039270.0,0.06991871014707667,1.0737628543823452,-0.8997322180141931,-8.27949436951747,3.6369912179738284,0.0,0.0,1.0
2024-12-23,AAPL,252.93444954402884,253.80809906094288,251.62395254537785,253.43084716796875,40858800,0.30649057153011583,1.1478222084571055,248.44403533935548,243.26164474487305,233.58480194091797,247.25797483698472,241.52775146452805,5.730223372456663,5.188972195630625,1.0873320965878561,0.8893144986556034,256.31468792602357,230.20860156372254,0.10731690312165924,73.08559997251137,-72.2982359437894,55711510.0,0.00861831359509849,1.0418035586076915,1.8815929542988385,0.7014586453605531,-2.142177175156035,1.0,0.0,0.0
2024-12-23,MSFT,430.8087137218764,431.706358810308,426.9518110200716,429.3389587402344,19152500,-0.3092073072866297,0.9373867822755955,438.11512145996096,432.3726837158203,420.9752380371094,434.2027668195714,429.73472900166223,4.468037817909192,5.896340086542391,1.3853436588847765,1.2613523862079683,452.36701585487765,412.37835157676295,0.09248656491074145,49.900874054581735,-70.19701635604548,25583900.0,0.011074112175114975,0.9929835415375596,-0.09839224007395231,-0.08230446853284556,-3.7561039335367474,0.0,1.0,0.0
2024-12-23,TSLA,431.0,434.510009765625,415.4100036621094,430.6000061035156,72698100,2.2657123925894362,7.357174228224572,435.09299926757814,396.03700103759763,324.82960021972656,421.75506729076363,388.007659399723,33.74740789104061,34.55477895683315,4.595844643001551,3.754232938087825,486.42649028828066,305.6475117869146,0.4564699208097575,62.731817501302956,-45.015739372331076,109673160.0,0.04435672511096995,1.0872721613772567,-3.4642491239586515,-0.8997322180141931,-8.27949436951747,0.0,0.0,1.0
2024-12-24,AAPL,253.64930053302467,256.34969006633503,253.4507293352449,256.3397827148437,23234700,1.1478222084571055,0.31755737259551164,249.47952575683593,244.5190216064453,234.12397399902343,248.65517604896303,242.62493896455143,6.030237084411596,5.357225173386819,1.1168393056557273,0.8827636384631274,257.5215441160525,231.51649909683812,0.10635182837051278,75.75026647414128,-43.134159593526974,54343500.0,0.011309055115783532,1.0483429102191648,0.30649057153011583,1.8815929542988385,0.7014586453605531,1.0,0.0,0.0
2024-12-24,MSFT,428.74709084992185,433.6298778354008,428.2933464556966,433.363525390625,7164500,0.9373867822755955,-0.2777023498400366,437.7205535888672,433.38573303222654,421.3900714111329,434.07365275357967,430.00352873417796,4.070124019401703,5.5310968731142545,1.4249886792962314,1.2708278438967573,451.2037674972121,415.567698567241,0.08222713904456377,53.75098966389366,-62.592350868032895,24453400.0,0.012314214434391874,0.9999487577926339,-0.3092073072866297,-0.09839224007395231,-0.08230446853284556,0.0,1.0,0.0
2024-12-24,TSLA,435.8999938964844,462.7799987792969,435.1400146484375,462.2799987792969,59551800,7.357174228224572,-1.7629994630971146,441.2220001220703,402.221501159668,329.69200012207034,427.98967213515334,393.5093141685803,34.480357966573024,34.539894758781124,4.990211216815348,3.808135052550678,492.98637897028567,311.4566233490503,0.45131788106268933,68.42282865391749,-18.083416210327364,105871980.0,0.05979056892758915,1.1493169744692184,2.2657123925894362,-3.4642491239586515,-0.8997322180141931,0.0,0.0,1.0
2024-12-26,AAPL,256.32980188696064,258.2260444048055,255.77383898408215,257.15380859375,27237100,0.31755737259551164,-1.3242106727225589,250.72349548339844,245.70838928222656,234.62884948730468,249.96265797893028,243.70115152967725,6.261506449253034,5.538081428560062,1.0693516718546534,0.8781745138218265,258.7671854937186,232.64959307073454,0.10629507807722748,76.45283011898374,17.22595944858336,52546630.0,0.009535948287654385,1.046581312689234,1.1478222084571055,0.30649057153011583,1.8815929542988385,1.0,0.0,0.0
2024-12-26,MSFT,433.11689244443306,434.95164765481866,430.7001836707867,432.1600646972656,8194200,-0.2777023498400366,-1.7301506720454718,436.64732360839844,433.8848602294922,421.7887121582032,433.77925459106984,430.16327213885114,3.6159824522187023,5.148073988935145,1.3428045386219059,1.188867450829187,450.9231258571586,416.84659460182576,0.07853818922676614,52.45288278084886,14.37225207620909,23352800.0,0.009837706746480972,0.996024762119346,0.9373867822755955,-0.3092073072866297,-0.09839224007395231,0.0,1.0,0.0
2024-12-26,TSLA,465.1600036621094,465.3299865722656,451.0199890136719,454.1300048828125,76366400,-1.7629994630971146,-4.947922616674816,444.1580017089844,408.01650085449216,334.38320007324216,432.0112617886394,397.9997357029679,34.011526085671505,34.4342210241592,4.829528595132458,3.86566338814911,496.345659148966,319.68734256001835,0.432968559406248,65.64558710222927,28.235250655731647,103079860.0,0.031510795157185044,1.1130187233402244,7.357174228224572,2.2657123925894362,-3.4642491239586515,0.0,0.0,1.0
2024-12-27,AAPL,255.9724022209019,256.8361595932908,251.23677948504653,253.74855041503903,42355300,-1.3242106727225589,-1.3263466221357767,251.4809997558594,246.73394851684566,235.10667633056642,250.54510296910087,244.4454032989633,6.099699670137568,5.650405076875563,1.2133433451095494,0.9615376718057294,258.8570893326317,234.61080770105963,0.09826893209191541,67.62628494060151,55.5059092194103,53504410.0,0.02206664865310858,1.0284298206240332,0.31755737259551164,1.1478222084571055,0.30649057153011583,1.0,0.0,0.0
2024-12-27,MSFT,428.6977776838133,429.30935275325726,420.5598195240772,424.68304443359375,18117700,-1.7301506720454718,-1.3239423300378972,434.7701690673828,434.2567413330078,422.08939636230474,432.3798376437659,429.75732934586915,2.6225082978967293,4.642960850727461,1.41347703405173,1.2270323275876085,450.04463452554444,418.4688481404712,0.07271225378827102,45.15623991244567,121.10395157550462,23081090.0,0.020602501898443853,0.9779538324033236,-0.2777023498400366,0.9373867822755955,-0.3092073072866297,0.0,1.0,0.0
2024-12-27,TSLA,449.5199890136719,450.0,426.5,431.6600036621094,82666800,-4.947922616674816,-3.301209257078741,445.5140014648438,412.95500030517576,338.5898001098633,431.95722207686555,400.4930888851265,31.46413319173905,33.84020345767517,5.12116610861797,4.077061956512032,494.3726263971581,331.5373742131934,0.3943171824136496,58.58516329494491,8.250225229944053,102571320.0,0.054440994765859986,1.0452955003404985,-1.7629994630971146,7.357174228224572,2.2657123925894362,0.0,0.0,1.0
