Date,Ticker,Close,Daily_Return,SMA_10,SMA_20,SMA_50,Volatility_20,Predicted_Return,Actual_Return,Split
2023-03-16,AAPL,153.3507537841797,1.8694110536170871,149.5939712524414,147.92074813842774,142.96767837524413,1.5424680879924402,0.5474896386838141,-0.5453833559121213,Train
2023-03-16,MSFT,268.721435546875,4.053672558397858,250.74856567382807,248.222371673584,243.1742321777344,1.837049080251528,-0.01014952135986058,1.169398909586139,Train
2023-03-16,TSLA,184.1300048828125,2.0393505108375454,182.9989990234375,192.22649993896485,171.90419967651368,3.482357012393117,0.1705519344334437,-2.172378153438792,Train
2023-03-17,AAPL,152.514404296875,-0.5453833559121213,149.98460998535157,147.98421401977538,143.53508377075195,1.5282329044137624,0.755893728985762,1.5483857025543557,Train
2023-03-17,MSFT,271.8638610839844,1.169398909586139,253.09719848632807,249.0629737854004,244.1647134399414,1.7256080637018023,-4.437150446195414e-06,-2.5766590877073225,Train
2023-03-17,TSLA,180.1300048828125,-2.172378153438792,181.23300018310547,191.13100051879883,173.23399978637696,3.300615989678424,0.8014947314585156,1.7320796272765726,Train
2023-03-20,AAPL,154.87591552734375,1.5483857025543557,150.3358901977539,148.2228256225586,144.1760498046875,1.5507846116279778,0.645551586029794,1.194400207764601,Train
2023-03-20,MSFT,264.8588562011719,-2.5766590877073225,254.5916091918945,249.7522880554199,245.1468878173828,1.7977849309242464,-0.011580482251597541,0.5693812403537502,Train
2023-03-20,TSLA,183.25,1.7320796272765726,180.1770004272461,189.87800064086915,174.69219985961914,3.234966771926915,1.0893545850486257,7.8199191438224736,Train
2023-03-21,AAPL,156.7257537841797,1.194400207764601,151.0915725708008,148.7541648864746,144.76362564086915,1.413442198779321,0.4618035222839593,-0.9103433987471156,Train
2023-03-21,MSFT,266.3669128417969,0.5693812403537502,256.50145721435547,250.77920837402343,246.108369140625,1.709309323882245,0.30111452087108614,-0.5442404607260198,Train
2023-03-21,TSLA,197.5800018310547,7.8199191438224736,181.16399993896485,189.8885009765625,176.38259994506836,3.548614052746217,-0.36306530506624457,-3.2543819591966616,Train
2023-03-22,AAPL,155.29901123046875,-0.9103433987471156,151.57962036132812,149.19301376342773,145.3122528076172,1.4418205911834607,0.5290438790898534,0.6969371003753722,Train
2023-03-22,MSFT,264.917236328125,-0.5442404607260198,258.31012268066405,251.79007568359376,246.998349609375,1.7117071117321372,-0.02734391829904855,1.9721896855684484,Train
2023-03-22,TSLA,191.1499938964844,-3.2543819591966616,182.0789993286133,189.40300064086915,177.81019989013672,3.599064733206115,0.1673269312618762,0.5597736638161654,Train
2023-03-23,AAPL,156.38134765625,0.6969371003753722,152.4002456665039,149.66187286376953,145.87112976074218,1.4445396538640567,0.6894034492359367,0.8305615748011919,Train
2023-03-23,MSFT,270.14190673828125,1.9721896855684484,260.77551727294923,252.9035888671875,247.9592437744141,1.736588505592052,0.0030649216724209626,1.0480218617014758,Train
2023-03-23,TSLA,192.22000122070312,0.5597736638161654,184.00899963378907,188.91050033569337,179.27759994506837,3.598585366601544,0.42537991428956107,-0.9416281069083876,Train
2023-03-24,AAPL,157.68019104003906,0.8305615748011919,153.55640258789063,150.3280143737793,146.40175170898436,1.3585546125219097,0.6191217577828874,-1.2293142194845674,Train
2023-03-24,MSFT,272.9730529785156,1.0480218617014758,263.8869232177734,254.42864761352536,248.84244567871093,1.62638431314707,0.020018291019576515,-1.4933959814108388,Train
2023-03-24,TSLA,190.41000366210932,-0.9416281069083876,185.70599975585935,188.5870002746582,180.6213999938965,3.56014513563534,0.3914914599950047,0.7352522816861606,Train
2023-03-27,AAPL,155.74180603027344,-1.2293142194845674,154.32488098144532,150.83770828247071,146.89517791748048,1.405644373264268,0.8021449380221926,-0.3980328598042759,Train
2023-03-27,MSFT,268.896484375,-1.4933959814108388,266.07210540771484,255.70414962768555,249.5909329223633,1.6927101231075388,-0.013126429138793356,-0.4160840748138716,Train
2023-03-27,TSLA,191.8099975585937,0.7352522816861606,187.43899993896488,187.79599990844727,181.9863999938965,3.3199104241033166,-0.15454309562102084,-1.365932511618495,Train
2023-03-28,AAPL,155.1219024658203,-0.3980328598042759,154.82276916503906,151.34149703979492,147.3496792602539,1.407076546358217,0.9196758264322109,1.9790540473412,Train
2023-03-28,MSFT,267.77764892578125,-0.4160840748138716,267.4770111083984,256.95970687866213,250.30306854248047,1.695946155654914,0.15216640001100173,1.9183802041771392,Train
2023-03-28,TSLA,189.19000244140625,-1.365932511618495,188.03200073242184,186.96999969482425,183.32220001220705,3.325436439400041,0.12129086682277088,2.4789906342217005,Train
2023-03-29,AAPL,158.1918487548828,1.9790540473412,155.58829345703126,152.10210189819335,147.84239349365234,1.3873838955425786,0.5606294372478203,0.9889979619496448,Train
2023-03-29,MSFT,272.9146423339844,1.9183802041771392,268.9432037353516,258.6253494262695,251.09620544433596,1.6701854961345373,0.07603703814693245,1.261989024325194,Train
2023-03-29,TSLA,193.8800048828125,2.4789906342217005,189.3750015258789,186.5254997253418,184.57,3.3741221298834327,-0.04064813609486777,0.7220929756684091,Train
2023-03-30,AAPL,159.75636291503906,0.9889979619496448,156.22885437011718,152.9114128112793,148.38074157714843,1.3911085024954786,0.5022481567857688,1.564443537708904,Train
2023-03-30,MSFT,276.3587951660156,1.261989024325194,269.7069396972656,260.2277526855469,252.0463452148437,1.648658067183598,0.04581978091141028,1.496235806630608,Train
2023-03-30,TSLA,195.27999877929688,0.7220929756684091,190.49000091552733,186.74449996948243,185.9,3.100418253236668,0.18704431338289038,6.237201971890638,Train
2023-03-31,AAPL,162.2556610107422,1.564443537708904,157.2029800415039,153.59379501342772,148.96789764404298,1.2318627936681716,0.582387200073882,0.7701446369884346,Train
2023-03-31,MSFT,280.4937744140625,1.496235806630608,270.56993103027344,261.8335647583008,253.15449462890624,1.643524577059787,0.0153650707538459,-0.3711476822445769,Train
2023-03-31,TSLA,207.4600067138672,6.237201971890638,193.2230010986328,187.22800064086917,187.5058001708984,3.3034024131634547,-1.0721041668354994,-6.11684277968263,Train
2023-04-03,AAPL,163.50526428222656,0.7701446369884346,158.0659149169922,154.20090255737304,149.52895751953125,1.189858113650239,0.35953009198092106,-0.3249597474905719,Train
2023-04-03,MSFT,279.4527282714844,-0.3711476822445769,272.02931823730466,263.3104637145996,254.0809161376953,1.6584842464890512,0.15819096496924842,-0.0174072444495854,Train
2023-04-03,TSLA,194.7700042724609,-6.11684277968263,194.3750015258789,187.2760009765625,188.7328002929688,3.570650689271889,-0.36886075086703,-1.1244043709844886,Train
2023-04-04,AAPL,162.97393798828125,-0.3249597474905719,158.69073333740235,154.89115295410156,150.01572662353516,1.1228684448176127,0.27968257647441713,-1.129021989277812,Train
2023-04-04,MSFT,279.4040832519531,-0.0174072444495854,273.3330352783203,264.91724624633787,254.9605569458008,1.620459372449174,0.09509006044293447,-0.9889451306551612,Train
2023-04-04,TSLA,192.5800018310547,-1.1244043709844886,193.8750015258789,187.51950073242188,189.70940032958984,3.5022708112492413,-0.28370344051481533,-3.666007628760604,Train
2023-04-05,AAPL,161.13392639160156,-1.129021989277812,159.27422485351562,155.4269226074219,150.43779388427734,1.172121899311812,0.3887662371503293,0.5495700645251178,Train
2023-04-05,MSFT,276.64093017578125,-0.9889451306551612,274.5054046630859,266.407763671875,255.79541625976563,1.6514861717671845,0.13000633329552158,2.5533123661743984,Train
2023-04-05,TSLA,185.5200042724609,-3.666007628760604,193.31200256347657,187.6955009460449,190.54200042724608,3.535168443052264,0.056634012653122755,-0.2479553165553039,Train
2023-04-06,AAPL,162.01947021484375,0.5495700645251178,159.838037109375,156.11914138793946,150.8907373046875,1.08916324732934,0.13803490903091467,-1.5972337067959752,Train
2023-04-06,MSFT,283.7044372558594,2.5533123661743984,275.8616577148438,268.3185874938965,256.79930236816404,1.68496960831221,0.07421760124164317,-0.7579040850855923,Train
2023-04-06,TSLA,185.0599975585937,-0.2479553165553039,192.5960021972656,188.30250091552733,191.35460052490237,3.324801305563054,-0.262755963778233,-0.2972025607984818,Train
2023-04-10,AAPL,159.431640625,-1.5972337067959752,160.0131820678711,156.7847923278809,151.2506594848633,1.1086223876398942,0.2539994881394297,-0.7591128765512267,Train
2023-04-10,MSFT,281.5542297363281,-0.7579040850855923,276.719775390625,270.30334930419923,257.61674438476564,1.6422252907268486,0.05088251785220741,-2.2668296414176115,Train
2023-04-10,TSLA,184.509994506836,-0.2972025607984818,192.0060012817383,188.8560005187988,191.83940032958984,3.3283488742345324,-0.02810223401828631,1.235704757019196,Train
2023-04-11,AAPL,158.22137451171875,-0.7591128765512267,160.26113891601562,157.29300994873046,151.5476678466797,1.1191554655974734,0.36548249290593504,-0.4353182252510246,Train
2023-04-11,MSFT,275.171875,-2.2668296414176115,277.347314453125,271.70970993041993,258.3034344482422,1.741911837949245,0.09835794083113203,0.233341377548113,Train
2023-04-11,TSLA,186.7899932861328,1.235704757019196,191.50400085449215,189.4715003967285,192.0172003173828,3.333775453189064,-0.27184098074103136,-3.346003653646468,Train
2023-04-12,AAPL,157.53260803222656,-0.4353182252510246,160.50220947265626,157.66248931884766,151.88847381591796,1.102163757647033,0.8858388602407403,3.410364743239991,Train
2023-04-12,MSFT,275.81396484375,0.233341377548113,278.15094604492185,272.81397857666013,259.1087496948242,1.667388663046422,0.27498277967088014,2.239918865856927,Train
2023-04-12,TSLA,180.5399932861328,-3.346003653646468,190.63899993896484,189.33550033569333,192.29480010986327,3.245456875749638,0.3897760230002936,2.9688716127604264,Train
2023-04-13,AAPL,162.90504455566406,3.410364743239991,160.97352905273436,158.28091125488282,152.31138061523438,1.3098058354671525,0.33292161994363423,-0.2113965293652375,Train
2023-04-13,MSFT,281.9919738769531,2.239918865856927,279.0586791992188,274.00094146728514,259.9386343383789,1.6898601281668846,0.008242784073835729,-1.276536844585241,Train
2023-04-13,TSLA,185.8999938964844,2.9688716127604264,189.840998840332,189.60800018310547,192.5483999633789,3.2911689811904674,-0.1028693240715086,-0.484127986031857,Train
2023-04-14,AAPL,162.5606689453125,-0.2113965293652375,161.25395965576172,158.74140701293945,152.705,1.2692660220467666,0.34642666809925227,0.0121179968115781,Train
2023-04-14,MSFT,278.3922424316406,-1.276536844585241,279.26202392578125,274.48448181152344,260.60064025878904,1.5021948380146306,0.07063390533467534,0.9296062410186324,Train
2023-04-14,TSLA,185.0,-0.484127986031857,188.81299896240236,189.65149993896483,192.62019989013672,3.2652042123837424,-0.08085452215457173,1.1026990735853115,Train
2023-04-17,AAPL,162.5803680419922,0.0121179968115781,161.28643035888672,159.2447052001953,152.9931036376953,1.2557814865720938,0.31021472956406176,0.7504551675774129,Train
2023-04-17,MSFT,280.9801940917969,0.9296062410186324,279.3106658935547,274.94029846191404,261.0843981933594,1.4948858585177711,0.11136664188184138,-0.1488950065921535,Train
2023-04-17,TSLA,187.0399932861328,1.1026990735853115,186.7709976196289,189.99699935913085,192.59559967041017,3.228553516123679,-0.26254296181091413,-1.4595786064656058,Train
2023-04-18,AAPL,163.8004608154297,0.7504551675774129,161.31595001220705,159.6909324645996,153.23330017089845,1.227304914022196,0.42577813940009984,0.6968160735147277,Train
2023-04-18,MSFT,280.56182861328125,-0.1488950065921535,279.42157592773435,275.7254470825195,261.6811010742188,1.3513026487319386,0.158798713157383,0.0277697708694679,Train
2023-04-18,TSLA,184.3099975585937,-1.4595786064656058,185.7249969482422,190.04999923706052,192.48219970703124,3.229664843021395,-0.02597527761603443,-2.0183393575926023,Train
2023-04-19,AAPL,164.9418487548828,0.6968160735147277,161.5127410888672,160.10173721313475,153.55075256347655,1.212914648920379,0.19869331158234835,-0.5846269099522239,Train
2023-04-19,MSFT,280.6397399902344,0.0277697708694679,279.5451416015625,276.43908843994143,262.3100299072266,1.3509847869276692,0.09049535957595968,-0.8112546287773026,Train
2023-04-19,TSLA,180.58999633789065,-2.0183393575926023,184.52599639892577,189.20049896240235,192.19879974365236,2.6930536700530405,-0.5251874821461947,-9.745828230593878,Train
2023-04-20,AAPL,163.97755432128906,-0.5846269099522239,161.79710388183594,160.5356643676758,153.7915426635742,1.1984349602486886,0.19961490381559874,-0.9780919864293524,Train
2023-04-20,MSFT,278.363037109375,-0.8112546287773026,279.71735229492185,277.1113784790039,262.6839923095703,1.3607385887541428,0.09723295423569014,-0.1223386760804245,Train
2023-04-20,TSLA,162.99000549316406,-9.745828230593878,182.2729965209961,187.79249954223636,191.52239990234372,3.3615891290892765,-0.03945268790064724,1.2822849668400638,Train
2023-04-21,AAPL,162.3737030029297,-0.9780919864293524,161.83252716064453,160.83528213500978,154.05389862060548,1.2259062839817485,0.27813277876476206,0.1878713765196327,Train
2023-04-21,MSFT,278.0224914550781,-0.1223386760804245,279.14915771484374,277.5054077148437,263.0672546386719,1.301045149822082,0.11433474655572383,-1.396263831000755,Train
2023-04-21,TSLA,165.0800018310547,1.2822849668400638,180.27499694824215,186.4354995727539,190.79820007324216,3.3801085319545168,-0.4753547959190221,-1.5325895028073244,Train
2023-04-24,AAPL,162.6787567138672,0.1878713765196327,162.15723876953126,161.08521041870117,154.34298736572265,1.2167663362122283,0.2311290120199872,-0.9435702819023728,Train
2023-04-24,MSFT,274.1405639648437,-1.396263831000755,278.4077911376953,277.5637832641602,263.43324127197263,1.3269803755779426,0.07778503513752098,-2.253613977810154,Train
2023-04-24,TSLA,162.5500030517578,-1.5325895028073244,178.07899780273436,185.04249954223636,189.90279998779295,3.384888244605709,-0.15335752661817176,-1.1565701922588656,Train
2023-04-25,AAPL,161.14376831054688,-0.9435702819023728,162.44947814941406,161.35530853271484,154.59409545898438,1.2011328980172336,0.35634954696008864,-0.0061075392790543,Train
2023-04-25,MSFT,267.9624938964844,-2.253613977810154,277.6868530273438,277.5170837402344,263.6857601928711,1.382625878194912,0.42142064820241987,7.243484069132,Train
2023-04-25,TSLA,160.6699981689453,-1.1565701922588656,175.4669982910156,183.4854995727539,189.1783999633789,3.3681172064795364,-0.4749562469158243,-4.306963495243776,Train
2023-04-26,AAPL,161.13392639160156,-0.0061075392790543,162.80960998535156,161.6559097290039,154.78911712646484,1.194428686674019,0.435636285858728,2.8395163556161007,Train
2023-04-26,MSFT,287.372314453125,7.243484069132,278.8426879882812,278.49681701660154,264.16692596435547,2.125169692408865,0.08400153387655002,3.2027535157003406,Train
2023-04-26,TSLA,153.75,-4.306963495243776,172.78799896240236,181.7134994506836,188.36059997558596,3.455957268587488,0.7507005872182694,4.188619474085376,Train
2023-04-27,AAPL,165.7093505859375,2.8395163556161007,163.0900405883789,162.03178482055665,155.0884393310547,1.2747891486749636,0.2883433509152895,0.7541026054684652,Train
2023-04-27,MSFT,296.5761413574219,3.2027535157003406,280.3011047363281,279.6798919677734,264.8156704711914,2.1926093171983627,0.12239514583791902,0.7971635096885699,Train
2023-04-27,TSLA,160.19000244140625,4.188619474085376,170.21699981689454,180.02899932861328,187.37940002441405,3.565268111686388,0.6194124710813353,2.5719427270091355,Train
2023-04-28,AAPL,166.95896911621094,0.7541026054684652,163.52987060546874,162.39191513061525,155.3708361816406,1.2685927762147409,0.1983772661797185,-0.0530167596386799,Train
2023-04-28,MSFT,298.9403381347656,0.7971635096885699,282.3559143066406,280.80896911621096,265.5539242553711,2.185878326042366,0.09774295454620113,-0.5532746741241046,Train
2023-04-28,TSLA,164.30999755859375,2.5719427270091355,168.14799957275392,178.48049926757812,186.38079986572265,3.632602504423065,0.12401101786536854,-1.509339519437758,Train
2023-05-01,AAPL,166.87045288085938,-0.0530167596386799,163.95887908935546,162.6226547241211,155.68334350585937,1.2298966507315638,0.2146569047268536,-0.619164811482642,Train
2023-05-01,MSFT,297.286376953125,-0.5532746741241046,283.9865325927734,281.6485992431641,266.39861541748047,2.18058694141967,0.301751844492705,-0.0490890501237961,Train
2023-05-01,TSLA,161.8300018310547,-1.509339519437758,165.6270004272461,176.1989990234375,185.5766000366211,3.234407945796883,-0.1801947906665209,-0.939259874721976,Train
2023-05-02,AAPL,165.83724975585938,-0.619164811482642,164.16255798339844,162.7392539978027,155.99801483154295,1.2321064794352077,0.38757868924438343,-0.6467334847828243,Train
2023-05-02,MSFT,297.14044189453125,-0.0490890501237961,285.64439392089844,282.5329849243164,267.31997283935544,2.176452914400121,0.2476046170323615,-0.3306973267528712,Train
2023-05-02,TSLA,160.30999755859375,-0.939259874721976,163.22700042724608,174.47599868774415,184.6166000366211,3.018744782061669,0.22302648217010457,0.1871393277566246,Train
2023-05-03,AAPL,164.7647247314453,-0.6467334847828243,164.14484558105468,162.82879333496095,156.3713299560547,1.2397219624433578,0.3202911834393325,-0.9913483220675312,Train
2023-05-03,MSFT,296.1578063964844,-0.3306973267528712,287.1962005615234,283.370671081543,268.3265588378906,2.180203395657128,0.09910003457280325,0.3317945625013641,Train
2023-05-03,TSLA,160.61000061035156,0.1871393277566246,161.2290008544922,172.87749862670898,183.8814001464844,3.0283969473780226,0.24163878594760418,0.3673471985857102,Train
2023-05-04,AAPL,163.13133239746094,-0.9913483220675312,164.0602233886719,162.9286636352539,156.70351593017577,1.2331260548432903,0.5727403580202348,4.692724470873788,Train
2023-05-04,MSFT,297.14044189453125,0.3317945625013641,289.0739410400391,284.3956466674805,269.37536987304685,2.1585689503944208,0.09996990338225059,1.7157253927358118,Train
2023-05-04,TSLA,161.1999969482422,0.3673471985857102,161.05,171.66149826049804,183.08820007324215,2.965244180979248,1.345831530908413,5.496278398315546,Train
2023-05-05,AAPL,170.78663635253906,4.692724470873788,164.90151672363282,163.36702194213868,157.17916534423827,1.6089065347899705,0.2114093818635073,-0.0403478239737742,Train
2023-05-05,MSFT,302.2385559082031,1.7157253927358118,291.49554748535155,285.32235260009764,270.4627081298828,2.1219919115025934,0.08534886515928036,-0.6438064438804125,Train
2023-05-05,TSLA,170.05999755859375,5.496278398315546,161.5479995727539,170.91149826049804,182.44799987792967,3.269524395689184,0.4837712262882247,1.0172855182730478,Train
2023-05-08,AAPL,170.7177276611328,-0.0403478239737742,165.70541381835938,163.93132629394532,157.70637268066406,1.550096331906474,0.17865949512527832,-0.9971168620533266,Train
2023-05-08,MSFT,300.292724609375,-0.6438064438804125,294.1107635498047,286.25927734375,271.6191250610352,2.1190426046273894,0.07613313484138301,-0.5345837679542775,Train
2023-05-08,TSLA,171.7899932861328,1.0172855182730478,162.4719985961914,170.2754981994629,181.9461996459961,3.2842383162759803,0.08811095490325357,-1.5367597024416146,Train
2023-05-09,AAPL,169.01547241210938,-0.9971168620533266,166.49258422851562,164.47103118896484,158.17572357177735,1.559971701816219,0.25371208652374605,1.0420979437910427,Train
2023-05-09,MSFT,298.6874084472656,-0.5345837679542775,297.1832550048828,287.43505401611327,272.7251443481445,2.040689341227518,0.11519571423874002,1.7296339197307775,Train
2023-05-09,TSLA,169.14999389648438,-1.5367597024416146,163.31999816894532,169.39349822998048,181.17659942626952,3.274324071225517,0.24417306459083687,-0.3606270365725583,Train
2023-05-10,AAPL,170.7767791748047,1.0420979437910427,167.45686950683594,165.13323974609375,158.69033660888672,1.5562086554792822,0.3520426206819492,0.1094618517271328,Train
2023-05-10,MSFT,303.8536071777344,1.7296339197307775,298.8313842773438,288.8370361328125,273.9488864135742,2.0604304083825653,0.07627163925306862,-0.7044419949430947,Train
2023-05-10,TSLA,168.5399932861328,-0.3606270365725583,164.7989974975586,168.79349822998046,180.43319915771485,3.202255567739284,0.5012291453240818,2.1003967520705658,Train
2023-05-11,AAPL,170.96371459960938,0.1094618517271328,167.98230590820313,165.53617324829102,159.2500158691406,1.38782429365542,0.1735688157363537,-0.5417484285912932,Train
2023-05-11,MSFT,301.713134765625,-0.7044419949430947,299.34508361816404,289.8230941772461,275.19111328125,2.0349667258637685,0.0828193969923347,-0.3675807178570967,Train
2023-05-11,TSLA,172.0800018310547,2.1003967520705658,165.98799743652344,168.10249862670898,179.81939910888673,3.161316765875485,0.13985463410320154,-2.3826162598143963,Train
2023-05-12,AAPL,170.0375213623047,-0.5417484285912932,168.2901611328125,165.91001586914064,159.7793634033203,1.3955576514660866,0.2232611970347861,-0.2897273847118575,Train
2023-05-12,MSFT,300.6040954589844,-0.3675807178570967,299.51145935058594,290.9336868286133,276.3169805908203,2.006499604209888,0.11539264794857294,0.1585958450568636,Train
2023-05-12,TSLA,167.97999572753906,-2.3826162598143963,166.35499725341796,167.25149841308593,179.3609991455078,3.194304123400681,0.3302886027395298,-0.9703474612936968,Train
2023-05-15,AAPL,169.5448760986328,-0.2897273847118575,168.55760345458984,166.25824127197265,160.1981005859375,1.3997113341006313,0.23359786493550636,0.0,Train
2023-05-15,MSFT,301.0808410644531,0.1585958450568636,299.8909057617187,291.93871917724607,277.3710467529297,2.003255642145636,0.13121070152800815,0.7367458772040925,Train
2023-05-15,TSLA,166.35000610351562,-0.9703474612936968,166.80699768066407,166.21699905395508,178.73219940185547,3.1754716444885296,0.43999881514688866,0.1021930644472091,Train
2023-05-16,AAPL,169.5448760986328,0.0,168.9283660888672,166.54546203613282,160.56173583984375,1.3947667277864737,0.23954329862675003,0.3603001018873231,Train
2023-05-16,MSFT,303.2990417480469,0.7367458772040925,300.5067657470703,293.0755798339844,278.4387326049805,2.0010958716999623,0.09978353440489414,0.9451624656148016,Train
2023-05-16,TSLA,166.52000427246094,0.1021930644472091,167.4279983520508,165.32749938964844,178.18639953613285,3.170747638982676,0.6849551604020404,4.407876621166107,Train
2023-05-17,AAPL,170.15574645996094,0.3603001018873231,169.46746826171875,166.80615692138673,160.98147216796875,1.3902461020791694,0.23374012984315912,1.3666086556335388,Train
2023-05-17,MSFT,306.16571044921875,0.9451624656148016,301.50755615234374,294.3518783569336,279.6166781616211,2.002415161221274,0.1000288401911863,1.439500548122008,Train
2023-05-17,TSLA,173.86000061035156,4.407876621166107,168.75299835205078,164.9909996032715,177.9093994140625,3.326032089169601,0.6562917120598677,1.742780840135616,Train
2023-05-18,AAPL,172.48110961914062,1.3666086556335388,170.4024459838867,167.2313346862793,161.42272369384764,1.4032956573955684,0.20965871601055125,0.062855402848716,Train
2023-05-18,MSFT,310.5729675292969,1.439500548122008,302.85080871582034,295.9623748779297,280.89152587890624,1.990735561757878,0.05118788899872161,-0.0565400607555055,Train
2023-05-18,TSLA,176.88999938964844,1.742780840135616,170.3219985961914,165.6859992980957,177.80719940185546,2.4577308741799038,0.46172258395831245,1.8373000232992265,Train
2023-05-19,AAPL,172.5895233154297,0.062855402848716,170.58273468017578,167.74212570190429,161.9110122680664,1.3738649449895275,0.13993952318231087,-0.5480766348915034,Train
2023-05-19,MSFT,310.3973693847656,-0.0565400607555055,303.6666900634765,297.58111877441405,282.189714050293,1.9895900046476356,0.0873803499263274,0.8921256410687528,Train
2023-05-19,TSLA,180.13999938964844,1.8373000232992265,171.3299987792969,166.4389991760254,177.95159942626952,2.470858553230427,0.5528298653546357,4.846228354123516,Train
2023-05-22,AAPL,171.6436004638672,-0.5480766348915034,170.67532196044922,168.19036788940429,162.4215118408203,1.38722118110423,0.19913972315566814,-1.5155080503892138,Train
2023-05-22,MSFT,313.16650390625,0.8921256410687528,304.9540679931641,299.53241577148435,283.6158642578125,1.935597191676642,0.05953804782520579,-1.843168476608481,Train
2023-05-22,TSLA,188.8699951171875,4.846228354123516,173.03799896240236,167.75499877929687,178.26019927978516,2.607203234592133,0.3320216443200973,-1.641335799687582,Train
2023-05-23,AAPL,169.04232788085938,-1.5155080503892138,170.67800750732422,168.5852958679199,162.84121795654298,1.4192440472817245,0.2595591546444329,0.1632101074906522,Train
2023-05-23,MSFT,307.3943176269531,-1.843168476608481,305.8247589111328,301.50400695800784,284.82285736083986,1.90473084756345,0.11575812569928692,-0.447258564414299,Train
2023-05-23,TSLA,185.7700042724609,-1.641335799687582,174.7,169.00999908447267,178.4859994506836,2.6283721893799066,0.2797214851144357,-1.5449266889003166,Train
2023-05-24,AAPL,169.31822204589844,0.1632101074906522,170.5321517944336,168.99451065063477,163.2247219848633,1.4181471803809906,0.28379535530960065,0.6692237032078552,Train
2023-05-24,MSFT,306.0194702148437,-0.447258564414299,306.0413452148438,302.4363647460938,285.8686749267578,1.1368898150668796,0.16625277472967104,3.845777962245589,Train
2023-05-24,TSLA,182.8999938964844,-1.5449266889003166,176.13600006103516,170.46749877929688,178.47879943847656,2.4117102739636245,0.4600195195352815,0.8583965973816721,Train
2023-05-25,AAPL,170.4513397216797,0.6692237032078552,170.4809143066406,169.2316101074219,163.62301666259765,1.2871525439995877,0.302570041224747,1.4104757455196015,Train
2023-05-25,MSFT,317.7882995605469,3.845777962245589,307.64886169433595,303.49697265625,287.0593865966797,1.2281096436256842,0.12133474080922303,2.138556250298307,Train
2023-05-25,TSLA,184.47000122070312,0.8583965973816721,177.375,171.6814987182617,178.55919952392577,2.284227085612744,0.7570891994267296,4.716212332992487,Train
2023-05-26,AAPL,172.8555145263672,1.4104757455196015,170.76271362304686,169.52643737792968,164.01311187744142,1.3115327917654815,0.24021392329511038,1.06598021814297,Train
2023-05-26,MSFT,324.5843811035156,2.138556250298307,310.04689025878906,304.7791748046875,288.1766455078125,1.288768004576481,-0.03746072231722414,-0.5046737108687971,Train
2023-05-26,TSLA,193.1699981689453,4.716212332992487,179.8940002441406,173.1244987487793,178.73999938964843,2.421316562861943,1.0689524826330246,4.136255924264187,Train
2023-05-30,AAPL,174.6981201171875,1.06598021814297,171.27803802490234,169.9178207397461,164.45678619384765,1.3247935269253976,0.20115997594172225,-0.0282120314968548,Train
2023-05-30,MSFT,322.9462890625,-0.5046737108687971,312.2334350585937,306.0621704101562,289.1982940673828,1.2868803722665336,-0.01871848878678987,-0.8514024923117147,Train
2023-05-30,TSLA,201.16000366210932,4.136255924264187,183.375,175.09099884033202,179.16059936523436,2.461794758612428,0.8647882684278976,1.3770078361723836,Train
2023-05-31,AAPL,174.64883422851562,-0.0282120314968548,171.78843383789064,170.3583999633789,164.85224456787108,1.31119792147939,0.3189945876268143,1.6022490722786609,Train
2023-05-31,MSFT,320.1967163085937,-0.8514024923117147,313.92320251464844,307.21498413085936,290.30505126953125,1.3145651556826174,0.267310801901186,1.275899462896568,Train
2023-05-31,TSLA,203.92999267578125,1.3770078361723836,187.11599884033205,177.2719985961914,179.57419921875,2.4137354680327827,0.894109840364643,1.7604137329555236,Train
2023-06-01,AAPL,177.4471435546875,1.6022490722786609,172.51757354736327,170.992520904541,165.26667236328126,1.3250564730223622,0.17785298838258443,0.4775230850405876,Train
2023-06-01,MSFT,324.2821044921875,1.275899462896568,315.73484191894534,308.6211990356445,291.4633551025391,1.317775036727577,0.16650081891065557,0.8479423636721606,Train
2023-06-01,TSLA,207.5200042724609,1.7604137329555236,190.48199920654295,179.61749877929688,179.77299926757811,2.4033060937634576,1.3104786951655305,3.1081326211683136,Train
2023-06-02,AAPL,178.29449462890625,0.4775230850405876,173.09891204833986,171.75067901611328,165.72658203125,1.2851739000660105,0.17139727033818145,-0.7571006481291609,Train
2023-06-02,MSFT,327.0318298339844,0.8479423636721606,317.38072814941404,310.1157684326172,292.70564697265627,1.320126359671888,0.04466634124161672,0.1609902186217704,Train
2023-06-02,TSLA,213.97000122070312,3.1081326211683136,194.18999938964845,182.25599899291996,180.2293994140625,2.424386628247158,1.2162863230131549,1.7011727666879528,Train
2023-06-05,AAPL,176.9446258544922,-0.7571006481291609,173.5344223022461,172.05857849121094,166.13784759521485,0.8393886478660988,0.22102449631759313,-0.2060322468233844,Train
2023-06-05,MSFT,327.5583190917969,0.1609902186217704,319.0968231201172,311.3817565917969,293.8539752197266,1.2894838306845533,0.045221652716149495,-0.6727485367912678,Train
2023-06-05,TSLA,217.6100006103516,1.7011727666879528,197.93699951171877,184.6334991455078,180.73719940185543,2.23221106467068,0.9913954770214143,1.7002881015874216,Train
2023-06-06,AAPL,176.58006286621094,-0.2060322468233844,174.02806854248047,172.35169525146483,166.51584503173828,0.842495952845044,0.1874585060661336,-0.7756159487385061,Train
2023-06-06,MSFT,325.35467529296875,-0.6727485367912678,320.3156402587891,312.6348541259766,294.90160766601565,1.2907453478558226,0.0824397032885335,-3.0868037453867903,Train
2023-06-06,TSLA,221.3099975585937,1.7002881015874216,201.18099975585935,187.1094993591309,181.35519927978515,2.2334661747344,1.266247947239535,1.473051286244731,Train
2023-06-07,AAPL,175.21047973632812,-0.7756159487385061,174.64488372802734,172.66144561767578,166.90521850585938,0.8276388300695983,0.19680934574503164,1.5464972461797457,Train
2023-06-07,MSFT,315.3116149902344,-3.0868037453867903,321.1073699951172,313.466064453125,295.8299102783203,1.498441774486064,0.0907472791049158,0.5813805496658997,Train
2023-06-07,TSLA,224.57000732421875,1.473051286244731,205.06100006103517,189.8805000305176,182.01039947509764,2.131486673258346,1.8382813744880813,4.582087077762287,Train
2023-06-08,AAPL,177.92010498046875,1.5464972461797457,175.50507202148438,173.01861190795898,167.36118255615236,0.8621480953721126,0.17423833609517186,0.2159916680474438,Train
2023-06-08,MSFT,317.144775390625,0.5813805496658997,322.2199005126953,314.1306228637696,296.8172528076172,1.4615936560054985,0.14767703746139682,0.4704105001828162,Train
2023-06-08,TSLA,234.8600006103516,4.582087077762287,210.2570007324219,193.1965003967285,182.92379943847652,2.1962580668267635,1.9107973660875033,4.06199151040636,Train
2023-06-09,AAPL,178.3043975830078,0.2159916680474438,176.29037780761718,173.3856460571289,167.76343353271486,0.8618322705058351,0.1398551651781235,1.5638632178717415,Train
2023-06-09,MSFT,318.6366577148437,0.4704105001828162,322.30473632812493,314.97679901123047,297.73169311523435,1.445821878225165,0.0679238897755961,1.5483829938763185,Train
2023-06-09,TSLA,244.3999938964844,4.06199151040636,216.25,196.8125,183.93419921875,2.2582163088191964,1.5558356037402659,2.221770896144193,Train
2023-06-12,AAPL,181.09283447265625,1.5638632178717415,177.1141098022461,173.93841171264648,168.19016296386718,0.8927152650498257,0.13999764319409794,-0.2611622753431297,Train
2023-06-12,MSFT,323.57037353515625,1.5483829938763185,322.203335571289,316.12511291503904,298.6759246826172,1.4637991730473712,0.10004560113015394,0.7352618008491074,Train
2023-06-12,TSLA,249.8300018310547,2.221770896144193,221.9160003662109,200.90500030517575,185.0251992797852,2.033582931568958,1.6241759107998877,3.5544128242966044,Train
2023-06-13,AAPL,180.6198883056641,-0.2611622753431297,177.70628662109374,174.49216232299804,168.55744750976564,0.8917120113870698,0.1453895992101784,0.3491394221813104,Train
2023-06-13,MSFT,325.949462890625,0.7352618008491074,322.50365295410154,317.36854400634763,299.5850384521484,1.464909455238907,0.08575035094202041,0.9123829946917406,Train
2023-06-13,TSLA,258.7099914550781,3.5544128242966044,227.6709991455078,205.52299957275392,186.05019897460937,1.932106382192044,0.9214609161580765,-0.7421371317580694,Train
2023-06-14,AAPL,181.25050354003903,0.3491394221813104,178.3664535522461,175.07744369506835,168.91235229492187,0.8885160237314486,0.1254036967031897,1.119869935706186,Train
2023-06-14,MSFT,328.9233703613281,0.9123829946917406,323.376318359375,318.6497604370117,300.5744512939453,1.4675095046474995,0.09635789921228803,3.18966287477056,Train
2023-06-14,TSLA,256.7900085449219,-0.7421371317580694,232.95700073242188,210.03649978637696,187.29059906005855,1.989868314600736,0.73264500246531,-0.3465923979989127,Train
2023-06-15,AAPL,183.2802734375,1.119869935706186,178.94976654052735,175.73367004394532,169.31847900390625,0.9055839029039756,0.1398134717450402,-0.5859988997170662,Train
2023-06-15,MSFT,339.4149169921875,3.18966287477056,324.889599609375,320.31222076416014,301.77466796875,1.5907114191686431,0.06250497508807289,-1.6575693394718316,Train
2023-06-15,TSLA,255.8999938964844,-0.3465923979989127,237.7949996948242,214.1384994506836,188.5569989013672,1.9971920115466897,0.6596473407059364,1.813214052015355,Train
2023-06-16,AAPL,182.2062530517578,-0.5859988997170662,179.3409423828125,176.21992721557618,169.73992553710937,0.8984024404362728,0.12882518260689985,0.0486639847739001,Train
2023-06-16,MSFT,333.78887939453125,-1.6575693394718316,325.5653045654297,321.4730163574219,302.917626953125,1.647135269430962,0.05064532828317512,-1.2502475407297098,Train
2023-06-16,TSLA,260.5400085449219,1.813214052015355,242.4520004272461,218.32099990844728,190.0573989868164,1.9968320996547944,0.9376240951059246,5.338912722001776,Train
2023-06-20,AAPL,182.294921875,0.0486639847739001,179.87597198486327,176.7051971435547,170.1454345703125,0.898587274604132,0.1407935547868251,-0.5675121872823707,Train
2023-06-20,MSFT,329.6156921386719,-1.2502475407297098,325.7710418701172,322.4339324951172,303.8358520507812,1.6847526710620462,0.08150360884869466,-1.328219907198014,Train
2023-06-20,TSLA,274.45001220703125,5.338912722001776,248.1360015869141,223.0365005493164,191.8451992797852,2.133107286081252,-0.06315818690552429,-5.46184007477668,Train
2023-06-21,AAPL,181.2603759765625,-0.5675121872823707,180.34400329589843,177.18603591918946,170.58200927734376,0.8995373758736771,0.16484217317189612,1.65251012704688,Train
2023-06-21,MSFT,325.2376708984375,-1.328219907198014,325.75934143066405,323.03749084472656,304.70952087402344,1.7175056603992145,0.3742380255442309,1.8437444522053648,Train
2023-06-21,TSLA,259.4599914550781,-5.46184007477668,251.9510009765625,226.56600036621091,193.34419921875,2.633630756019265,-0.28836396546054904,1.9848894111198725,Train
2023-06-22,AAPL,184.25572204589844,1.65251012704688,181.24852752685547,177.94670562744142,171.10269622802736,0.8445715100477008,0.11698872728336107,-0.171100163034199,Train
2023-06-22,MSFT,331.2342224121094,1.8437444522053648,327.3516021728516,324.2294860839844,305.8307678222656,1.6838330196103637,0.13184996813927696,-1.380593470557956,Train
2023-06-22,TSLA,264.6099853515625,1.9848894111198725,255.9549987792969,230.507999420166,194.9005990600586,2.5186350859050983,-0.5368626370047384,-3.027088806722378,Train
2023-06-23,AAPL,183.94046020507807,-0.171100163034199,181.8505630493164,178.67781753540038,171.63085327148437,0.8534986293225906,0.12245757559848265,-0.7552890892050246,Train
2023-06-23,MSFT,326.6612243652344,-1.380593470557956,328.3032470703125,325.2615737915039,306.8477130126953,1.7207173098269062,0.09347511698398193,-1.9163053932465648,Train
2023-06-23,TSLA,256.6000061035156,-3.027088806722378,258.1289993286133,234.1930000305176,196.42179931640624,2.641498056436858,-0.5388307388441514,-6.060016633625775,Train
2023-06-26,AAPL,182.5511779785156,-0.7552890892050246,182.2752410888672,179.28280944824218,172.0237759399414,0.8901238383142817,0.18480698241266955,1.5058835605183063,Train
2023-06-26,MSFT,320.4013977050781,-1.9163053932465648,328.47972106933594,325.3922286987305,307.6159014892578,1.5795951613528307,0.20575824697082357,1.8168166552099183,Train
2023-06-26,TSLA,241.0500030517578,-6.060016633625775,257.79400024414065,237.02200012207032,197.5247994995117,3.164356094119867,0.09978805538967181,3.800042956291749,Train
2023-06-27,AAPL,185.30018615722656,1.5058835605183063,182.69597625732425,179.90504302978516,172.4785662841797,0.8963557385505376,0.17083080810598336,0.632790322462462,Train
2023-06-27,MSFT,326.2225036621094,1.8168166552099183,328.74493408203125,325.47413482666013,308.5725067138672,1.5587359593192525,0.15414123853181255,0.3825847017196793,Train
2023-06-27,TSLA,250.2100067138672,3.800042956291749,257.8320007324219,239.8740005493164,198.82899963378907,3.1200618412750045,0.1607044912311796,2.40996896954786,Train
2023-06-28,AAPL,186.4727478027344,0.632790322462462,183.2812622070313,180.4937744140625,172.95641387939452,0.8833345251438399,0.11508230027176808,0.1796463338613385,Train
2023-06-28,MSFT,327.4705810546875,0.3825847017196793,328.8970458984375,325.70034942626955,309.502314453125,1.5551385082054163,0.09857850544465262,-0.2382169199806605,Train
2023-06-28,TSLA,256.239990234375,2.40996896954786,257.5850006103516,242.62799987792968,200.21299957275392,3.0622325213908885,0.1796240412997462,0.4917303362650393,Train
2023-06-29,AAPL,186.8077392578125,0.1796463338613385,183.83698577880855,181.10171966552736,173.4165594482422,0.8801107365225622,0.13281964324220294,2.3102630218730718,Train
2023-06-29,MSFT,326.69049072265625,-0.2382169199806605,328.6737579345703,326.02503814697263,310.4248876953125,1.5417742479949346,0.12258683513848923,1.6385810211570373,Train
2023-06-29,TSLA,257.5,0.4917303362650393,257.6559997558594,245.30650024414064,201.67679962158203,3.0668846882288463,0.14354490570865058,1.6582481606492785,Train
2023-06-30,AAPL,191.1234893798828,2.3102630218730718,184.62130737304688,181.7855369567871,173.94019226074218,0.9453446516993071,0.2265535948741785,-0.778485819572905,Train
2023-06-30,MSFT,332.0435791015625,1.6385810211570373,327.93662414550784,326.4131118774414,311.45296447753907,1.558232632443618,0.0929490799860054,-0.7488232973702047,Train
2023-06-30,TSLA,261.7699890136719,1.6582481606492785,258.2429992675781,248.0189994812012,203.3003994750977,3.066019028831397,0.9104778801975415,6.895373445427366,Train
2023-07-03,AAPL,189.6356201171875,-0.778485819572905,185.36424407958984,182.3525932312012,174.45335357666016,0.9793623559562838,0.10779958919894263,-0.5871357809326572,Train
2023-07-03,MSFT,329.5571594238281,-0.7488232973702047,327.5134521484375,326.5393783569336,312.47684692382813,1.560409638422925,0.10541756871070387,0.0473380276877488,Train
2023-07-03,TSLA,279.82000732421875,6.895373445427366,260.17099914550784,251.3114997863769,205.6369995117188,3.297437712246443,-0.21067009913232648,0.9506123909958086,Train
2023-07-05,AAPL,188.522201538086,-0.5871357809326572,185.98697204589843,182.93147201538085,174.97632354736328,0.9702802238367698,0.13121693301091975,0.2508783697211747,Train
2023-07-05,MSFT,329.7131652832031,0.0473380276877488,327.5231994628906,326.6471206665039,313.51066040039063,1.5601912263376152,0.10105088305486372,0.9226732849310748,Train
2023-07-05,TSLA,282.4800109863281,0.9506123909958086,260.9739990234375,254.55500030517575,207.9849996948242,3.298130289578651,-0.40943076774430154,-2.1028045208104085,Train
2023-07-06,AAPL,188.9951629638672,0.2508783697211747,186.7604507446289,183.55222702026367,175.50265167236327,0.962545398548456,0.22432672274511486,-0.5891496575928912,Train
2023-07-06,MSFT,332.7553405761719,0.9226732849310748,328.27496643066405,327.01715393066405,314.6829559326172,1.562381559216694,0.07788441009399655,-1.1867501818414894,Train
2023-07-06,TSLA,276.5400085449219,-2.1028045208104085,262.6820007324219,257.3165008544922,210.2647998046875,3.386235824042884,-0.19990718791241588,-0.7630056425625198,Train
2023-07-07,AAPL,187.88169860839844,-0.5891496575928912,187.1230484008789,184.1857879638672,176.03741027832032,0.9519678721976588,0.13486711740946655,-1.0855748977809276,Train
2023-07-07,MSFT,328.8063659667969,-1.1867501818414894,328.0321807861328,327.6918914794922,315.89983337402344,1.4068912744879478,0.11705554178860615,-1.598355052710021,Train
2023-07-07,TSLA,274.42999267578125,-0.7630056425625198,263.6640014648437,259.8095001220703,212.53999969482425,3.412680445294662,0.024158980105422435,-1.7563704598109409,Train
2023-07-10,AAPL,185.84210205078125,-1.0855748977809276,187.3132125854492,184.5818878173828,176.53157379150392,0.9603341735119652,0.16981153997002996,-0.2810002637251174,Train
2023-07-10,MSFT,323.5508728027344,-1.598355052710021,327.7211456298828,328.01219635009767,316.62340454101565,1.4607488895892764,0.0915862154569926,0.1928671779168667,Train
2023-07-10,TSLA,269.6099853515625,-1.7563704598109409,264.9649993896484,261.54699935913084,214.85719940185547,3.362621911467159,-0.11515846499887576,0.0667717084456676,Train
2023-07-11,AAPL,185.31988525390625,-0.2810002637251174,187.59008331298827,184.93266220092767,176.9237844848633,0.9669163686014668,0.19779337420217527,0.8985581374056029,Train
2023-07-11,MSFT,324.1748962402344,0.1928671779168667,328.09849548339844,328.2891082763672,317.17537963867187,1.4584626969257002,0.14380275617919128,1.4226886675089645,Train
2023-07-11,TSLA,269.7900085449219,0.0667717084456676,267.83899993896483,262.8165000915527,217.04919952392575,3.2727365240200075,0.04811834430485314,0.8154422401772665,Train
2023-07-12,AAPL,186.985092163086,0.8985581374056029,187.75857391357425,185.2272750854492,177.32430694580077,0.9281020155568376,0.17118209634966536,0.4057529405092408,Train
2023-07-12,MSFT,328.7868957519531,1.4226886675089645,328.3549346923828,328.54993438720703,317.7723107910156,1.4521330478167616,0.13386394408354363,1.6192225337115174,Train
2023-07-12,TSLA,271.989990234375,0.8154422401772665,270.0169982910156,263.92449951171875,219.2027993774414,3.249871596910453,0.017496420103603708,2.172875427149612,Train
2023-07-13,AAPL,187.7437896728516,0.4057529405092408,187.88567810058595,185.5834701538086,177.74177368164064,0.923983081987244,0.1735715772682688,0.0787387687736673,Train
2023-07-13,MSFT,334.1106872558594,1.6192225337115174,329.0189453125,328.95799560546874,318.5087969970703,1.4858676218005944,0.14665403420003925,0.7529133490175921,Train
2023-07-13,TSLA,277.8999938964844,2.172875427149612,272.18299865722656,264.8839996337891,221.52419921875,3.1952179588337333,-0.02879960869089616,1.2522529912772915,Train
2023-07-14,AAPL,187.89161682128903,0.0787387687736673,187.9940658569336,185.9155258178711,178.18286102294925,0.9236277768288644,0.18085558757997408,1.7305489470438085,Train
2023-07-14,MSFT,336.6262512207031,0.7529133490175921,330.0125213623047,329.3431396484375,319.29851318359374,1.481894357260805,0.10633207161120506,0.1419419070765926,Train
2023-07-14,TSLA,281.3800048828125,1.2522529912772915,274.5709991455078,266.1134994506836,223.9455993652344,3.1885844816242312,-0.02238948114096164,3.1985215167468217,Train
2023-07-17,AAPL,191.14317321777344,1.7305489470438085,187.99603424072265,186.3086708068848,178.71042999267578,0.9653428845050844,0.12803948131697618,-0.1340330727205518,Train
2023-07-17,MSFT,337.10406494140625,0.1419419070765926,330.51856994628906,329.22759704589845,320.1174383544922,1.2952387150763671,0.1809528704878274,3.9799656461854127,Train
2023-07-17,TSLA,290.3800048828125,3.1985215167468217,277.4320007324219,267.8375,226.5409994506836,3.236829532338948,-0.3469818776545769,1.01935099018704,Train
2023-07-18,AAPL,190.8869781494141,-0.1340330727205518,188.1211700439453,186.7427070617676,179.26554290771483,0.9507940983364752,0.09752814766742789,0.7071720161736517,Train
2023-07-18,MSFT,350.52069091796875,3.9799656461854127,332.61492309570315,330.06418762207034,321.18504333496094,1.5161232870597856,0.04383133583846024,-1.2267429296991428,Train
2023-07-18,TSLA,293.3399963378906,1.01935099018704,278.78399963378905,269.4774993896484,229.18379943847657,3.227104680820241,-0.49725688010203867,-0.7090702250741598,Train
2023-07-19,AAPL,192.23687744140625,0.7071720161736517,188.49263763427732,187.23980484008788,179.6945477294922,0.9553109816793492,0.0670802041809259,-1.0097364466509997,Train
2023-07-19,MSFT,346.220703125,-1.2267429296991428,334.2656768798828,330.8944381713867,322.0646862792969,1.5149031311841674,-0.0028301108352955535,-2.312136843144441,Train
2023-07-19,TSLA,291.260009765625,-0.7090702250741598,279.6619995117188,270.3179992675781,231.6077996826172,3.042089961222403,-0.9434156960583286,-9.737009860008497,Train
2023-07-20,AAPL,190.29579162597656,-1.0097364466509997,188.6227005004883,187.6915756225586,180.08610900878907,0.9805056707701576,0.08494862993726575,-0.6161784427752726,Train
2023-07-20,MSFT,338.2156066894531,-2.312136843144441,334.8117034912109,331.5433349609375,322.8231439208984,1.583509977022347,0.06487954743991799,-0.8937123245534528,Train
2023-07-20,TSLA,262.8999938964844,-9.737009860008497,278.297998046875,270.48999938964846,233.42999969482423,3.5748992038688625,-0.18288648218508846,-1.0954754468143868,Train
2023-07-21,AAPL,189.12322998046875,-0.6161784427752726,188.74685363769527,187.9349510192871,180.48826416015623,0.9398635132602916,0.082697357864625,0.4220219163846739,Train
2023-07-21,MSFT,335.19293212890625,-0.8937123245534528,335.4503601074219,331.7412704467773,323.5532543945312,1.552658105879566,0.22871438697628246,0.3897901617338384,Train
2023-07-21,TSLA,260.0199890136719,-1.0954754468143868,276.85699768066405,270.260499572754,235.247399597168,3.5570006850796245,0.04796067603664508,3.476659075024613,Train
2023-07-24,AAPL,189.9213714599609,0.4220219163846739,189.15478057861327,188.23399658203124,180.87115600585935,0.9390662096570748,0.08669543681352071,0.4513490216312421,Train
2023-07-24,MSFT,336.4994812011719,0.3897901617338384,336.74522094726564,332.2331832885742,324.206171875,1.5155805415168828,0.1132178983099333,1.7009064142788022,Train
2023-07-24,TSLA,269.0599975585937,3.476659075024613,276.8019989013672,270.8834991455078,237.2577996826172,3.5654758744432824,-0.20745361687800468,-1.404890661412295,Train
2023-07-25,AAPL,190.7785797119141,0.4513490216312421,189.70065002441407,188.6453666687012,181.26745330810547,0.915338751283244,0.07622042093078325,0.4545038277226743,Train
2023-07-25,MSFT,342.2230224609375,1.7009064142788022,338.55003356933594,333.3242645263672,325.01636962890626,1.4699943009075238,0.014766237451112073,-3.76374491660576,Train
2023-07-25,TSLA,265.2799987792969,-1.404890661412295,276.3509979248047,272.0949989318848,239.12179962158203,3.2680307893413763,-0.37901916285411924,-0.350570220167623,Train
2023-07-26,AAPL,191.6456756591797,0.4545038277226743,190.16670837402344,188.96264114379883,181.69961639404295,0.866784325988243,0.018667574096246867,-0.6580974006446527,Train
2023-07-26,MSFT,329.3426208496094,-3.76374491660576,338.6056060791016,333.4802703857422,325.5911401367188,1.6883714576128466,-0.005721190217723855,-2.087213751722472,Train
2023-07-26,TSLA,264.3500061035156,-0.350570220167623,275.5869995117188,272.8019989013672,241.04919982910155,3.180182079890216,-0.30949700547460685,-3.2683938680391544,Train
2023-07-27,AAPL,190.38446044921875,-0.6580974006446527,190.43077545166017,189.15822677612303,182.1164080810547,0.8786508994829599,0.04487954429273905,1.3507855551591064,Train
2023-07-27,MSFT,322.4685363769531,-2.087213751722472,337.44139099121094,333.2301681518555,326.0188940429687,1.752719906716924,0.2004245745768762,2.3131174320259795,Train
2023-07-27,TSLA,255.7100067138672,-3.2683938680391544,273.36800079345704,272.7754997253418,242.8363998413086,3.2371554219545646,0.5185327963282503,4.196157931177735,Train
2023-07-28,AAPL,192.9561462402344,1.3507855551591064,190.93722839355468,189.46564712524412,182.5846334838867,0.9216829949967767,0.053372247375311155,0.3166008913474405,Train
2023-07-28,MSFT,329.9276123046875,2.3131174320259795,336.7715270996094,333.392024230957,326.5514654541016,1.8303712073330292,0.10357972838989657,-0.7240357751889137,Train
2023-07-28,TSLA,266.44000244140625,4.196157931177735,271.8740005493164,273.2224998474121,244.8347998046875,3.367679057771844,-0.19675646438740926,0.371562162326855,Train
2023-07-31,AAPL,193.56704711914065,0.3166008913474405,191.17961578369145,189.58782501220705,183.0528594970703,0.7734682318754084,0.01418969412666949,-0.4275789654577089,Train
2023-07-31,MSFT,327.538818359375,-0.7240357751889137,335.81500244140625,333.16678619384766,326.9789276123047,1.7994634886307868,0.03872089158037184,0.1250187276526038,Train
2023-07-31,TSLA,267.42999267578125,0.371562162326855,269.5789993286133,273.5055000305176,246.7061996459961,3.3511221437918155,-0.20327328259246097,-2.3781870118334214,Train
2023-08-01,AAPL,192.7393951416016,-0.4275789654577089,191.36485748291017,189.7430137634277,183.45802520751957,0.7571015467661557,-0.0069685161700095595,-1.5490086624815105,Train
2023-08-01,MSFT,327.94830322265625,0.1250187276526038,333.557763671875,333.0863433837891,327.32643432617186,1.7922711531329505,0.04442051999469422,-2.6282754571146483,Train
2023-08-01,TSLA,261.07000732421875,-2.3781870118334214,266.3520004272461,272.5680000305176,248.3897998046875,2.992741396446136,-0.4375403762763451,-2.665954157355055,Train
2023-08-02,AAPL,189.7538452148437,-1.5490086624815105,191.1165542602539,189.8045959472656,183.8013116455078,0.8291001756212886,-0.012324554810462272,-0.732157750889606,Train
2023-08-02,MSFT,319.32891845703125,-2.6282754571146483,330.86858520507815,332.56713104248047,327.5050653076172,1.885272976070094,0.1741736392826995,-0.2564849953697323,Train
2023-08-02,TSLA,254.1100006103516,-2.665954157355055,262.6369995117187,271.1494995117188,249.8691998291016,3.0221704388367825,-0.062080675037819805,2.050295817304759,Train
2023-08-03,AAPL,188.3645477294922,-0.732157750889606,190.92342987060547,189.77306518554687,184.13573059082032,0.8446728312507114,-0.018109417744150938,-4.802003846359792,Train
2023-08-03,MSFT,318.5098876953125,-0.2564849953697323,328.89801330566405,331.8548583984375,327.61193298339845,1.868556219366571,0.07486167805043845,0.3428593766827248,Train
2023-08-03,TSLA,259.32000732421875,2.050295817304759,262.2790008544922,270.2884994506836,251.27820007324215,3.0475966881902505,-0.3581599558317901,-2.1055092394165698,Train
2023-08-04,AAPL,179.31927490234375,-4.802003846359792,189.94303436279296,189.3449440002441,184.34126953125,1.3624367221744786,-0.4152254782141647,-1.7253682563486916,Train
2023-08-04,MSFT,319.6019287109375,0.3428593766827248,327.3389129638672,331.3946365356445,327.8560852050781,1.8573969934447736,0.051983641146849766,0.7108375706932124,Train
2023-08-04,TSLA,253.8600006103516,-2.1055092394165698,261.66300201416016,269.25999984741213,252.64,3.073574563606791,-0.3193487309073763,-0.949343597382446,Train
2023-08-07,AAPL,176.22535705566406,-1.7253682563486916,188.57343292236328,188.86410675048828,184.4794122314453,1.390944653407748,-0.018104845339474304,0.5311667007962928,Train
2023-08-07,MSFT,321.873779296875,0.7108375706932124,325.8763427734375,331.31078186035154,328.1731713867188,1.832627566313412,0.08552725211306901,-1.229914024249179,Train
2023-08-07,TSLA,251.4499969482422,-0.949343597382446,259.902001953125,268.3520004272461,254.0110000610352,3.0593010949866115,-0.4648869602630251,-0.6959634206558429,Train
2023-08-08,AAPL,177.16140747070312,0.5311667007962928,187.2117156982422,188.45618286132813,184.61361358642577,1.4019867222968967,0.005779352339200589,-0.8954347161393428,Train
2023-08-08,MSFT,317.9150085449219,-1.229914024249179,323.44554138183594,330.99778747558594,328.17570556640624,1.851851718172956,0.034533008226617985,-1.1715931333987184,Train
2023-08-08,TSLA,249.6999969482422,-0.6959634206558429,258.3440017700196,267.3474998474121,255.31559997558597,3.0592131997992005,-0.6151545150411425,-3.007606967809695,Train
2023-08-09,AAPL,175.57504272460938,-0.8954347161393428,185.6046524047852,187.88568038940429,184.66800415039063,1.3842455368911264,-0.047930227560024186,-0.1234694936403713,Train
2023-08-09,MSFT,314.1903381347656,-1.1715931333987184,321.9303131103516,330.26795959472656,327.96782470703124,1.831719952761354,0.013145173601761286,0.2172428841688223,Train
2023-08-09,TSLA,242.19000244140625,-3.007606967809695,256.1280014038086,265.85750045776365,256.2960000610352,3.102328887477249,-0.5041584641963008,1.3006292021680244,Train
2023-08-10,AAPL,175.35826110839844,-0.1234694936403713,184.10203247070316,187.26640396118165,184.68120697021484,1.3749700004278245,-0.1465687445108623,0.0337617978122484,Train
2023-08-10,MSFT,314.8728942871094,0.2172428841688223,321.1707489013672,329.3060699462891,327.8063568115234,1.784207667482571,0.023187954394159292,-0.5945479418730137,Train
2023-08-10,TSLA,245.33999633789065,1.3006292021680244,255.09100036621092,264.229500579834,257.1795999145508,3.0682536626111885,-0.5248906562148524,-1.096438608281991,Train
2023-08-11,AAPL,175.41746520996094,0.0337617978122484,182.3481643676758,186.64269638061523,184.6965795898437,1.374300318050223,0.0016826271144271348,0.939305032228588,Train
2023-08-11,MSFT,313.0008239746094,-0.5945479418730137,319.4780700683594,328.1247985839844,327.6624389648438,1.7684842682770348,0.026537535798188513,0.9439169315660134,Train
2023-08-11,TSLA,242.6499938964844,-1.096438608281991,252.71199951171877,262.2930000305176,257.95399993896484,3.0394429856852114,-0.5571938410161366,-1.1910156448968756,Train
2023-08-14,AAPL,177.06517028808594,0.939305032228588,180.6979766845703,185.93879623413085,184.68894012451173,1.3221463644566018,0.012112599261022441,-1.1200310096144084,Train
2023-08-14,MSFT,315.9552917480469,0.9439169315660134,318.31971740722656,327.0673599243164,327.49590270996094,1.7891571480784705,0.11971216751494622,-0.6727760041486563,Train
2023-08-14,TSLA,239.759994506836,-1.1910156448968756,249.94499969482425,259.7619995117187,258.5987997436524,2.89891617111294,-0.6616699768362228,-2.836164476461433,Train
2023-08-15,AAPL,175.0819854736328,-1.1200310096144084,178.93223571777344,185.1485466003418,184.62468994140625,1.331106754478206,-0.0483916073600163,-0.4958875903300352,Train
2023-08-15,MSFT,313.8296203613281,-0.6727760041486563,316.90784912109376,325.2328063964844,327.2318585205078,1.4775938118716874,0.0967310733684994,-0.2428631538330727,Train
2023-08-15,TSLA,232.9600067138672,-2.836164476461433,247.13399963378907,256.7430000305176,258.9785998535156,2.891906386017475,-0.7831668760284158,-3.1593408302874493,Train
2023-08-16,AAPL,174.21377563476562,-0.4958875903300352,177.37822875976562,184.24739151000975,184.57007293701173,1.304276959940621,-0.02716272728277762,-1.4555138117907984,Train
2023-08-16,MSFT,313.06744384765625,-0.2428631538330727,316.2817016601563,323.5751434326172,326.942041015625,1.46991550304508,0.011117715018757796,-1.0986203372508996,Train
2023-08-16,TSLA,225.6000061035156,-3.1593408302874493,244.28300018310543,253.4599998474121,259.1383999633789,2.9259600508547527,-0.8237431292898509,-2.828016272253575,Train
2023-08-17,AAPL,171.67807006835938,-1.4555138117907984,175.70958099365234,183.3165054321289,184.4720330810547,1.31749818361258,-0.07359142087173375,0.2816081707254447,Train
2023-08-17,MSFT,309.6280212402344,-1.0986203372508996,315.3935150146484,322.14576416015626,326.6275079345703,1.4148286774858896,0.13006246187488274,-0.1262185844496111,Train
2023-08-17,TSLA,219.22000122070312,-2.828016272253575,240.27299957275392,251.27600021362304,259.0966000366211,2.18155437112043,-0.2067750864536562,-1.7014851321818014,Train
2023-08-18,AAPL,172.16152954101562,0.2816081707254447,174.99380645751953,182.46842041015623,184.41105407714844,1.3287594023131897,0.1005615345317397,0.7736658471876323,Train
2023-08-18,MSFT,309.2372131347656,-0.1262185844496111,314.35704345703124,320.84797821044924,326.50601989746093,1.4120236936144517,0.1320974860264123,1.7062326033976838,Train
2023-08-18,TSLA,215.4900054931641,-1.7014851321818014,236.43600006103517,249.04950103759765,258.915,2.1888735293944084,0.7195766921073192,7.3274828918382,Train
2023-08-21,AAPL,173.4934844970703,0.7736658471876323,174.72061920166016,181.6470260620117,184.3225216674805,1.3432940030090128,0.10697318707584041,0.7904965220527638,Train
2023-08-21,MSFT,314.5135192871094,1.7062326033976838,313.6210174560547,319.7486801147461,326.4533947753906,1.4794878027489955,0.03202893565069484,0.1802157757162081,Train
2023-08-21,TSLA,231.27999877929688,7.3274828918382,234.41900024414065,247.1605010986328,258.8433999633789,2.7040015561214363,0.158512593191223,0.8258403978685713,Train
2023-08-22,AAPL,174.8649444580078,0.7904965220527638,174.49097290039063,180.8513442993164,184.25373260498048,1.3572410346188633,0.0457311583718868,2.1948788777332195,Train
2023-08-22,MSFT,315.080322265625,0.1802157757162081,313.337548828125,318.3915451049805,326.38226806640625,1.4070989558835232,0.06791498117649958,1.4079254964283194,Train
2023-08-22,TSLA,233.19000244140625,0.8258403978685713,232.76800079345705,245.55600128173828,258.6192001342773,2.720206903397428,0.30984616928906916,1.573823118710882,Train
2023-08-23,AAPL,178.70301818847656,2.1948788777332195,174.80377044677735,180.20421142578124,184.20593627929688,1.4679193510150714,-0.04215960667990637,-2.6170558616796624,Train
2023-08-23,MSFT,319.51641845703125,1.4079254964283194,313.8701568603516,317.9002349853516,326.30118896484373,1.2196748322588915,0.030124053684989965,-2.149836187766208,Train
2023-08-23,TSLA,236.8600006103516,1.573823118710882,232.2350006103516,244.18150100708007,258.3598001098633,2.7634864785040203,0.17452819514153917,-2.879341090367593,Train
2023-08-24,AAPL,174.02626037597656,-2.6170558616796624,174.67057037353516,179.38630142211915,184.07406372070312,1.5532361556422642,-0.01031761066963519,1.264306792161496,Train
2023-08-24,MSFT,312.6473388671875,-2.149836187766208,313.64760131835936,317.40917510986327,326.035146484375,1.2249940465082982,0.11426536482053117,0.9406990532198288,Train
2023-08-24,TSLA,230.0399932861328,-2.879341090367593,230.7050003051758,242.89800033569333,257.7864001464844,2.7443648398033336,0.951309120211645,3.716746349024192,Train
2023-08-25,AAPL,176.2264862060547,1.264306792161496,174.75147247314453,178.54981842041016,183.97358337402343,1.5481105288325103,0.07941031483126014,0.8846083344971944,Train
2023-08-25,MSFT,315.5884094238281,0.9406990532198288,313.90635986328124,316.6922149658203,325.768447265625,1.113251813032639,0.12647888271721838,0.2229334871259203,Train
2023-08-25,TSLA,238.58999633789065,3.716746349024192,230.2990005493164,241.5055000305176,257.4223999023437,2.7030396854629144,0.42695064134354266,0.0964042876308912,Train
2023-08-28,AAPL,177.785400390625,0.8846083344971944,174.82349548339843,177.76073608398437,183.86368591308596,1.5678227470923325,0.12082649608414757,2.18104452155905,Train
2023-08-28,MSFT,316.2919616699219,0.2229334871259203,313.9400268554688,316.12987213134767,325.30598815917966,1.1106424804699642,0.12580143850148004,1.4550394601445138,Train
2023-08-28,TSLA,238.82000732421875,0.0964042876308912,230.2050018310547,240.07500076293945,257.08080017089844,2.698979479204427,0.5829970073479499,7.687791972402569,Train
2023-08-29,AAPL,181.66297912597656,2.18104452155905,175.48159484863282,177.20691528320313,183.8528204345703,1.6715769420046336,-0.0015606479231297487,1.917228768468937,Train
2023-08-29,MSFT,320.8941345214844,1.4550394601445138,314.6464782714844,315.77716369628905,325.04809326171875,1.167514657316357,0.08677826748754343,0.1157007297819312,Train
2023-08-29,TSLA,257.17999267578125,7.687791972402569,232.6270004272461,239.8805000305176,257.01359985351564,3.223748982249625,-0.0009462352559207554,-0.1088726912166326,Train
2023-08-30,AAPL,185.1458740234375,1.917228768468937,176.5748046875,176.9765167236328,183.90983947753907,1.7124951537821151,0.020745028337287502,0.1172435164154217,Train
2023-08-30,MSFT,321.2654113769531,0.1157007297819312,315.4662750244141,315.87398834228514,324.8810876464844,1.004947241697932,0.12171429166610911,-0.3132544426475148,Train
2023-08-30,TSLA,256.8999938964844,-0.1088726912166326,235.75699920654296,240.0199996948242,256.6625994873047,3.1637216466492752,0.07369381875932873,0.4593198535678855,Train
2023-08-31,AAPL,185.36294555664065,0.1172435164154217,177.94329223632812,176.82643661499023,183.99189086914063,1.7067436283333184,0.04993071709835002,0.8463406077043656,Train
2023-08-31,MSFT,320.259033203125,-0.3132544426475148,316.5293762207031,315.9614456176758,324.7815148925781,1.0058937105403798,0.08254688786693898,0.2745789884134542,Train
2023-08-31,TSLA,258.0799865722656,0.4593198535678855,239.6429977416992,239.95799865722657,256.63499938964844,3.1319711621190938,-0.1895989431131179,-5.064318329763207,Train
2023-09-01,AAPL,186.93174743652344,0.8463406077043656,179.4203140258789,177.20706024169922,184.04541137695315,1.300951551003322,0.11501184327022232,0.1266615399094783,Train
2023-09-01,MSFT,321.1383972167969,0.2745789884134542,317.71949462890626,316.03826904296875,324.57959838867185,1.004899210886127,0.14637537694091549,1.48784626681413,Train
2023-09-01,TSLA,245.009994506836,-5.064318329763207,242.5949966430664,239.5154983520508,256.2429995727539,3.302940973866831,0.7763291088756793,4.685521401135628,Train
2023-09-05,AAPL,187.16851806640625,0.1266615399094783,180.7878173828125,177.75421829223632,184.1099725341797,1.2188013447688009,-0.010864980861935793,-3.579334102705667,Train
2023-09-05,MSFT,325.9164428710937,1.48784626681413,318.8597869873047,316.2404022216797,324.56470275878905,1.0468022249890454,0.07917536602653671,-0.2008496549037564,Train
2023-09-05,TSLA,256.489990234375,4.685521401135628,245.11599578857425,239.76749801635745,256.2407992553711,3.465391159196282,-0.2726596057260329,-1.7817428513501543,Train
2023-09-06,AAPL,180.46913146972656,-3.579334102705667,181.3482360839844,177.9196044921875,184.0683316040039,1.4946737821341574,-0.10248641172506398,-2.924938013777534,Train
2023-09-06,MSFT,325.2618408203125,-0.2008496549037564,319.87793884277346,316.60774383544924,324.66191162109374,1.0040864956134554,0.08909909859852908,-0.8922067369851128,Train
2023-09-06,TSLA,251.9199981689453,-1.7817428513501543,246.9889953613281,239.87849807739255,256.45819915771483,3.487860244177335,-0.16189191444230785,-0.170686201534842,Train
2023-09-07,AAPL,175.19052124023438,-2.924938013777534,180.99698638916016,177.90037841796874,183.86613830566407,1.628907204492863,0.04722000278369177,0.3491594931090525,Train
2023-09-07,MSFT,322.3598327636719,-0.8922067369851128,320.1622802734375,317.0162185668945,324.584658203125,0.9869826479554772,0.09405124006751202,1.3215549583185382,Train
2023-09-07,TSLA,251.4900054931641,-0.170686201534842,248.45199584960943,240.34349822998047,256.4837991333008,3.411639557730976,-0.25644526867459694,-1.1889162304087542,Train
2023-09-08,AAPL,175.80221557617188,0.3491594931090525,181.1745819091797,177.9225761413574,183.6527276611328,1.630422664324049,0.10235031765796915,0.6622734406503961,Train
2023-09-08,MSFT,326.6199951171875,1.3215549583185382,321.5595458984375,317.60357360839845,324.567646484375,1.022201520410509,0.15023228401161856,1.0979395448842633,Train
2023-09-08,TSLA,248.5,-1.1889162304087542,250.29799652099612,240.50149841308595,256.3289993286133,3.416425926229766,1.0962593058091548,10.092549928477125,Train
2023-09-11,AAPL,176.9665069580078,0.6622734406503961,181.248583984375,178.00002822875976,183.45590301513676,1.636638050470625,-0.011580994745548367,-1.7060657923134048,Train
2023-09-11,MSFT,330.2060852050781,1.0979395448842633,323.0213134765625,318.4638366699219,324.6379583740234,1.0240394756810385,0.05204381985397175,-1.825780741618932,Train
2023-09-11,TSLA,273.5799865722656,10.092549928477125,253.7969955444336,242.047998046875,256.6505990600586,4.062129933352955,-0.7262248699364,-2.229686338670178,Train
2023-09-12,AAPL,173.9473419189453,-1.7060657923134048,180.86477813720705,177.84413681030273,183.112380065918,1.668155229792888,-0.02350280513612796,-1.1854755863100586,Train
2023-09-12,MSFT,324.17724609375,-1.825780741618932,323.8098419189453,318.874934387207,324.4806317138672,1.1120181842751669,0.09695317085605235,1.2930683897787842,Train
2023-09-12,TSLA,267.4800109863281,-2.229686338670178,256.6629959106445,243.4339988708496,256.7647994995117,4.093795766576803,0.1610524596632827,1.4281354305895722,Train
2023-09-13,AAPL,171.88523864746094,-1.1854755863100586,179.88700408935546,177.68429946899414,182.75737243652344,1.6703747874883914,0.0243032116870748,0.8782502391769809,Train
2023-09-13,MSFT,328.3690795898437,1.2930683897787842,324.5573364257813,319.60190734863284,324.4568701171875,1.1237345002374035,0.13082694218160706,0.785594941560408,Train
2023-09-13,TSLA,271.29998779296875,1.4281354305895722,258.07499542236326,245.3509979248047,256.5943991088867,4.014270958685201,0.3004131002993525,1.7471511114000693,Train
2023-09-14,AAPL,173.3948211669922,0.8782502391769809,178.71189880371094,177.64335174560546,182.4548248291016,1.6805432372608786,0.08462658888402169,-0.4153876195780559,Train
2023-09-14,MSFT,330.94873046875,0.785594941560408,325.5256683349609,320.4959716796875,324.48158142089846,1.1243580794074886,0.05812584153417437,-2.5037050944033745,Train
2023-09-14,TSLA,276.0400085449219,1.7471511114000693,259.988996887207,247.872998046875,256.4655990600586,3.90550749874386,0.15671754836433904,-0.5977372284481253,Train
2023-09-15,AAPL,172.674560546875,-0.4153876195780559,177.44306030273438,177.69317626953125,182.1284127807617,1.6492595757282662,0.08990513586610901,1.6913152592697325,Train
2023-09-15,MSFT,322.6627502441406,-2.5037050944033745,325.7660400390625,321.1477081298828,324.2797296142578,1.2519615847922652,0.03786199853300282,-0.3513000504208441,Train
2023-09-15,TSLA,274.3900146484375,-0.5977372284481253,261.61999969482423,250.63149871826167,256.4225991821289,3.818795149753627,-0.7549910178854866,-3.3200974462619715,Train
2023-09-18,AAPL,175.59503173828125,1.6913152592697325,176.30938873291015,177.86485137939454,181.88267944335936,1.689668606224441,0.07151603020626475,0.6181114089961248,Train
2023-09-18,MSFT,321.5292358398437,-0.3513000504208441,325.8051239013672,321.7623092651367,324.1341870117187,1.2561841552211523,0.1649038268049372,-0.1245934127888648,Train
2023-09-18,TSLA,265.2799987792969,-3.3200974462619715,263.6470001220703,253.1209983825684,256.2395993041992,3.899724183410938,-0.10913390786642749,0.4598918977371191,Train
2023-09-19,AAPL,176.68040466308594,0.6181114089961248,175.2605773925781,178.02419738769532,181.69944549560543,1.6868204371308877,0.030460581160398827,-1.9992180622608655,Train
2023-09-19,MSFT,321.1286315917969,-0.1245934127888648,325.3263427734375,322.0930648803711,324.0857421875,1.206573987911885,0.05722241767014321,-2.3976923127363325,Train
2023-09-19,TSLA,266.5,0.4598918977371191,264.6480010986328,254.88199844360352,256.17739959716795,3.615934939637492,-0.1739796834174388,-1.4671683535119606,Train
2023-09-20,AAPL,173.14817810058594,-1.9992180622608655,174.52848205566406,177.93835906982423,181.45601135253904,1.7415787654530823,0.000110965408309672,-0.888949480142609,Train
2023-09-20,MSFT,313.428955078125,-2.3976923127363325,324.14305419921874,322.01049652099607,323.87082336425783,1.33016551599281,0.014655652094876612,-0.3865559800748541,Train
2023-09-20,TSLA,262.5899963378906,-1.4671683535119606,265.71500091552736,256.35199813842775,256.03339935302733,3.6503130397366,-0.2799595981926401,-2.6238620989897266,Train
2023-09-21,AAPL,171.60897827148438,-0.888949480142609,174.17032775878906,177.58365707397462,181.14848907470704,1.6687755168833722,0.1196261500488034,0.4944442596966913,Train
2023-09-21,MSFT,312.2173767089844,-0.3865559800748541,323.12880859375,321.6455444335937,323.53943298339846,1.2888118714728356,0.04635104637962036,-0.788652706319648,Train
2023-09-21,TSLA,255.6999969482422,-2.6238620989897266,266.13600006103513,257.29399795532225,255.7075994873047,3.714926272471452,-0.4199558444585911,-4.231518261464751,Train
2023-09-22,AAPL,172.45748901367188,0.4944442596966913,173.83585510253906,177.50521850585938,180.84276306152344,1.5727775426623172,0.05290815775007124,0.7380438489090757,Train
2023-09-22,MSFT,309.75506591796875,-0.788652706319648,321.44231567382815,321.5009307861328,323.0523205566406,1.2087398199826938,0.07276332136179539,0.1671813765719898,Train
2023-09-22,TSLA,244.8800048828125,-4.231518261464751,265.7740005493164,258.03599853515624,255.04719970703124,3.790192207300705,-0.022528322264101185,0.861646752809131,Train
2023-09-25,AAPL,173.7303009033203,0.7380438489090757,173.51223449707032,177.38040924072266,180.55953674316407,1.5542161641240784,0.04733191221011181,-2.339835031810822,Train
2023-09-25,MSFT,310.2729187011719,0.1671813765719898,319.4489990234375,321.23515625,322.52525390625,1.1879222425532816,0.09740315762129442,-1.700576461762704,Train
2023-09-25,TSLA,246.9900054931641,0.861646752809131,263.11500244140626,258.45599899291994,254.35939971923827,3.710815931830649,-0.26874621909906116,-1.1619945391094122,Train
2023-09-26,AAPL,169.66529846191406,-2.339835031810822,173.0840301513672,176.97440414428712,180.12997924804688,1.6170702573433653,0.029984278564293296,-0.8897684497559899,Train
2023-09-26,MSFT,304.9964904785156,-1.700576461762704,317.5309234619141,320.6703826904297,321.8831024169922,1.2390280196579866,0.03349027644595178,0.2082423423761525,Train
2023-09-26,TSLA,244.1199951171875,-1.1619945391094122,260.7790008544922,258.7209983825684,253.43419952392577,3.7239650878019632,-0.5426671768879675,-1.4828753029631048,Train
2023-09-27,AAPL,168.15567016601562,-0.8897684497559899,172.71107330322266,176.29903869628907,179.6753530883789,1.519861962193658,0.12675129455295056,0.1525464485832905,Train
2023-09-27,MSFT,305.6316223144531,0.2082423423761525,315.257177734375,319.9072570800781,320.9853210449219,1.1828244963949908,0.0975636016070549,0.2717540809293206,Train
2023-09-27,TSLA,240.5,-1.4828753029631048,257.6990020751953,257.8869987487793,252.377399597168,3.289291246685241,-0.3240647526430931,2.444908475181906,Train
2023-09-28,AAPL,168.4121856689453,0.1525464485832905,172.21280975341796,175.46235427856445,179.19885925292968,1.4282801032671968,0.10967163858876301,0.3046825599677394,Train
2023-09-28,MSFT,306.4621887207031,0.2717540809293206,312.8085235595703,319.16709594726564,320.1901507568359,1.185782335928641,0.10451444107821056,0.6727541394758729,Train
2023-09-28,TSLA,246.3800048828125,2.444908475181906,254.7330017089844,257.3609992980957,251.47979949951173,3.345565644299947,-0.1344815891812821,1.558566548335394,Train
2023-09-29,AAPL,168.92530822753906,0.3046825599677394,171.83788452148437,174.64047241210938,178.77144958496095,1.4328935165588133,0.1470537141485285,1.4835210346889838,Train
2023-09-29,MSFT,308.52392578125,0.6727541394758729,311.39464111328124,318.58034057617186,319.59631713867185,1.2024691830048604,0.047924379687223295,1.91603875560451,Train
2023-09-29,TSLA,250.22000122070312,1.558566548335394,252.31600036621091,256.9680000305176,251.2261996459961,3.3651968260748446,-0.19252080474793357,0.5515166158101215,Train
2023-10-02,AAPL,171.4313507080078,1.4835210346889838,171.42151641845703,173.8654525756836,178.4176119995117,1.4699172132851477,0.1343122561266209,-0.7769700287273862,Train
2023-10-02,MSFT,314.43536376953125,1.91603875560451,310.68525390625,318.2451889038086,319.1811657714844,1.288069046895908,0.0655056185562656,-2.6134143058157977,Train
2023-10-02,TSLA,251.6000061035156,0.5515166158101215,250.9480010986328,257.2975006103516,251.05779998779295,3.157224778946637,-0.27276633630141983,-2.015106200805405,Train
2023-10-03,AAPL,170.09938049316406,-0.7769700287273862,170.76341400146484,173.0119956970215,178.02117218017577,1.4660640003673713,0.15140493513827016,0.7308726435468316,Train
2023-10-03,MSFT,306.2178649902344,-2.6134143058157977,309.1941772460938,317.2602600097656,318.5755334472656,1.3474893984167566,0.08844617259076823,1.77736084591944,Train
2023-10-03,TSLA,246.52999877929688,-2.015106200805405,248.9510009765625,256.7995010375977,250.60720001220704,3.0056916007278813,0.4025439035586437,5.934371052307452,Train
2023-10-04,AAPL,171.34259033203125,0.7308726435468316,170.58285522460938,172.55566864013673,177.63245239257813,1.2907392732871634,0.19833117815978102,0.7197989368345148,Train
2023-10-04,MSFT,311.66046142578125,1.77736084591944,309.0173278808594,316.58019104003904,317.9642822265625,1.4256833186743338,0.09947464939096651,0.1253954716234684,Train
2023-10-04,TSLA,261.1600036621094,5.934371052307452,248.8080017089844,257.26150131225586,250.5248001098633,3.269697692826465,-0.20639073320878754,-0.425032873937603,Train
2023-10-05,AAPL,172.57591247558594,0.7197989368345148,170.67954864501954,172.4249382019043,177.25105712890624,1.1421052788420345,0.18478339286744633,1.4750217397359044,Train
2023-10-05,MSFT,312.05126953125,0.1253954716234684,309.00071716308594,316.064762878418,317.6184552001953,1.4179538488102388,0.17628386300020962,2.473698560902293,Train
2023-10-05,TSLA,260.04998779296875,-0.425032873937603,249.24300079345704,257.6895004272461,250.43879974365237,3.2718298724208474,-0.13858421002522672,0.1845841218459432,Train
2023-10-06,AAPL,175.12144470214844,1.4750217397359044,170.9459442138672,172.39089965820312,176.94579681396485,1.190517367294177,0.1768109895862015,0.8451514926818726,Train
2023-10-06,MSFT,319.7704772949219,2.473698560902293,310.00225830078125,315.7222869873047,317.5644940185547,1.5019215572167843,0.050527057342465875,0.7822497654424554,Train
2023-10-06,TSLA,260.5299987792969,0.1845841218459432,250.80800018310543,258.29100036621094,250.5351995849609,3.255144841196785,-0.20364669591950812,-0.3300907210654902,Train
2023-10-09,AAPL,176.6014862060547,0.8451514926818726,171.23306274414062,172.37264862060547,176.61870361328124,1.1966603988418671,0.1616655959014159,-0.3352498821687533,Train
2023-10-09,MSFT,322.2718811035156,0.7822497654424554,311.2021545410156,315.32557678222656,317.41137939453125,1.4903368736439275,0.09648537894074756,-0.4335711285907817,Train
2023-10-09,TSLA,259.6700134277344,-0.3300907210654902,252.0760009765625,257.5955017089844,250.3997998046875,2.2951976360448887,0.3335798687034337,1.521154344050735,Train
2023-10-10,AAPL,176.00942993164062,-0.3352498821687533,171.8674758911133,172.47575302124022,176.26755126953125,1.131493765229878,0.15769025649087273,0.7904322808742981,Train
2023-10-10,MSFT,320.8746032714844,-0.4335711285907817,312.7899658203125,315.16044464111326,317.2780950927734,1.4376057227917107,0.08353741742454492,1.2272004758417945,Train
2023-10-10,TSLA,263.6199951171875,1.521154344050735,254.0260009765625,257.40250091552736,250.3235998535156,2.276862753887615,-0.09780867022629051,-0.2389822071472425,Train
2023-10-11,AAPL,177.40066528320312,0.7904322808742981,172.79197540283204,172.75152435302735,175.9607766723633,1.1024484214539043,0.1416779350078029,0.5061099437215999,Train
2023-10-11,MSFT,324.8123779296875,1.2272004758417945,314.7080413818359,314.9826095581055,317.2153765869141,1.4344598623562794,0.25831380313967867,-0.3790499548454784,Train
2023-10-11,TSLA,262.989990234375,-0.2389822071472425,256.275,256.9870010375977,250.36199951171875,2.250332342637236,-0.11273365163425626,-1.5665976919941982,Train
2023-10-12,AAPL,178.2985076904297,0.5061099437215999,173.78060760498047,172.99670867919923,175.731669921875,1.092854801545806,0.0957455501660653,-1.0292794051435794,Train
2023-10-12,MSFT,323.5811767578125,-0.3790499548454784,316.41994018554686,314.6142318725586,317.3004217529297,1.4225731187737256,0.04800723465084844,-1.035743482005469,Train
2023-10-12,TSLA,258.8699951171875,-1.5665976919941982,257.5239990234375,256.1285003662109,250.45719940185543,2.2265954986063945,-0.20133924743091608,-2.993780718577166,Train
2023-10-13,AAPL,176.46331787109375,-1.0292794051435794,174.53440856933594,173.18614654541017,175.49364532470702,1.1177666242429385,0.1343812537003523,-0.0726867104204997,Train
2023-10-13,MSFT,320.2297058105469,-1.035743482005469,317.5905181884765,314.4925796508789,317.3348181152344,1.3268293304503855,0.1023197555884561,1.4981864119412824,Train
2023-10-13,TSLA,251.1199951171875,-2.993780718577166,257.61399841308594,254.96499938964843,250.29319915771484,2.306636821718423,-0.1640422006526112,1.115006015531006,Train
2023-10-16,AAPL,176.33505249023438,-0.0726867104204997,175.0247787475586,173.2231475830078,175.43396087646485,1.054611116010282,0.1348428594633096,-0.8784823231392402,Train
2023-10-16,MSFT,325.02734375,1.4981864119412824,318.64971618652345,314.6674850463868,317.4433264160156,1.367058917347547,0.09397236045576335,-0.1743674660785732,Train
2023-10-16,TSLA,253.9199981689453,1.115006015531006,257.8459976196289,254.3969993591309,250.29439910888672,2.2245834923879326,-0.06848048675548103,0.3662602163188033,Train
2023-10-17,AAPL,174.78598022460938,-0.8784823231392402,175.49343872070312,173.128426361084,175.40517333984374,1.063470110667175,0.11526437390774621,-0.7394733409842869,Train
2023-10-17,MSFT,324.4606018066406,-0.1743674660785732,320.47398986816404,314.8340835571289,317.49506286621096,1.367463668269582,0.06897795841901797,-0.5872407865932128,Train
2023-10-17,TSLA,254.8500061035156,0.3662602163188033,258.67799835205074,253.81449966430665,250.36239929199215,2.223230267799866,-0.3053529457339801,-4.775363208267336,Train
2023-10-18,AAPL,173.4934844970703,-0.7394733409842869,175.70852813720705,173.1456916809082,175.3318148803711,0.9755208272269236,0.1417999520063699,-0.2161024704423475,Train
2023-10-18,MSFT,322.55523681640625,-0.5872407865932128,321.56346740722654,315.29039764404297,317.58786743164063,1.2511483854352417,0.06603340960244389,0.3665361337207296,Train
2023-10-18,TSLA,242.67999267578125,-4.775363208267336,256.829997253418,252.8189994812012,250.22199920654296,2.435414817923124,-0.91931755441516,-9.300310180733772,Train
2023-10-19,AAPL,173.11856079101562,-0.2161024704423475,175.76279296875,173.22117080688477,175.28268524169923,0.9540909660315764,0.12555541561899697,-1.4704246565465873,Train
2023-10-19,MSFT,323.7375183105469,0.3665361337207296,322.7320922851562,315.8664047241211,317.77881103515625,1.2454366883700354,0.09748215254770504,-1.4034573719218568,Train
2023-10-19,TSLA,220.1100006103516,-9.300310180733772,252.83599853515625,251.03949966430665,249.78039916992188,3.122055862072677,-0.7839417244120302,-3.689062330049176,Train
2023-10-20,AAPL,170.57298278808594,-1.4704246565465873,175.30794677734374,173.12694549560547,175.18697967529295,1.0054931515115777,0.12132719536766638,0.0694179120219296,Train
2023-10-20,MSFT,319.1940002441406,-1.4034573719218568,322.6744445800781,316.3383514404297,317.8652331542969,1.2779915326535616,0.05779440785069487,0.8112072749460797,Train
2023-10-20,TSLA,211.9900054931641,-3.689062330049176,247.981999206543,249.3949996948242,249.11339935302732,3.0919649279086423,-0.08533878801148666,0.042453104183493,Train
2023-10-23,AAPL,170.69139099121094,0.0694179120219296,174.71693725585936,172.975,175.09245819091797,0.988887406190886,0.17760050834520466,0.2543080988029134,Train
2023-10-23,MSFT,321.7833251953125,0.8112072749460797,322.62558898925784,316.9138717651367,318.04088317871094,1.286322680909501,0.10262249406082295,0.3674248847422845,Train
2023-10-23,TSLA,212.0800018310547,0.042453104183493,243.222998046875,247.64949951171877,248.50199951171876,3.075962967249686,0.947136441661939,2.0935507370200668,Train
2023-10-24,AAPL,171.12547302246094,0.2543080988029134,174.2285415649414,173.04800872802736,174.97366424560548,0.8356164263155428,0.08708339417896195,-1.349154101439698,Train
2023-10-24,MSFT,322.96563720703125,0.3674248847422845,322.8346923828125,317.8123291015625,318.18109008789065,1.2070102484939351,0.1099472046905047,3.067796485248242,Train
2023-10-24,TSLA,216.5200042724609,2.0935507370200668,238.51299896240235,246.2694999694824,248.03719970703125,3.136497709670328,-0.23855832447828373,-1.8935922882932776,Train
2023-10-25,AAPL,168.8167266845703,-1.349154101439698,173.37014770507812,173.08106155395507,174.84835906982423,0.868369295089806,0.04447454044621057,-2.460552300780228,Train
2023-10-25,MSFT,332.8735656738281,3.067796485248242,323.6408111572265,319.17442626953124,318.5619689941406,1.356482607198081,0.07527778803240733,-3.7514206836131936,Train
2023-10-25,TSLA,212.4199981689453,-1.8935922882932776,233.45599975585935,244.8654998779297,247.6263995361328,3.144260358779369,-0.7043130303158054,-3.1352997455599274,Train
2023-10-26,AAPL,164.66290283203125,-2.460552300780228,172.00658721923827,172.8935974121094,174.65734161376952,1.0295152321684808,0.31597505160934697,0.7969439962458802,Train
2023-10-26,MSFT,320.3860778808594,-3.7514206836131936,323.32130126953126,319.87062072753906,318.7083416748047,1.6489774049510528,0.08646417697953418,0.585555280699146,Train
2023-10-26,TSLA,205.759994506836,-3.1352997455599274,228.1449996948242,242.8344993591309,247.2295993041992,3.109971811495506,0.10669464448961057,0.7484489628865498,Train
2023-10-27,AAPL,165.9751739501953,0.7969439962458802,170.95777282714843,172.7460906982422,174.54328369140626,1.045644921189157,0.35689793479896054,1.230520414487013,Train
2023-10-27,MSFT,322.2621154785156,0.585555280699146,323.5245422363281,320.5575302124024,318.9610235595703,1.6478750180433008,0.15861305338454876,2.274020976554203,Train
2023-10-27,TSLA,207.3000030517578,0.7484489628865498,223.76300048828125,240.6884994506836,246.99119934082032,3.082104068594881,0.05122949707290816,-4.794984223383947,Train
2023-10-30,AAPL,168.0175323486328,1.230520414487013,170.1260208129883,172.57539978027344,174.4604037475586,1.027063289623825,0.14125308360269748,0.2818494665021376,Train
2023-10-30,MSFT,329.5904235839844,2.274020976554203,323.98085021972656,321.315283203125,319.3680877685547,1.668950303218647,0.21300872973392213,0.2371755086727267,Train
2023-10-30,TSLA,197.3600006103516,-4.794984223383947,218.10700073242188,237.97649917602536,246.62859924316408,3.180751999592484,0.9113880791095784,1.7632730628176496,Train
2023-10-31,AAPL,168.4910888671875,0.2818494665021376,169.49653167724608,172.4949851989746,174.36035583496093,1.0173297319616643,0.1793190431644382,1.8739055654690029,Train
2023-10-31,MSFT,330.37213134765625,0.2371755086727267,324.57200317382814,322.5229965209961,319.6852600097656,1.527354155571207,0.1827455057657253,2.3542824374073623,Train
2023-10-31,TSLA,200.83999633789065,1.7632730628176496,212.70599975585935,235.69199905395507,246.01979919433597,3.2388188124384563,1.3711859575627585,2.3999240251476373,Train
2023-11-01,AAPL,171.64845275878906,1.8739055654690029,169.31202850341796,172.5102783203125,174.29602600097655,1.0924026281707917,0.21381864502020853,2.069311351707981,Train
2023-11-01,MSFT,338.1500244140625,2.3542824374073623,326.13148193359376,323.8474746704102,320.1466540527344,1.5600055071041674,0.07156660679322152,0.6501421416001074,Train
2023-11-01,TSLA,205.66000366210932,2.3999240251476373,209.00400085449215,232.91699905395507,245.46919921875,2.923404852447765,1.4307164736006666,6.248172039245215,Train
2023-11-02,AAPL,175.2003936767578,2.069311351707981,169.52021179199218,172.6415023803711,174.2259735107422,1.1766811751959,0.15782568753375173,-0.5180922062513305,Train
2023-11-02,MSFT,340.3484802246094,0.6501421416001074,327.792578125,325.2623352050781,320.56329528808595,1.5591972225571151,0.1548916391946599,1.286164522715416,Train
2023-11-02,TSLA,218.509994506836,6.248172039245215,208.84400024414063,230.83999938964843,245.1021990966797,3.358409028846518,0.36028253455011566,0.6635907937775576,Train
2023-11-03,AAPL,174.29269409179688,-0.5180922062513305,169.89218292236328,172.6000648498535,174.23130218505858,1.1362051667220876,0.19003077972701457,1.4604927876218363,Train
2023-11-03,MSFT,344.7259216308594,1.286164522715416,330.34577026367185,326.510107421875,321.2048669433594,1.4994014336349422,0.08545627770252585,1.0572611723162817,Train
2023-11-03,TSLA,219.9600067138672,0.6635907937775576,209.64100036621093,228.8114997863769,244.9005993652344,3.3675838647704146,0.29400968907592046,-0.3136944991567802,Train
2023-11-06,AAPL,176.83822631835938,1.4604927876218363,170.50686645507812,172.61190185546874,174.24353698730468,1.1686640924667324,0.19788057623927716,1.445103962544669,Train
2023-11-06,MSFT,348.3705749511719,1.0572611723162817,333.00449523925784,327.81504211425784,321.8605102539062,1.5044679004314323,0.24255310474481687,1.12193984848723,Train
2023-11-06,TSLA,219.2700042724609,-0.3136944991567802,210.3600006103516,226.79149932861327,244.51419952392575,3.3677031515029685,0.48062534727154615,1.3271256198382986,Train
2023-11-07,AAPL,179.3937225341797,1.445103962544669,171.33369140625,172.7811164855957,174.27570343017578,1.2078738324414453,0.15498636725287576,0.5884620975513011,Train
2023-11-07,MSFT,352.2790832519531,1.12193984848723,335.93583984375,329.38526611328126,322.5802526855469,1.499256118846221,0.0697198027497956,0.7405565097737821,Train
2023-11-07,TSLA,222.17999267578125,1.3271256198382986,210.9259994506836,224.71949920654296,244.18139923095703,3.3609768108967804,0.27036904071310947,-0.0315024159406651,Train
2023-11-08,AAPL,180.4493865966797,0.5884620975513011,172.49695739746093,172.93355255126954,174.25143157958985,1.2026500400689,0.12931582238920897,-0.2624571376240947,Train
2023-11-08,MSFT,354.8879089355469,0.7405565097737821,338.13727416992185,330.88904266357423,323.2601281738281,1.490391422381126,0.07451685704998695,-0.6910588016975194,Train
2023-11-08,TSLA,222.1100006103516,-0.0315024159406651,211.8949996948242,222.6754997253418,243.47999938964844,3.3631083703592046,-0.24040468444319768,-5.461260118625755,Train
2023-11-09,AAPL,179.9757843017578,-0.2624571376240947,174.0282455444336,173.01741638183594,174.14802978515624,1.2010031050367478,0.14574644963231168,2.322038868856202,Train
2023-11-09,MSFT,352.4354248046875,-0.6910588016975194,341.3422088623047,332.33175506591795,323.88352844238284,1.501168013100752,0.11480316302020316,2.489651563080697,Train
2023-11-09,TSLA,209.97999572753903,-5.461260118625755,212.3169998168945,220.2309997558594,242.54159942626956,3.519773311316184,0.3991628138275918,2.2240205086035747,Train
2023-11-10,AAPL,184.15489196777344,2.322038868856202,175.8462173461914,173.40199508666993,174.1238687133789,1.273553693563312,0.13615742346790488,-0.8583886931358142,Train
2023-11-10,MSFT,361.2098388671875,2.489651563080697,345.2369812011719,334.38076171875,324.7025445556641,1.525696770926284,-0.04194576905431346,-0.8088036252408282,Train
2023-11-10,TSLA,214.6499938964844,2.2240205086035747,213.0519989013672,218.40749969482425,241.6729995727539,3.5559247978745265,0.6717174884803095,4.220830689495392,Train
2023-11-13,AAPL,182.5741271972656,-0.8583886931358142,177.3018768310547,173.71394882202148,174.03671630859375,1.2950348537911995,0.13506175292313158,1.4285871885901136,Train
2023-11-13,MSFT,358.2883605957031,-0.8088036252408282,348.1067749023438,336.0438125610352,325.4455438232422,1.54252753300423,0.1260995385289159,0.9790302590381827,Train
2023-11-13,TSLA,223.7100067138672,4.220830689495392,215.68699951171877,216.89700012207032,241.24699981689452,3.7049801702766025,1.2639135392027112,6.123998273248876,Train
2023-11-14,AAPL,185.182357788086,1.4285871885901136,178.97100372314452,174.2337677001953,173.99699310302734,1.2983511166869808,0.15071505562190582,0.3040759927129599,Train
2023-11-14,MSFT,361.7961120605469,0.9790302590381827,351.2491729736328,337.9105880737305,326.16313720703124,1.5375541063495508,0.043031213365898616,0.040597756200067,Train
2023-11-14,TSLA,237.41000366210932,6.123998273248876,219.34400024414063,216.025,240.8654000854492,3.993594029556464,-0.0687324359268389,2.287179390936478,Train
2023-11-15,AAPL,185.74545288085932,0.3040759927129599,180.3807037353516,174.84636611938475,174.10251953125,1.27525566150633,0.28426559474555263,0.9042132047166084,Train
2023-11-15,MSFT,361.9429931640625,0.040597756200067,353.6284698486328,339.8799758911133,326.8967602539062,1.5192558870081168,0.21329883571678532,1.7583254441681406,Train
2023-11-15,TSLA,242.83999633789065,2.287179390936478,223.06199951171877,216.03300018310543,240.6838000488281,3.8856863921464417,-0.34472210997654235,-3.8090924639652135,Train
2023-11-16,AAPL,187.42498779296875,0.9042132047166084,181.60316314697263,175.56168746948242,174.34720886230468,1.2737083344503228,0.13517557757179877,-0.0105348135696181,Train
2023-11-16,MSFT,368.30712890625,1.7583254441681406,356.42433471679686,342.10845642089845,327.8157061767578,1.5402726988943176,-0.09957875057254582,-1.680083203741778,Train
2023-11-16,TSLA,233.58999633789065,-3.8090924639652135,224.56999969482425,216.7069999694824,240.32579986572264,3.344611707552708,-0.06951340114228212,0.3039542467563993,Train
2023-11-17,AAPL,187.40524291992188,-0.0105348135696181,182.9144180297852,176.4033004760742,174.5792694091797,1.200257200776917,0.13079035031221836,0.9278289239597726,Train
2023-11-17,MSFT,362.1192626953125,-1.680083203741778,358.1636688232422,344.25471954345704,328.5256915283203,1.5608657691832566,0.09056557680493334,2.0521705684277025,Train
2023-11-17,TSLA,234.3000030517578,0.3039542467563993,226.00399932861328,217.8224998474121,240.04179992675785,3.2071251828510308,0.24423801364264539,0.5548455120893081,Train
2023-11-20,AAPL,189.14404296875,0.9278289239597726,184.1449996948242,177.32593307495117,174.82282012939453,1.200206781134135,0.11767271379940465,-0.423088763369106,Train
2023-11-20,MSFT,369.5505676269531,2.0521705684277025,360.2816680908203,346.64308166503906,329.3125811767578,1.5921933188473183,0.05224750242790596,-1.1577916158419632,Train
2023-11-20,TSLA,235.6000061035156,0.5548455120893081,227.6369995117188,218.99850006103517,239.2822003173828,3.2049001592248265,0.4227741666963923,2.376906069461704,Train
2023-11-21,AAPL,188.3437957763672,-0.423088763369106,185.04000701904295,178.18684921264648,175.11074920654298,1.2175739248721635,0.1071520474188919,0.3514376505016958,Train
2023-11-21,MSFT,365.2719421386719,-1.1577916158419632,361.58095397949216,348.7583969116211,330.13447509765626,1.6449431272940924,0.10749425030059934,1.2812686128290007,Train
2023-11-21,TSLA,241.1999969482422,2.376906069461704,229.53899993896485,220.2324996948242,238.75660003662108,3.212579042693553,-0.12905593668640203,-2.8980059381488954,Train
2023-11-22,AAPL,189.00570678710932,0.3514376505016958,185.89563903808596,179.19629821777343,175.45315856933593,1.1394290305475534,0.09197234457270982,-0.7004299296389127,Train
2023-11-22,MSFT,369.9520568847656,1.2812686128290007,363.0873687744141,350.612321472168,330.9661346435547,1.5514614466880146,0.10087154370238789,-0.1111643725610123,Train
2023-11-22,TSLA,234.2100067138672,-2.8980059381488954,230.7490005493164,221.3220001220703,238.01480041503908,3.260936385017964,-0.007927999819277087,0.529435207219775,Train
2023-11-24,AAPL,187.68185424804688,-0.7004299296389127,186.66624603271484,180.3472457885742,175.73889923095703,0.9440512601938822,0.13447592512423778,-0.0947648594079919,Train
2023-11-24,MSFT,369.5408020019531,-0.1111643725610123,364.7979064941407,353.07005767822267,331.73797607421875,1.193664396529972,0.09730585936299795,0.3126570872697298,Train
2023-11-24,TSLA,235.4499969482422,0.529435207219775,233.2960006713867,222.80650024414064,237.20300018310547,3.144433349985298,0.27312478927798506,0.2675748103538877,Train
2023-11-27,AAPL,187.5039978027344,-0.0947648594079919,187.00115661621092,181.4236869812012,176.03548797607422,0.9582229271149768,0.1190017948956098,0.3214124178016142,Train
2023-11-27,MSFT,370.6961975097656,0.3126570872697298,365.7465423583984,355.4917617797852,332.6986450195312,1.1968732292244153,0.08237637714461825,1.0802526687101466,Train
2023-11-27,TSLA,236.0800018310547,0.2675748103538877,235.43900146484376,224.24550018310543,236.4367999267578,3.146067849821226,0.5585421271974294,4.506946504203557,Train
2023-11-28,AAPL,188.10665893554688,0.3214124178016142,187.55440979003907,182.4281433105469,176.28572052001954,0.949056636334545,0.05051654446540122,-0.5409661675707778,Train
2023-11-28,MSFT,374.7006530761719,1.0802526687101466,367.3877716064453,357.74727325439454,333.7620733642578,1.1433019111392917,0.029046230154893174,-1.006003245917908,Train
2023-11-28,TSLA,246.72000122070312,4.506946504203557,237.74000091552733,226.71350021362304,236.06559997558597,2.973968488809468,-0.23921398563849156,-1.0457205813430348,Train
2023-11-29,AAPL,187.0890655517578,-0.5409661675707778,187.74508056640624,183.3580421447754,176.49389373779297,0.9795736816161495,0.14879402969217667,0.3062865073183873,Train
2023-11-29,MSFT,370.93115234375,-1.006003245917908,368.3012756347656,359.77522430419924,334.75812377929685,1.199328119684827,0.01756047304018477,0.0158210768665734,Train
2023-11-29,TSLA,244.13999938964844,-1.0457205813430348,238.41300048828128,228.87850036621091,235.6183999633789,3.010295345019803,-0.12377309299876005,-1.6629792613843564,Train
2023-11-30,AAPL,187.6620941162109,0.3062865073183873,187.9367446899414,184.1587242126465,176.78417205810547,0.927672906546159,0.1381384635256323,0.6791410713215873,Train
2023-11-30,MSFT,370.9898376464844,0.0158210768665734,369.2059600830078,361.41721496582034,335.9093414306641,1.1300001411516931,0.09846334228979205,-1.1612133167223204,Train
2023-11-30,TSLA,240.0800018310547,-1.6629792613843564,238.13700103759768,230.5995002746582,235.1682000732422,3.0493750502342403,-0.0978916153414803,-0.5206597761023168,Train
2023-12-01,AAPL,188.93658447265625,0.6791410713215873,188.08790435791016,184.8455337524414,177.13072418212892,0.8487614788144866,0.10093197673644541,-0.94647552266377,Train
2023-12-01,MSFT,366.6818542480469,-1.1612133167223204,369.0434326171875,362.7338836669922,336.99863098144533,1.1860469931035034,0.08763511161561438,-1.4338728257022204,Train
2023-12-01,TSLA,238.8300018310547,-0.5206597761023168,238.66100158691407,231.61550064086916,234.83080017089844,2.7789138417097905,0.17001013940079276,-1.360800559009756,Train
2023-12-04,AAPL,187.1483459472656,-0.94647552266377,188.0622146606445,185.48831634521488,177.42454132080078,0.8775749327417399,0.16791415005573346,2.106310386488208,Train
2023-12-04,MSFT,361.4241027832031,-1.4338728257022204,368.9739166259766,363.56879272460935,338.03201171875,1.231738132527998,0.10305111756739231,0.9156351627882532,Train
2023-12-04,TSLA,235.5800018310547,-1.360800559009756,238.78900146484372,232.39650039672853,234.64480010986327,2.808667209239028,-0.025593094532960593,1.3328802806870987,Train
2023-12-05,AAPL,191.0902709960937,2.106310386488208,188.2568374633789,186.2009185791016,177.77174072265626,0.9304823742092256,0.14537037944443665,-0.5686923214758277,Train
2023-12-05,MSFT,364.7334289550781,0.9156351627882532,368.49220275878906,364.3869354248047,339.1212219238281,1.2272152555107674,0.11011300713318517,-0.998612317947789,Train
2023-12-05,TSLA,238.72000122070312,1.3328802806870987,239.1010009765625,233.36900024414064,234.47940002441408,2.811364919864481,0.0027567958489971224,0.2722829646282676,Train
2023-12-06,AAPL,190.0035552978516,-0.5686923214758277,188.42281341552732,186.73141021728517,178.178505859375,0.9194636239671734,0.17129365885886788,1.0139275604953424,Train
2023-12-06,MSFT,361.0911560058594,-0.998612317947789,368.0741241455078,364.8275390625,340.243115234375,1.2382803983889776,0.08407559001330667,0.5829752367156438,Train
2023-12-06,TSLA,239.3699951171875,0.2722829646282676,238.91800079345705,234.2285003662109,234.38440002441405,2.804191463525956,-0.11048584424523467,1.366087788429815,Train
2023-12-07,AAPL,191.9300537109375,1.0139275604953424,188.71524810791016,187.3054435729981,178.65399353027342,0.9315337604312284,0.1558231184673002,0.7412511424411905,Train
2023-12-07,MSFT,363.19622802734375,0.5829752367156438,367.3985412597656,365.24295501708986,341.3944073486328,1.2346929703719975,0.11995365463974741,0.8842375240038614,Train
2023-12-07,TSLA,242.63999938964844,1.366087788429815,239.7610000610352,235.25500030517577,234.42720001220704,2.810003821102776,-0.17081128015761507,0.4945585852541789,Train
2023-12-08,AAPL,193.3527374267578,0.7412511424411905,189.28233642578124,187.97429122924805,179.15280456542968,0.9259214028557892,0.17369654901528794,-1.2927527104978576,Train
2023-12-08,MSFT,366.4077453613281,0.8842375240038614,367.0852355957031,365.9415710449219,342.5933184814453,1.2302677313301942,0.12145373805933979,-0.7829542273489865,Train
2023-12-08,TSLA,243.83999633789065,0.4945585852541789,240.6,236.94800033569337,234.3763998413086,2.4381760054662207,-0.12411688691309754,-1.681426716823431,Train
2023-12-11,AAPL,190.8531646728516,-1.2927527104978576,189.61725311279295,188.309204864502,179.59136169433594,0.8748164353093474,0.0905546188733021,0.7920207570456306,Train
2023-12-11,MSFT,363.5389404296875,-0.7829542273489865,366.3695098876953,366.0580261230469,343.69361877441406,1.1229025409619582,0.10827699535400821,0.8295191146334036,Train
2023-12-11,TSLA,239.7400054931641,-1.681426716823431,240.96600036621092,238.2025009155273,234.16679992675785,2.472439428138766,-0.1347153102474227,-1.1387381846063915,Train
2023-12-12,AAPL,192.36476135253903,0.7920207570456306,190.04306335449215,188.7987365722656,180.01002990722657,0.848928534622904,0.13146730984120975,1.6691524910689148,Train
2023-12-12,MSFT,366.5545654296875,0.8295191146334036,365.5549011230469,366.4713363647461,344.7360028076172,1.1176127795056252,0.14312488909722584,-0.0026641667901672,Train
2023-12-12,TSLA,237.009994506836,-1.1387381846063915,239.99499969482423,238.86750030517575,233.87499969482425,2.3445328712319107,0.06635696190992944,0.9619842336358042,Train
2023-12-13,AAPL,195.5756225585937,1.6691524910689148,190.89171905517577,189.31839981079105,180.51955474853517,0.8677787170609484,0.07148074327166544,0.0757651176805485,Train
2023-12-13,MSFT,366.5447998046875,-0.0026641667901672,365.1162658691407,366.7087707519531,345.9425415039062,1.099308719881551,0.09141644931781108,-2.254461349403148,Train
2023-12-13,TSLA,239.2899932861328,0.9619842336358042,239.50999908447267,238.96149978637692,233.73019958496093,1.9164284496877029,0.10979928008748281,4.914543063053567,Train
2023-12-14,AAPL,195.7238006591797,0.0757651176805485,191.69788970947263,189.81731719970705,181.00717895507813,0.8689043142245535,0.0678748272637601,-0.2725666379900793,Train
2023-12-14,MSFT,358.2811889648437,-2.254461349403148,363.84540100097655,366.5256805419921,346.8749560546875,1.216214762280449,0.14479832332604642,1.3117199955912096,Train
2023-12-14,TSLA,251.0500030517578,4.914543063053567,240.60699920654295,239.37200012207032,233.5279995727539,2.1528300472261286,0.027010488862513858,0.9758999874367902,Train
2023-12-15,AAPL,195.19032287597656,-0.2725666379900793,192.3232635498047,190.20558395385743,181.45946716308595,0.8632052474310407,0.13011987005774994,-0.8503287955207606,Train
2023-12-15,MSFT,362.9808349609375,1.3117199955912096,363.4752990722656,366.2593658447266,347.89354736328124,1.185087072120268,0.141786162022542,0.5179013962823387,Train
2023-12-15,TSLA,253.5,0.9758999874367902,242.0739990234375,240.36750030517575,233.3969998168945,1.9406443329050544,-0.054219393724467685,-0.5601570686174839,Train
2023-12-18,AAPL,193.5305633544922,-0.8503287955207606,192.96148529052732,190.51184997558596,181.8276495361328,0.8941982862105438,0.13319095748138066,0.5360153443696003,Train
2023-12-18,MSFT,364.8607177734375,0.5179013962823387,363.818960571289,366.3964385986328,348.79535217285155,1.1280835848219857,0.11038598109131367,0.1636784825652215,Train
2023-12-18,TSLA,252.0800018310547,-0.5601570686174839,243.7239990234375,241.25650024414065,233.22799987792968,1.9531181454877613,-0.015923378190672303,2.03903496997484,Train
2023-12-19,AAPL,194.5679168701172,0.5360153443696003,193.3092498779297,190.7830436706543,182.18697814941407,0.8807912923177618,0.09493438633103604,-1.0713969497623044,Train
2023-12-19,MSFT,365.4579162597656,0.1636784825652215,363.8914093017578,366.1918060302734,349.65907287597656,1.0254977729070225,0.12166236899319094,-0.7072542916371827,Train
2023-12-19,TSLA,257.2200012207031,2.03903496997484,245.5739990234375,242.3375,233.17899963378903,1.987827974257269,0.0631865774356653,-3.918825045959673,Train
2023-12-20,AAPL,192.4833221435547,-1.0713969497623044,193.5572265625,190.9900199890137,182.5164559936524,0.9141037123524544,0.05159378592639054,-0.0769981609385905,Train
2023-12-20,MSFT,362.8731994628906,-0.7072542916371827,364.0696136474609,366.0718688964844,350.49904479980466,1.0046337014886393,0.11003164577886357,0.7878557139407993,Train
2023-12-20,TSLA,247.13999938964844,-3.918825045959673,246.3509994506836,242.6345001220703,232.84939971923828,2.159147000378157,0.022413246784229058,2.9780693649462897,Train
2023-12-21,AAPL,192.33511352539065,-0.0769981609385905,193.5977325439453,191.1564903259277,182.8151449584961,0.9132346517388026,0.06306806072598095,-0.5547457277240708,Train
2023-12-21,MSFT,365.7321166992188,0.7878557139407993,364.3232025146484,365.8608718872071,351.3174395751953,0.9764497190111336,0.15176705707439272,0.278414026339413,Train
2023-12-21,TSLA,254.5,2.9780693649462897,247.5369995117188,243.64899978637692,232.6795999145508,2.122953640594555,0.10149402252354342,-0.7701401626197146,Train
2023-12-22,AAPL,191.2681427001953,-0.5547457277240708,193.38927307128907,191.3358047485352,183.0745376586914,0.907147987708047,0.08467920501592398,-0.2840936967513641,Train
2023-12-22,MSFT,366.7503662109375,0.278414026339413,364.3574645996094,365.7213500976562,352.18082336425783,0.9791062709908211,0.11048289728866913,0.0213685241639005,Train
2023-12-22,TSLA,252.5399932861328,-0.7701401626197146,248.40699920654296,244.50349960327148,232.5529998779297,2.139813170510189,0.10852579934321221,1.6116227819877649,Train
2023-12-26,AAPL,190.72476196289065,-0.2840936967513641,193.37643280029295,191.49684295654296,183.35976654052732,0.910254346114672,0.08205608434580298,0.0517947430495713,Train
2023-12-26,MSFT,366.8287353515625,0.0213685241639005,364.6864440917969,365.5279769897461,353.1128039550781,0.9758500173549254,0.13584686453735093,-0.1574926432441836,Train
2023-12-26,TSLA,256.6099853515625,1.6116227819877649,250.0939971923828,245.52999877929688,232.6627996826172,2.1573771186650643,0.001743365169963977,1.8822405072142836,Train
2023-12-27,AAPL,190.82354736328125,0.0517947430495713,193.2223114013672,191.6326873779297,183.64953643798827,0.908627989149792,0.015514412772527408,0.2226164922357609,Train
2023-12-27,MSFT,366.2510070800781,-0.1574926432441836,364.6560882568359,365.1054946899414,353.93727722167966,0.9390954712638264,0.12648647349734113,0.3234729400025005,Train
2023-12-27,TSLA,261.44000244140625,1.8822405072142836,252.53699798583983,246.26599884033203,232.8131997680664,1.9685065283241503,0.023469418948101072,-3.1594284304201747,Train
2023-12-28,AAPL,191.24835205078125,0.2226164922357609,192.78958435058595,191.84065170288085,183.9787838745117,0.89732788127395,0.02471759945193575,-0.5423957837667581,Train
2023-12-28,MSFT,367.4357299804688,0.3234729400025005,364.7451812744141,364.9307235717774,354.7967797851563,0.9191585433837444,0.12168610300183845,0.2025309685091292,Train
2023-12-28,TSLA,253.17999267578125,-3.1594284304201747,253.92599792480468,246.71799850463867,232.7797994995117,2.097548894531548,-0.12171284624357297,-1.856385608740008,Train
2023-12-29,AAPL,190.2110290527344,-0.5423957837667581,192.2383071899414,191.96809844970704,184.313134765625,0.9077530844867536,-0.052882016597618466,-3.578660433013237,Train
2023-12-29,MSFT,368.1799011230469,0.2025309685091292,365.7350524902344,364.7902267456055,355.7092730712891,0.920737384157414,0.07377024318716299,-1.374866250366058,Train
2023-12-29,TSLA,248.47999572753903,-1.856385608740008,253.6689971923828,247.13799819946288,232.8957995605469,2.107027835679582,-0.09824286028897317,-0.0241458304995778,Train
2024-01-02,AAPL,183.40402221679688,-3.578660433013237,191.05967712402344,191.69147033691405,184.51884399414064,1.20750403171357,-0.015275130779138016,-0.7487624761160272,Train
2024-01-02,MSFT,363.117919921875,-1.374866250366058,365.74876098632814,364.6120300292969,356.49688110351565,0.9356235211017992,0.04599185112895788,-0.0727897825030243,Train
2024-01-02,TSLA,248.4199981689453,-0.0241458304995778,253.1609970092773,247.61749801635744,233.46199951171877,2.101091748912917,-0.1695713142329412,-4.013364984377277,Train
2024-01-03,AAPL,182.03076171875,-0.7487624761160272,189.9096969604492,191.4355911254883,184.7479995727539,1.2013607710506775,-0.008134008296978362,-1.270020842330588,Train
2024-01-03,MSFT,362.8536071777344,-0.0727897825030243,365.5480499267578,364.6835052490234,357.3700732421875,0.8769157282608041,0.09444210678529322,-0.7177720211132277,Train
2024-01-03,TSLA,238.4499969482422,-4.013364984377277,251.7979965209961,247.7609977722168,233.99119934082032,2.28193078567463,-0.2909869038090326,-0.2180768627033424,Train
2024-01-04,AAPL,179.71893310546875,-1.270020842330588,188.4247985839844,190.86702423095704,184.92855041503907,1.1035751142605847,-0.03490170278229701,-0.401296987789157,Train
2024-01-04,MSFT,360.2491455078125,-0.7177720211132277,365.0271728515625,364.4592910766602,358.1393896484375,0.8654335416974733,0.03785378471210674,-0.0516322220305842,Train
2024-01-04,TSLA,237.92999267578125,-0.2180768627033424,249.8689956665039,247.72149734497071,234.50819915771484,2.2635830185557664,-0.07651229267783592,-0.1849229589212409,Train
2024-01-05,AAPL,178.9977264404297,-0.401296987789157,187.07623901367188,190.31673278808597,185.08599548339845,1.102067329451322,0.05569723837719127,2.4175002631961373,Train
2024-01-05,MSFT,360.0631408691406,-0.0516322220305842,364.7461669921875,364.4078903198242,358.8813397216797,0.8367063031369043,0.05700460903687967,1.887155785003758,Train
2024-01-05,TSLA,237.4900054931641,-0.1849229589212409,248.90399627685548,247.62749786376952,234.9275991821289,2.263079828830353,-0.25133899650238467,1.2463646412957274,Train
2024-01-08,AAPL,183.3249969482422,2.4175002631961373,186.17522735595705,189.8864799499512,185.37616088867188,1.227195063321042,0.014149109623471733,-0.2263369741627441,Train
2024-01-08,MSFT,366.8580932617188,1.887155785003758,364.8587646484375,364.59098358154296,359.5610302734375,0.9309413097201392,0.0780749004405308,0.2935811931015886,Train
2024-01-08,TSLA,240.4499969482422,1.2463646412957274,247.49899597167968,247.5179977416992,235.48819915771483,2.259389504356085,-0.29536664808103535,-2.283214932024613,Train
2024-01-09,AAPL,182.9100646972656,-0.2263369741627441,185.33941955566405,189.36434631347657,185.74110412597656,1.206118270598227,0.054272126716173076,0.5671302224691033,Train
2024-01-09,MSFT,367.9351196289063,0.2935811931015886,364.9772399902344,364.6673522949219,360.5120111083984,0.9124113872657956,0.11846624655976408,1.857413321845192,Train
2024-01-09,TSLA,234.9600067138672,-2.283214932024613,245.74099731445312,247.0739982604981,236.07219940185547,2.310817044019642,-0.39247847742771896,-0.4341182513256769,Train
2024-01-10,AAPL,183.9474029541016,0.5671302224691033,184.66168365478515,189.01905822753903,186.1005487060547,1.1947810039981994,0.009654594012206537,-0.3222681840341468,Train
2024-01-10,MSFT,374.7691955566406,1.857413321845192,365.7712860107422,365.2288650512695,361.5621527099609,0.978048695935174,0.08980841657784765,0.4859436191073651,Train
2024-01-10,TSLA,233.94000244140625,-0.4341182513256769,243.4739990234375,246.78399810791012,236.60499938964844,2.284272648303876,-0.36652695713098127,-2.8725319101363445,Train
2024-01-11,AAPL,183.35459899902344,-0.3222681840341468,183.91478881835937,188.56855010986328,186.4072900390625,1.1729837354992625,0.15487793845765035,0.1778247213145789,Train
2024-01-11,MSFT,376.5903625488281,0.4859436191073651,366.8052215576172,365.73065490722655,362.5021514892578,0.9685821719252464,0.1393307070498232,0.9983458012094326,Train
2024-01-11,TSLA,227.22000122070312,-2.8725319101363445,240.0519989013672,246.29449844360352,237.20219940185547,2.357587385000917,-0.7054024193208965,-3.6660513098772496,Train
2024-01-12,AAPL,183.6806488037109,0.1778247213145789,183.15801849365235,187.97380142211915,186.71108123779297,1.0901793990940525,0.016798153902913573,-1.2317142110677803,Train
2024-01-12,MSFT,380.35003662109375,0.9983458012094326,368.0966522216797,366.42091674804686,363.50170959472655,0.9865402311916656,0.1442310401377116,0.4633680779824844,Train
2024-01-12,TSLA,218.88999938964844,-3.6660513098772496,236.6229995727539,245.2744987487793,237.56319946289065,2.4638869951916287,-0.6064759926874467,0.4659894354722027,Train
2024-01-16,AAPL,181.4182281494141,-1.2317142110677803,182.27873840332032,187.25852279663087,186.90647674560543,1.1050833699621845,-0.052366244579186885,-0.5173505026525804,Train
2024-01-16,MSFT,382.1124572753906,0.4633680779824844,369.4899078369141,367.6124801635743,364.38095825195313,0.8020976321239709,0.0814346778254419,-0.2049906154119041,Train
2024-01-16,TSLA,219.91000366210932,0.4659894354722027,233.76600036621093,243.71749877929688,237.84819946289065,2.1364090668740268,-0.5053916683554,-1.9826295019532925,Train
2024-01-17,AAPL,180.4796600341797,-0.5173505026525804,181.9863021850586,186.52298965454105,187.0120620727539,1.1052687648696553,0.11337416060967215,3.257066017129828,Train
2024-01-17,MSFT,381.32916259765625,-0.2049906154119041,371.3110321044922,368.5298965454102,365.20057189941406,0.7751999554475306,0.1009238828632831,1.129744288175316,Train
2024-01-17,TSLA,215.5500030517578,-1.9826295019532925,230.4790008544922,241.81999893188475,237.78899963378908,2.1211430284009163,-0.3943683638033789,-1.7026203279913998,Train
2024-01-18,AAPL,186.3580017089844,3.257066017129828,182.41902618408204,186.1643615722656,187.2533682250977,1.3652987685644542,0.02609622431279652,1.5532755737704962,Train
2024-01-18,MSFT,385.63720703125,1.129744288175316,373.5893920898437,369.5687210083008,366.0187976074219,0.798075930477644,0.07432871691102463,1.2186781845692218,Train
2024-01-18,TSLA,211.8800048828125,-1.7026203279913998,227.8220016479492,239.80999908447265,237.627399597168,2.130104484657096,-0.40915491604102117,0.1463080760099044,Train
2024-01-19,AAPL,189.25265502929688,1.5532755737704962,183.37239837646484,185.89859848022465,187.5016567993164,1.411535217101733,0.01553527056596029,1.216364416535476,Train
2024-01-19,MSFT,390.3368835449219,1.2186781845692218,376.59816589355466,370.8126693725586,366.8581237792969,0.8243936381599962,0.024834461234589017,-0.5418058741607723,Train
2024-01-19,TSLA,212.19000244140625,0.1463080760099044,225.2480026245117,237.55849914550785,237.48579956054687,2.0352479233749925,-0.42858203532987843,-1.5976244642273096,Train
2024-01-22,AAPL,191.55465698242188,1.216364416535476,184.62809143066409,185.852165222168,187.74487548828125,1.4237854566875472,0.03266253265313648,0.6653243825777144,Train
2024-01-22,MSFT,388.2220153808594,-0.5418058741607723,379.41405334472654,372.08011016845705,367.576982421875,0.8141719212604691,0.06422874882624242,0.6027548059512,Train
2024-01-22,TSLA,208.8000030517578,-1.5976244642273096,222.3790023803711,235.6414993286133,237.2181997680664,1.9191812300504092,-0.22512925332751624,0.1628334927784136,Train
2024-01-23,AAPL,192.82911682128903,0.6653243825777144,185.5785034179688,185.8768653869629,187.99247009277343,1.4317254603423115,0.14720155001793425,-0.3483986111217585,Train
2024-01-23,MSFT,390.5620422363281,0.6027548059512,381.7844482421875,373.3216064453125,368.29046508789065,0.8098695672771781,0.07233897147398385,0.91753069264211,Train
2024-01-23,TSLA,209.13999938964844,0.1628334927784136,219.2480026245117,233.3734992980957,236.95879974365235,1.7185745407754858,-0.5640163560747845,-0.6263735117226887,Train
2024-01-24,AAPL,192.1573028564453,-0.3483986111217585,186.50322723388672,185.92132339477536,188.2361004638672,1.4280851452703642,-0.012763435935375598,-0.1696547690221539,Train
2024-01-24,MSFT,394.14556884765625,0.91753069264211,384.4054931640625,374.6913665771484,369.12466796875,0.8201843805322764,0.03301650878947517,0.5738205402217922,Train
2024-01-24,TSLA,207.8300018310547,-0.6263735117226887,216.53500213623047,231.13799972534176,236.91579986572265,1.719721739607419,-1.3797449864327458,-12.125293136804816,Train
2024-01-25,AAPL,191.831298828125,-0.1696547690221539,187.29161682128907,185.9766502380371,188.3896286010742,1.4269771081578346,0.014828661066307454,-0.9012829927418808,Train
2024-01-25,MSFT,396.4072570800781,0.5738205402217922,386.5692993164063,376.17029266357423,369.8286163330078,0.817334703936628,0.03717468861778877,-0.2321726216298336,Train
2024-01-25,TSLA,182.6300048828125,-12.125293136804816,211.40400238037108,227.4390007019043,236.2754000854492,2.9463246240914454,0.31707400781573614,0.3394815203478396,Train
2024-01-26,AAPL,190.10235595703125,-0.9012829927418808,187.96639251708984,185.94059066772465,188.54019317626955,1.4423446060429206,0.0297252599606509,-0.3585971655766018,Train
2024-01-26,MSFT,395.4869079589844,-0.2321726216298336,388.4589538574219,377.63208770751953,370.5725872802734,0.8201412729382587,0.060223332965071395,1.433416812539856,Train
2024-01-26,TSLA,183.25,0.3394815203478396,207.0070022583008,223.529500579834,235.4661999511719,2.868359789093359,1.1063928515392998,4.190991910385411,Train
2024-01-29,AAPL,189.420654296875,-0.3585971655766018,188.54039306640624,185.8492057800293,188.6249591064453,1.443286131975119,0.02007221450843357,-1.924596934783929,Train
2024-01-29,MSFT,401.1558837890625,1.433416812539856,390.53953857421874,379.3180953979492,371.3597827148437,0.8524677407906401,0.0037039741309746787,-0.2758066975040663,Train
2024-01-29,TSLA,190.92999267578125,4.190991910385411,204.21100158691405,220.417000579834,234.5365997314453,3.132833532337511,0.8875960043152514,0.3456783572134414,Train
2024-01-30,AAPL,185.7750701904297,-1.924596934783929,188.9760772705078,185.62740783691407,188.62555145263676,1.500656340760095,-0.08995455267207662,-1.9357607481916728,Train
2024-01-30,MSFT,400.0494689941406,-0.2758066975040663,392.33323974609374,380.9115737915039,372.1219122314453,0.8661814552021716,-0.02264359125474175,-2.694635924924138,Train
2024-01-30,TSLA,191.58999633789065,0.3456783572134414,201.37900085449215,217.5725006103516,233.5115997314453,3.1527974979861813,-0.5137139402901605,-2.244377647032414,Train
2024-01-31,AAPL,182.1789093017578,-1.9357607481916728,189.14600219726563,185.5661521911621,188.5206298828125,1.3366323618342864,0.008707220345301242,1.3340841325651498,Train
2024-01-31,MSFT,389.26959228515625,-2.694635924924138,393.1272827148438,382.219157409668,372.5411614990234,1.0424194459101552,0.1583803357260844,1.559442271017586,Train
2024-01-31,TSLA,187.2899932861328,-2.244377647032414,198.5529998779297,214.51600036621093,232.58559967041012,3.146753656330374,0.07161956602962428,0.8382761388752824,Train
2024-02-01,AAPL,184.6093292236328,1.3340841325651498,188.97113494873048,185.69508056640623,188.46471160888672,1.3582462463927485,0.04769863289985721,-0.5405190056962828,Train
2024-02-01,MSFT,395.3400268554688,1.559442271017586,394.0975646972656,383.8434783935547,373.20557678222656,1.0707957783197777,0.18523709260905083,1.8425949527044685,Train
2024-02-01,TSLA,188.8600006103516,0.8382761388752824,196.2509994506836,212.0365005493164,231.67679962158203,3.117718573145415,-0.3198844479223107,-0.5030164911426827,Train
2024-02-02,AAPL,183.61148071289065,-0.5405190056962828,188.40701751708983,185.88970794677732,188.35406036376952,1.3296035856662194,-0.049564458485914425,0.9846455985550452,Train
2024-02-02,MSFT,402.6245422363281,1.8425949527044685,395.3263305664062,385.9622482299805,373.8670562744141,1.078730380115598,-0.008242625879529024,-1.3545158601009688,Train
2024-02-02,TSLA,187.91000366210932,-0.5030164911426827,193.8229995727539,209.5355010986328,230.7229995727539,3.114076707249978,-0.41266675795383306,-3.645365318513305,Train
2024-02-05,AAPL,185.41940307617188,0.9846455985550452,187.79349212646488,186.21079177856444,188.29557250976563,1.3373432313802065,0.031143303928869964,0.8631917025890834,Train
2024-02-05,MSFT,397.1709289550781,-1.3545158601009688,396.2212219238281,387.8176376342773,374.5050360107422,1.1544901418757691,0.09623068503189164,-0.039440633011023,Train
2024-02-05,TSLA,181.0599975585937,-3.645365318513305,191.0489990234375,206.7140007019043,229.52019958496092,3.154998662472589,0.4387068098498931,2.23130928940527,Train
2024-02-06,AAPL,187.0199279785156,0.8631917025890834,187.2125732421875,186.39553833007807,188.25585693359372,1.2425745092754186,0.0409597269761611,0.0581159214779969,Train
2024-02-06,MSFT,397.0142822265625,-0.039440633011023,396.86644592285154,389.32544708251953,375.0462805175781,1.1120766675364318,0.16963009752780994,2.111017879121535,Train
2024-02-06,TSLA,185.1000061035156,2.23130928940527,188.6449996948242,203.946501159668,228.5379995727539,3.204099265265417,0.5631638671337145,1.33981396313525,Train
2024-02-07,AAPL,187.1286163330078,0.0581159214779969,186.7097045898437,186.60646591186523,188.24479217529296,1.2401824616591082,-0.013655766521615358,-0.5754725281463813,Train
2024-02-07,MSFT,405.3953247070313,2.111017879121535,397.99142150878913,391.1984573364258,375.7633709716797,1.175240921421421,0.09031490953833111,0.0145061793915157,Train
2024-02-07,TSLA,187.5800018310547,1.33981396313525,186.61999969482423,201.5775009155273,227.58059967041012,3.2446590532386463,0.5139701554387832,1.055547344179231,Train
2024-02-08,AAPL,186.0517425537109,-0.5754725281463813,186.1317489624024,186.7116828918457,188.2157470703125,1.24487473564702,0.03145499783977096,0.4093959142586367,Train
2024-02-08,MSFT,405.4541320800781,0.0145061793915157,398.8961090087891,392.73270416259766,376.4585296630859,1.1341223637688331,0.07242038933640155,1.5551424699875804,Train
2024-02-08,TSLA,189.5599975585937,1.055547344179231,187.31299896240236,199.3585006713867,226.65019958496092,3.276889141442654,0.3926135488587373,2.115430374167171,Train
2024-02-09,AAPL,186.8134307861328,0.4093959142586367,185.8028564453125,186.8846244812012,188.18988250732423,1.2436695434428091,0.013193915523441003,-0.9001874948184718,Train
2024-02-09,MSFT,411.759521484375,1.5551424699875804,400.52337036132815,394.491162109375,377.19970703125,1.163194606535919,0.05975785175959602,-1.2578880649271595,Train
2024-02-09,TSLA,193.57000732421875,2.115430374167171,188.3449996948242,197.6760009765625,225.5871997070313,3.315851853422343,0.19907273833395261,-2.810353998847848,Train
2024-02-12,AAPL,185.1317596435547,-0.9001874948184718,185.37396697998048,186.95718002319336,188.15073638916016,1.2633600979105255,-0.014476129095606418,-1.1274318901786318,Train
2024-02-12,MSFT,406.5800476074219,-1.2578880649271595,401.0657867431641,395.8026626586914,377.9126849365234,1.2158266179619075,0.13129458414535863,-2.152848328224932,Train
2024-02-12,TSLA,188.1300048828125,-2.810353998847848,188.0650009155273,196.13800125122071,224.4669998168945,3.2814939973040733,-0.03396352236759937,-2.1846598116614824,Train
2024-02-13,AAPL,183.0445251464844,-1.1274318901786318,185.10091247558597,187.0384948730469,188.05838500976563,1.2580091643432263,0.003530289291547398,-0.4809934239779934,Train
2024-02-13,MSFT,397.8269958496094,-2.152848328224932,400.843539428711,396.58838958740233,378.4494281005859,1.3367030949229577,0.17812095278491835,0.9665315152391551,Train
2024-02-13,TSLA,184.0200042724609,-2.1846598116614824,187.3080017089844,194.34350128173827,223.34579986572265,3.2854355765293697,0.43141648906690366,2.548637285358524,Train
2024-02-14,AAPL,182.16409301757807,-0.4809934239779934,185.099430847168,187.1227165222168,187.92293518066407,1.2571689573365703,0.005119563055059415,-0.1574762784602446,Train
2024-02-14,MSFT,401.672119140625,0.9665315152391551,402.08379211425785,397.6055374145508,379.1492333984375,1.3432030696488513,0.13513811568264628,-0.7155223920512932,Train
2024-02-14,TSLA,188.7100067138672,2.548637285358524,187.4500030517578,193.00150146484376,222.3433999633789,3.357421744329562,0.6756371505544463,6.221180550417671,Train
2024-02-15,AAPL,181.87722778320312,-0.1574762784602446,184.826220703125,186.8986778259277,187.8175128173828,1.0060513845937082,-0.03401125985578544,-0.8430215144822228,Train
2024-02-15,MSFT,398.7980651855469,-0.7155223920512932,402.4295959472656,398.2635803222656,379.8967126464844,1.3443277047058388,0.09702475705018442,-0.6149076949742538,Train
2024-02-15,TSLA,200.4499969482422,6.221180550417671,188.60900268554684,192.43000106811525,221.64079986572267,3.673848421906719,-0.06666489466842013,-0.2494387665813224,Train
2024-02-16,AAPL,180.34396362304688,-0.8430215144822228,184.4994689941406,186.45324325561523,187.60258666992183,0.9370105836059838,-0.0125178263791654,-0.4113961375145969,Train
2024-02-16,MSFT,396.3458251953125,-0.6149076949742538,401.8017242431641,398.5640274047852,380.5289605712891,1.331982261564635,0.1295546662679172,-0.314318581154438,Train
2024-02-16,TSLA,199.9499969482422,-0.2494387665813224,189.81300201416013,191.81800079345703,220.86539978027344,3.6728935182819615,-0.2854941899785634,-3.095775211743823,Train
2024-02-20,AAPL,179.60203552246094,-0.4113961375145969,183.91773223876956,185.8556121826172,187.39455627441407,0.8726460533950757,-0.012382925260428373,0.4186009327296291,Train
2024-02-20,MSFT,395.10003662109375,-0.314318581154438,401.5946350097656,398.9079284667969,381.2091381835937,1.3273123563807891,0.11677930666941957,-0.1514524465733746,Train
2024-02-20,TSLA,193.759994506836,-3.095775211743823,191.08300170898437,191.06600036621091,219.9531997680664,3.717265819679504,0.1169625309232354,0.5212684735028228,Train
2024-02-21,AAPL,180.35385131835932,0.4186009327296291,183.2511245727539,185.2318489074707,187.1630322265625,0.8596609258022143,0.004673639910781458,1.1244053344975136,Train
2024-02-21,MSFT,394.5016479492188,-0.1514524465733746,401.3433715820312,399.1049087524414,381.8352465820312,1.322870665687267,0.12919055116604183,2.3546630587226947,Train
2024-02-21,TSLA,194.7700042724609,0.5212684735028228,192.0500015258789,190.3475006103516,218.99579986572263,3.720501548680757,0.18689057718568805,1.3554445406056326,Train
2024-02-22,AAPL,182.3817596435547,1.1244053344975136,182.77643890380855,184.74307174682616,186.94361267089843,0.9190617342770256,-0.03587395681639427,-1.0034159177971014,Train
2024-02-22,MSFT,403.7908325195313,2.3546630587226947,401.1829223632813,399.58717193603513,382.5829083251953,1.408262119552437,0.09947130332175468,-0.318227419011341,Train
2024-02-22,TSLA,197.41000366210932,1.3554445406056326,193.0330017089844,189.8265007019043,218.06720001220705,3.7373364169201824,-0.35574049403555386,-2.7556873210526023,Train
2024-02-23,AAPL,180.5517120361328,-1.0034159177971014,182.2264358520508,184.17909240722656,186.73758361816405,0.933698613616942,-0.02849852909948546,-0.745125537105551,Train
2024-02-23,MSFT,402.505859375,-0.318227419011341,400.8880950927734,399.89210205078126,383.3622467041016,1.4076046419657942,0.14022591307678708,-0.6823555315091379,Train
2024-02-23,TSLA,191.97000122070312,-2.7556873210526023,193.2740020751953,190.2935005187988,217.1117999267578,2.5658289250743627,0.18977321102612776,3.870392576202164,Train
2024-02-26,AAPL,179.2063751220703,-0.745125537105551,181.46573028564453,183.63429336547853,186.4744158935547,0.9290329147122768,-0.0006659435825681859,0.8114287670221598,Train
2024-02-26,MSFT,399.7593383789063,-0.6823555315091379,399.6880767822266,400.1057235717773,384.0263421630859,1.4165278130381551,0.14052680160700393,-0.0147106940104002,Train
2024-02-26,TSLA,199.3999938964844,3.870392576202164,193.85700073242188,191.10100021362305,216.3595999145508,2.6886214258427583,-0.20794593402006648,0.1654974128163511,Train
2024-02-27,AAPL,180.66050720214844,0.8114287670221598,181.01860504150392,183.1962860107422,186.17611358642577,0.9608188577009104,-0.00915591625525765,-0.6625468220785136,Train
2024-02-27,MSFT,399.7005310058594,-0.0147106940104002,399.0001251220703,400.0329559326172,384.68945678710935,1.3793284836772988,0.2754605917081154,0.0588972441602386,Train
2024-02-27,TSLA,199.72999572753903,0.1654974128163511,195.01699981689453,191.5410003662109,215.5683999633789,2.5410233965012283,-0.27027035309348557,1.156560160219966,Train
2024-02-28,AAPL,179.4635467529297,-0.6625468220785136,180.66050720214844,182.8807098388672,185.8509085083008,0.882022953156307,-0.038526564642430455,-0.3693121938747823,Train
2024-02-28,MSFT,399.9359436035156,0.0588972441602386,399.2110198974609,400.027279663086,385.5225518798828,1.3779524966309649,0.13847698793023103,1.4519766005618662,Train
2024-02-28,TSLA,202.0399932861328,1.156560160219966,196.81899871826167,192.06350021362303,214.5881997680664,2.548986425351166,-0.27136638269361024,-0.0791865019980186,Train
2024-02-29,AAPL,178.80076599121094,-0.3693121938747823,180.3241744995117,182.71180267333983,185.52311737060543,0.7805948162241155,-0.024799676182726254,-0.6030268085022494,Train
2024-02-29,MSFT,405.742919921875,1.4519766005618662,399.618099975586,400.8509460449219,386.3777935791016,1.256577330971147,0.11205354418143183,0.4496447789698932,Train
2024-02-29,TSLA,201.8800048828125,-0.0791865019980186,198.13599853515623,192.79300079345705,213.55579986572263,2.480448119867795,-0.044697605353036775,0.3764585340074067,Train
2024-03-01,AAPL,177.72254943847656,-0.6030268085022494,179.90870666503906,182.36746368408205,185.2069570922852,0.711642794933992,-0.019171259473713464,-2.5381238878788737,Train
2024-03-01,MSFT,407.56732177734375,0.4496447789698932,400.4950256347656,401.4623107910156,387.2319256591797,1.2179909844323509,0.14762572478771963,-0.139578946454133,Train
2024-03-01,TSLA,202.63999938964844,0.3764585340074067,198.3549987792969,193.48200073242188,212.5669998168945,2.47834905516291,-0.41507982092663726,-7.155546804023882,Train
2024-03-04,AAPL,173.21173095703125,-2.5381238878788737,179.1954833984375,181.84747619628905,184.77983337402344,0.8832814006582671,-0.041130569822429804,-2.8441090792103,Train
2024-03-04,MSFT,406.9984436035156,-0.139578946454133,401.56028747558594,401.681005859375,388.0627362060547,1.152719603966103,0.13142782389025034,-2.9572021197425857,Train
2024-03-04,TSLA,188.13999938964844,-7.155546804023882,197.1739990234375,193.49350051879884,211.18539978027343,2.9957572002705115,-0.6117038130608153,-3.933237971984116,Train
2024-03-05,AAPL,168.285400390625,-2.8441090792103,178.0638198852539,180.9907760620117,184.2958749389649,1.000245363672689,-0.273577714025853,-0.5878271630371246,Train
2024-03-05,MSFT,394.9626770019531,-2.9572021197425857,401.5465515136719,401.5705932617187,388.704525756836,1.3022605942314158,0.13536330892159898,-0.1390728594512502,Train
2024-03-05,TSLA,180.7400054931641,-3.933237971984116,195.87200012207032,193.47750091552732,209.85739990234376,3.0150713305138845,-0.5957385052558432,-2.323786698783814,Train
2024-03-06,AAPL,167.29617309570312,-0.5878271630371246,176.75805206298827,180.00458831787108,183.7950961303711,0.9490972076252172,-0.1252392121708155,-0.0709326461826309,Train
2024-03-06,MSFT,394.4133911132813,-0.1390728594512502,401.5377258300781,401.4405487060547,389.2781512451172,1.3025302027696353,0.173676481075215,1.753339371647078,Train
2024-03-06,TSLA,176.5399932861328,-2.323786698783814,194.0489990234375,193.0495002746582,208.2981997680664,3.012449711702395,-0.3060328403589658,1.195196947204891,Train
2024-03-07,AAPL,167.17750549316406,-0.0709326461826309,175.2376266479492,179.0070327758789,183.31328338623047,0.9451660233064858,-0.16926476773572943,1.023662976347972,Train
2024-03-07,MSFT,401.3287963867188,1.753339371647078,401.29152221679686,401.2372222900391,389.9697198486328,1.2738005526115028,0.08847978513457265,-0.7137011736676246,Train
2024-03-07,TSLA,178.64999389648438,1.195196947204891,192.172998046875,192.60299987792968,206.82039978027345,3.0087479264011323,-0.6373843139090458,-1.8527834714126332,Train
2024-03-08,AAPL,168.8888397216797,1.023662976347972,174.07133941650392,178.14888763427734,182.87656494140623,1.0090740784629402,0.012115464489181185,1.18314476325585,Train
2024-03-08,MSFT,398.4645080566406,-0.7137011736676246,400.88738708496095,400.8877410888672,390.6024353027344,1.2824583651248538,0.10815674020836585,-0.4184765355595865,Train
2024-03-08,TSLA,175.33999633789062,-1.8527834714126332,190.5099975585937,191.89199981689453,205.195,3.0151314027926928,-0.36325176533695486,1.3858834181150304,Train
2024-03-11,AAPL,170.8870391845703,1.18314476325585,173.2394058227539,177.35256805419922,182.47783477783204,1.0585038309133012,0.03671506594172436,0.2778578178383784,Train
2024-03-11,MSFT,396.7970275878906,-0.4184765355595865,400.5911560058594,400.13961639404295,391.2133557128906,1.224724238985318,0.12662472929222643,2.6599252667520057,Train
2024-03-11,TSLA,177.77000427246094,1.3858834181150304,188.3469985961914,191.10199966430665,203.5216000366211,2.988080779860896,-0.520844393490683,-0.1293868373742013,Train
2024-03-12,AAPL,171.3618621826172,0.2778578178383784,172.30954132080078,176.66407318115233,182.08010498046875,1.0642618525034162,-0.01995286344564437,-1.2122484644541132,Train
2024-03-12,MSFT,407.3515319824219,2.6599252667520057,401.3562561035157,400.17819061279295,392.0116717529297,1.3498023587145311,0.09728228045256032,-0.0433320260306846,Train
2024-03-12,TSLA,177.5399932861328,-0.1293868373742013,186.1279983520508,190.57249908447267,202.0088000488281,2.933046688111512,-0.6238152886216213,-4.539820808488959,Train
2024-03-13,AAPL,169.28453063964844,-1.2122484644541132,171.29163970947266,175.97607345581054,181.66157501220704,1.0675596391859556,0.04856932588859084,1.0927391001683606,Train
2024-03-13,MSFT,407.1750183105469,-0.0433320260306846,402.0801635742188,400.64559173583984,392.7915740966797,1.2499576585452337,0.12815040060805832,2.437958461618828,Train
2024-03-13,TSLA,169.47999572753906,-4.539820808488959,182.87199859619145,189.84549865722656,200.42880004882807,3.059442077737597,-0.9847765760368482,-4.118477639544138,Train
2024-03-14,AAPL,171.13436889648438,1.0927391001683606,170.525,175.42458724975586,181.4161819458008,1.1169307664973958,0.06391952488935544,-0.2196610358093154,Train
2024-03-14,MSFT,417.1017761230469,2.437958461618828,403.216049194336,401.4170745849609,393.87125122070313,1.3420906301334226,0.08492162925352283,-2.069516127604343,Train
2024-03-14,TSLA,162.5,-4.118477639544138,178.93399810791016,188.5349983215332,198.7104000854492,3.0882479617606102,0.6161482693870242,0.6584660456730784,Train
2024-03-15,AAPL,170.75845336914062,-0.2196610358093154,169.8285903930664,174.8686485290527,181.1907357788086,1.116582534223849,0.04053897948272814,0.6372183786969687,Train
2024-03-15,MSFT,408.46978759765625,-2.069516127604343,403.3062957763672,401.9006607055664,394.7835748291016,1.422306344129554,0.1438105337719407,0.2161342269082933,Train
2024-03-15,TSLA,163.57000732421875,0.6584660456730784,175.0269989013672,186.69099884033204,197.21280029296875,2.651830963270379,1.4558693389951984,6.254200201423088,Train
2024-03-18,AAPL,171.8465576171875,0.6372183786969687,169.69207305908202,174.44377822875975,181.03328826904297,1.1283151757399736,0.08419683306028804,1.3585344733894278,Train
2024-03-18,MSFT,409.3526306152344,0.2161342269082933,403.5417144775391,402.5510009765625,395.76564453125,1.4115131804334324,0.1689171019950724,0.9800750234816524,Train
2024-03-18,TSLA,173.8000030517578,6.254200201423088,173.59299926757814,185.3834991455078,195.93020050048827,3.105709204186602,0.3046492951555212,-1.426925019558556,Train
2024-03-19,AAPL,174.18115234375,1.3585344733894278,170.28164825439453,174.17273406982423,180.93695678710935,1.181884658210944,0.054706145697938406,1.470906697914076,Train
2024-03-19,MSFT,413.3645935058594,0.9800750234816524,405.3819061279297,403.4642288208008,396.8316735839844,1.4177491108024902,0.26648418298970317,0.906473329789148,Train
2024-03-19,TSLA,171.32000732421875,-1.426925019558556,172.6509994506836,184.26149978637696,194.60680053710936,3.058664165883666,0.48489688966670097,2.5332688257929448,Train
2024-03-20,AAPL,176.74319458007812,1.470906697914076,171.22635040283205,173.99220123291016,180.8053207397461,1.2307751226282255,0.03595683386490979,-4.085748804156975,Train
2024-03-20,MSFT,417.1116333007813,0.906473329789148,407.6517303466797,404.5947280883789,397.8367443847656,1.4222706685701167,0.12669230686322913,0.9735794357500271,Train
2024-03-20,TSLA,175.66000366210938,2.5332688257929448,172.56300048828126,183.30599975585935,193.31100067138672,3.128688737302068,0.13736369027266254,-1.6167575308454918,Train
2024-03-21,AAPL,169.52191162109375,-4.085748804156975,171.460791015625,173.3492088317871,180.53755767822267,1.4845779423527334,-0.035028383320372176,0.5310272347231138,Train
2024-03-21,MSFT,421.1725463867188,0.9735794357500271,409.6361053466797,405.4638137817383,398.90149291992185,1.348284682695578,0.07230051149021882,-0.1467141975839192,Train
2024-03-21,TSLA,172.82000732421875,-1.6167575308454918,171.9800018310547,182.07649993896484,192.06820068359372,3.1080297890363293,0.02070785229206757,-1.151490226146512,Train
2024-03-22,AAPL,170.422119140625,0.5310272347231138,171.61411895751954,172.8427291870117,180.26705200195312,1.4889112685015065,0.2205380727353697,-0.8300366449919716,Train
2024-03-22,MSFT,420.55462646484375,-0.1467141975839192,411.8451171875,406.36625213623046,399.817201538086,1.3452258655228029,0.09360220495742318,-1.3714799226223984,Train
2024-03-22,TSLA,170.8300018310547,-1.151490226146512,171.52900238037108,181.0194999694824,190.80600067138676,3.0703974021112166,0.311592716989132,1.0536808713131895,Train
2024-03-25,AAPL,169.00755310058594,-0.8300366449919716,171.4261703491211,172.3327880859375,179.98011108398438,1.4904348175210471,0.07970773859682857,-0.6672577904148214,Train
2024-03-25,MSFT,414.7868041992188,-1.3714799226223984,413.6440948486328,407.1176254272461,400.58113037109376,1.3781966587696532,0.10058241329360286,-0.286137147769383,Train
2024-03-25,TSLA,172.6300048828125,1.0536808713131895,171.01500244140624,179.68100051879884,189.7142007446289,2.9184560458567,0.6585743410521219,2.9195349264770964,Train
2024-03-26,AAPL,167.8798370361328,-0.6672577904148214,171.07796783447264,171.69375457763672,179.6640948486328,1.469881307034136,0.15159983974032387,2.1212536832496687,Train
2024-03-26,MSFT,413.5999450683594,-0.286137147769383,414.26893615722656,407.8125961303711,401.2461285400391,1.381689004112071,0.1395122462743436,-0.0521956906015974,Train
2024-03-26,TSLA,177.6699981689453,2.9195349264770964,171.0280029296875,178.5780006408691,188.88980072021485,3.023405263432508,0.16606277807257297,1.215739114296288,Train
2024-03-27,AAPL,171.4409942626953,2.1212536832496687,171.29361419677736,171.292626953125,179.46455017089843,1.567845013581502,0.07658822623385142,-1.055897807291617,Train
2024-03-27,MSFT,413.3840637207031,-0.0521956906015974,414.8898406982422,408.4850021362305,401.8715606689453,1.3824251855952074,0.07514902187056795,-0.1684511230037988,Train
2024-03-27,TSLA,179.8300018310547,1.215739114296288,172.06300354003906,177.46750106811524,188.08820068359373,3.0251811784167875,-0.131650615787685,-2.2465709302040398,Train
2024-03-28,AAPL,169.63075256347656,-1.055897807291617,171.14325256347655,170.8341262817383,179.2475720214844,1.5788429426201631,0.06456076855159544,-0.8455758568402194,Train
2024-03-28,MSFT,412.6877136230469,-0.1684511230037988,414.4484344482422,408.8322418212891,402.4987316894531,1.3507413874756653,0.07717870670845761,0.9150887258261964,Train
2024-03-28,TSLA,175.7899932861328,-2.2465709302040398,173.39200286865236,176.16300048828126,187.29300048828125,3.0466716433449395,-0.2207879602220672,-0.3242460249155976,Train
2024-04-01,AAPL,168.19639587402344,-0.8455758568402194,170.88704681396484,170.35781860351562,178.88433990478515,1.582616879548248,0.16669666361361685,-0.6998872077350837,Train
2024-04-01,MSFT,416.4641723632813,0.9150887258261964,415.2478729248047,409.27708435058594,403.1152709960937,1.3611686434585777,0.08788992201192272,-0.7372039741775027,Train
2024-04-01,TSLA,175.22000122070312,-0.3242460249155976,174.55700225830077,174.792000579834,186.55980041503904,3.0383231625100837,-0.22132748641613756,-4.902406276707449,Train
2024-04-02,AAPL,167.0192108154297,-0.6998872077350837,170.40431213378906,170.04819259643554,178.4396710205078,1.494459434401045,0.2328348559927704,0.4797377909696809,Train
2024-04-02,MSFT,413.39398193359375,-0.7372039741775027,415.6520080566406,409.5968612670898,403.5764129638672,1.3735968739630466,0.085191501118425,-0.2349016624275557,Train
2024-04-02,TSLA,166.6300048828125,-4.902406276707449,173.84000244140626,173.71650085449218,185.6486004638672,2.8194774690725257,-0.5721309036869446,1.050231020055925,Train
2024-04-03,AAPL,167.82046508789062,0.4797377909696809,169.76824340820312,170.02494583129882,177.9649871826172,1.3603649615298357,0.21559962404992952,-0.4892218621053712,Train
2024-04-03,MSFT,412.42291259765625,-0.2349016624275557,415.55783996582034,410.469873046875,404.0604309082031,1.1768547441750974,0.06765735546891329,-0.6112500012949273,Train
2024-04-03,TSLA,168.3800048828125,1.050231020055925,173.54600219726564,173.0985008239746,184.8402005004883,2.724998154008098,-0.019848945715670367,1.6213301154368365,Train
2024-04-04,AAPL,166.99945068359375,-0.4892218621053712,168.7938690185547,170.01010971069337,177.44839385986327,1.3583184447175762,0.2327877872776863,0.4501723061021812,Train
2024-04-04,MSFT,409.9019775390625,-0.6112500012949273,414.8368743896484,411.2443023681641,404.4472296142578,1.1891737320309137,0.07169341061362686,1.8282688345185427,Train
2024-04-04,TSLA,171.11000061035156,1.6213301154368365,173.09100189208985,172.82700119018554,184.07960052490236,2.7149571302868853,-0.40058729320793274,-3.62924825651102,Train
2024-04-05,AAPL,167.75123596191406,0.4501723061021812,168.6168014526367,170.03879623413087,176.96027252197266,1.3618798379523844,0.21060316471724996,-0.6663607351271139,Train
2024-04-05,MSFT,417.3960876464844,1.8282688345185427,414.459228515625,412.0476669311523,404.9122399902344,1.1944332596588088,0.0914031543393564,-0.2185748800835885,Train
2024-04-05,TSLA,164.89999389648438,-3.62924825651102,172.29900054931642,172.13950119018554,183.22100036621092,2.804694155223661,0.2709754897451439,4.899940648952894,Train
2024-04-08,AAPL,166.63340759277344,-0.6663607351271139,168.23793029785156,169.92602462768554,176.4563146972656,1.349092517068013,0.24452594898943272,0.7242625718065554,Train
2024-04-08,MSFT,416.4837646484375,-0.2185748800835885,414.0521423339844,412.94862976074216,405.3137701416016,1.179466139104818,0.10505375474638518,0.3980482643504146,Train
2024-04-08,TSLA,172.97999572753906,4.899940648952894,172.51399993896484,172.02150115966796,183.02800018310543,3.0144336878895523,0.07432453745305512,2.254601255405486,Train
2024-04-09,AAPL,167.84027099609375,0.7242625718065554,168.12120208740234,169.77368621826173,176.01107299804687,1.3306409337115106,0.20367543246964054,-1.1139425323512309,Train
2024-04-09,MSFT,418.1415710449219,0.3980482643504146,414.3876190185547,414.01585693359374,405.7668634033203,1.170006197944696,0.12348045308154094,-0.7084541489598695,Train
2024-04-09,TSLA,176.8800048828125,2.254601255405486,172.93899993896486,171.97700119018555,182.9006002807617,3.0419613796051967,-0.4750399332696601,-2.8946236061948905,Train
2024-04-10,AAPL,165.9706268310547,-1.1139425323512309,167.93028106689454,169.5041244506836,175.5420724487305,1.3471548415802947,0.3490048037671457,4.327101160047886,Train
2024-04-10,MSFT,415.1792297363281,-0.7084541489598695,414.5455474853516,414.40724182128906,406.0473303222656,1.043262925014233,0.11854366387089742,1.1033406144527858,Train
2024-04-10,TSLA,171.75999450683594,-2.8946236061948905,172.3479995727539,171.6880012512207,182.5172003173828,3.1111066710882143,-0.25570275355276556,1.653476762638495,Train
2024-04-11,AAPL,173.15234375,4.327101160047886,168.101416015625,169.69751510620117,175.28961791992188,1.652344613031982,0.27786563156031613,0.8626672936359325,Train
2024-04-11,MSFT,419.7600708007813,1.1033406144527858,415.1831481933594,415.0364944458008,406.44154235839846,1.066205968833295,0.09377660080983352,-1.4091258128677286,Train
2024-04-11,TSLA,174.60000610351562,1.653476762638495,171.825,171.94400177001953,182.1774005126953,2.952134011346504,-0.11071112332619325,-2.0332204625772565,Train
2024-04-12,AAPL,174.6460723876953,0.8626672936359325,168.6029479980469,169.87310028076172,175.13896118164064,1.6460486114392934,0.10680106000008012,-2.186332657819312,Train
2024-04-12,MSFT,413.8451232910156,-1.4091258128677286,415.29888916015625,414.8736618041992,406.9330529785156,0.9764194435961993,0.07744679484759538,-1.9577863585076405,Train
2024-04-12,TSLA,171.0500030517578,-2.0332204625772565,171.3510009765625,172.37150192260742,181.8526007080078,2.8260847695651363,-0.5455336287959598,-5.594859487563397,Train
2024-04-15,AAPL,170.82772827148438,-2.186332657819312,168.86608123779297,169.8765640258789,174.8633291625977,1.7239593760611809,0.16557002310571162,-1.9167573440653896,Train
2024-04-15,MSFT,405.742919921875,-1.9577863585076405,414.2267639160156,414.7373184204101,407.14111083984375,0.964410175452786,0.10900442597547068,0.227229239862492,Train
2024-04-15,TSLA,161.47999572753906,-5.594859487563397,169.97700042724608,172.26700134277343,181.3050006103516,3.114859043196001,-0.7163378594720945,-2.7062145360474688,Train
2024-04-16,AAPL,167.55337524414062,-1.9167573440653896,168.91949768066405,169.66190490722656,174.54216705322267,1.7695204645707865,0.37070437668162165,-0.8147236926199564,Train
2024-04-16,MSFT,406.6648864746094,0.227229239862492,413.5538543701172,414.6029312133789,407.2219177246094,0.964561821111096,0.1555385848502985,-0.6609010704587526,Train
2024-04-16,TSLA,157.11000061035156,-2.7062145360474688,169.025,171.43250122070313,180.6890005493164,2.792963416356344,-0.553181106870986,-1.0565868854054306,Train
2024-04-17,AAPL,166.1882781982422,-0.8147236926199564,168.75627899169922,169.26226119995118,174.15754455566406,1.7409907308273196,0.28325107453930815,-0.5714369660596574,Train
2024-04-17,MSFT,403.9772338867188,-0.6609010704587526,412.70928649902345,414.13356323242186,407.3580438232422,0.9438234084994342,-0.049584566812684326,-1.8381002613328312,Train
2024-04-17,TSLA,155.4499969482422,-1.0565868854054306,167.73199920654298,170.6390007019043,180.1768005371094,2.787481252742709,-0.7273057592672028,-3.550983840996058,Train
2024-04-18,AAPL,165.23861694335938,-0.5714369660596574,168.58019561767577,168.68703231811523,173.72191833496095,1.6958892635780247,0.2746772241731999,-1.2212674061448214,Train
2024-04-18,MSFT,396.5517272949219,-1.8381002613328312,411.3742614746094,413.1055679321289,407.3487927246094,0.9867188755884116,-0.011141987725956853,-1.273890742236139,Train
2024-04-18,TSLA,149.92999267578125,-3.550983840996058,165.61399841308594,169.35250015258788,179.47340026855468,2.7770110392594365,-0.45069975384979083,-1.92088959161848,Train
2024-04-19,AAPL,163.22061157226562,-1.2212674061448214,168.12713317871095,168.37196731567383,173.2437582397461,1.466814928974763,0.2810880973304027,0.5090855923056026,Train
2024-04-19,MSFT,391.5000915527344,-1.273890742236139,408.7846618652344,411.6219451904297,407.0708880615234,0.968103672629958,0.015552125071227732,0.4610063003388953,Train
2024-04-19,TSLA,147.0500030517578,-1.92088959161848,163.8289993286133,168.06399993896486,178.66280029296874,2.782822580285793,0.42507175734392433,-3.400203941675628,Train
2024-04-22,AAPL,164.05154418945312,0.5090855923056026,167.86894683837892,168.05343856811524,172.80375427246094,1.4662639290699502,0.3592874640423757,0.6391888892878006,Train
2024-04-22,MSFT,393.304931640625,0.4610063003388953,406.46677856445314,410.2594604492188,406.8279040527344,0.9845532768051072,0.04740491462240631,1.6485570557494,Train
2024-04-22,TSLA,142.0500030517578,-3.400203941675628,160.73600006103516,166.625,177.71260040283204,2.8439260528998704,2.2147203182739195,1.8514534090260824,Train
2024-04-23,AAPL,165.1001434326172,0.6391888892878006,167.59493408203124,167.8580680847168,172.36948852539064,1.468796661367579,0.28553441031940585,1.27021221713155,Train
2024-04-23,MSFT,399.7887878417969,1.6485570557494,404.6315002441406,409.50955963134766,406.5884893798828,1.0460493733583227,0.0435301363660875,0.3655647333923095,Train
2024-04-23,TSLA,144.67999267578125,1.8514534090260824,157.51599884033203,165.22749938964844,176.73480010986327,2.877861138109172,4.0437938999587715,12.061109407252758,Train
2024-04-24,AAPL,167.197265625,1.27021221713155,167.71759796142578,167.82393951416014,172.01079864501952,1.4935671321990025,0.22514393277950376,0.5147461450849766,Train
2024-04-24,MSFT,401.2502746582031,0.3655647333923095,403.2386047363281,408.8920761108399,406.4818939208984,1.052658428488621,0.04109961601295604,-2.4495121716187285,Train
2024-04-24,TSLA,162.1300048828125,12.061109407252758,156.5529998779297,164.4504997253418,176.2148001098633,4.009724988250626,3.0331777254494043,4.965143743002587,Train
2024-04-25,AAPL,168.0579071044922,0.5147461450849766,167.208154296875,167.65478515625,171.71106628417968,1.4140005135131932,0.292598277615282,-0.3472902237665831,Train
2024-04-25,MSFT,391.4216003417969,-2.4495121716187285,400.4047576904297,407.7939529418945,406.35378601074217,1.1712077362325355,-0.03772391029264714,1.8243733112076168,Train
2024-04-25,TSLA,170.17999267578125,4.965143743002587,156.11099853515626,163.96799926757814,175.93799987792968,4.172723666482778,2.59289896644243,-1.1105884774887609,Train
2024-04-26,AAPL,167.47425842285156,-0.3472902237665831,166.49097290039063,167.54696044921874,171.41726959228515,1.3973091582349897,0.3339677368862255,2.4808044540281404,Train
2024-04-26,MSFT,398.5625915527344,1.8243733112076168,398.8765045166016,407.0876968383789,406.2915954589844,1.2612568906017172,0.10849385851259402,-1.0016539690855364,Train
2024-04-26,TSLA,168.2899932861328,-1.1105884774887609,155.83499755859376,163.59299926757814,175.529599609375,4.151004847860145,3.737172375337929,15.306917103399533,Train
2024-04-29,AAPL,171.62896728515625,2.4808044540281404,166.57109680175782,167.71858901977538,171.21230438232422,1.4929233494297365,0.2287278110702341,-1.827109402699678,Train
2024-04-29,MSFT,394.57037353515625,-1.0016539690855364,397.7592498779297,405.99300689697264,406.20704162597656,1.2475007267737754,0.013559376465091214,-3.2119494338510024,Train
2024-04-29,TSLA,194.0500030517578,15.306917103399533,159.0919982910156,164.53449935913085,175.40159973144532,5.398297505446125,-0.41924908714450226,-5.550118063944742,Train
2024-04-30,AAPL,168.4931182861328,-1.827109402699678,166.66507110595705,167.79228439331055,170.97528747558593,1.5455197313484517,0.25903709559646365,-0.6046893034236778,Train
2024-04-30,MSFT,381.89697265625,-3.2119494338510024,395.28245849609374,404.4181564331055,405.9180645751953,1.4093268019984384,-0.019737528482954177,1.4409541313728624,Train
2024-04-30,TSLA,183.27999877929688,-5.550118063944742,161.70899810791016,165.36699905395508,175.0681997680664,5.435135164231789,-0.16932105657063418,-1.7950640048260635,Train
2024-05-01,AAPL,167.47425842285156,-0.6046893034236778,166.79366912841795,167.77497406005858,170.73273193359375,1.548859778393349,0.4417160536692839,2.203179363520502,Train
2024-05-01,MSFT,387.3999328613281,1.4409541313728624,393.6247283935547,403.16700744628906,405.7640625,1.467405452566369,0.1787398466464646,0.734281100974199,Train
2024-05-01,TSLA,179.99000549316406,-1.7950640048260635,164.16299896240236,165.94749908447267,174.79279998779296,5.460208580947619,0.41435452725744865,0.0111056242356966,Train
2024-05-02,AAPL,171.1640167236328,2.203179363520502,167.3862091064453,167.98320236206055,170.5489352416992,1.6194123517190773,0.8859408548430142,5.981633006920939,Train
2024-05-02,MSFT,390.2445373535156,0.734281100974199,392.9940093994141,402.1841354370117,405.6789202880859,1.4832492005497366,0.0410486891758529,2.2169639757723347,Train
2024-05-02,TSLA,180.00999450683594,0.0111056242356966,167.1709991455078,166.3924987792969,174.49759979248046,5.45418453166906,-0.022746280537993036,0.6555235656792835,Train
2024-05-03,AAPL,181.4024200439453,5.981633006920939,169.2043899536133,168.6657615661621,170.52934844970704,2.0821926124648438,0.12506566130907484,-0.9106784779670308,Train
2024-05-03,MSFT,398.8961181640625,2.2169639757723347,393.7336120605469,401.2591369628906,405.5810260009766,1.5139346678322636,0.07325446184869923,1.691833266671905,Train
2024-05-03,TSLA,181.19000244140625,0.6555235656792835,170.58499908447266,167.20699920654295,174.1731997680664,5.371608010018347,0.23932805659527354,1.970303006416807,Train
2024-05-06,AAPL,179.75042724609375,-0.9106784779670308,170.77427825927734,169.3216125488281,170.51332275390624,2.0895567387992777,0.1458307669335842,0.3797073782924265,Train
2024-05-06,MSFT,405.644775390625,1.691833266671905,394.96759643554685,400.7171875,405.64380432128905,1.5728506219406906,0.0421300412423077,-1.0156206271241697,Train
2024-05-06,TSLA,184.759994506836,1.970303006416807,174.85599822998046,167.7959991455078,174.02899963378906,5.287531679903869,-0.5408472940712441,-3.761635178001199,Train
2024-05-07,AAPL,180.43295288085932,0.3797073782924265,172.30755920410155,169.9512466430664,170.53785430908204,2.0881619110336955,0.33222524647410295,0.1864039928104022,Train
2024-05-07,MSFT,401.5249633789063,-1.0156206271241697,395.1412139892578,399.8863571166993,405.6791168212891,1.5800944642588668,0.04291250122263584,0.2931633474371642,Train
2024-05-07,TSLA,177.80999755859375,-3.761635178001199,178.16899871826172,167.84249877929688,173.59719970703125,5.350569677393707,-0.4527221248105037,-1.7378079862311324,Train
2024-05-08,AAPL,180.769287109375,0.1864039928104022,173.66476135253907,170.69117965698243,170.54002990722657,2.059151827026112,0.32366620262930595,1.001443753705611,Train
2024-05-08,MSFT,402.70208740234375,0.2931633474371642,395.2863952636719,399.2625000000001,405.7391479492188,1.578691216943644,0.2130369697241682,0.4335716778942844,Train
2024-05-08,TSLA,174.72000122070312,-1.7378079862311324,179.4279983520508,167.99049911499023,173.09699981689454,5.3220441425093,-0.44919251538846233,-1.573946875450305,Train
2024-05-09,AAPL,182.57958984375,1.001443753705611,175.11692962646484,171.16254196166992,170.60235076904297,1.8533901409730364,0.17817497687999043,-0.6890205336392841,Train
2024-05-09,MSFT,404.4480895996094,0.4335716778942844,396.5890441894532,398.49690093994144,405.82939086914064,1.5578824565494622,0.06419333048494524,0.5869106172925243,Train
2024-05-09,TSLA,171.97000122070312,-1.573946875450305,179.60699920654298,167.8589988708496,172.49559997558595,5.324992229047198,-0.2312814430621866,-2.035238689978358,Train
2024-05-10,AAPL,181.3215789794922,-0.6890205336392841,176.5016616821289,171.49631729125977,170.6527670288086,1.8602436870065708,0.18300077885534974,1.7645493079199823,Train
2024-05-10,MSFT,406.8218383789063,0.5869106172925243,397.4149688720703,398.145736694336,405.85096923828127,1.5384100882095522,0.07494298040156791,-0.2459353713200385,Train
2024-05-10,TSLA,168.47000122070312,-2.035238689978358,179.625,167.72999877929686,171.82739990234376,5.325033833273434,0.2969696354610274,2.030033919489904,Train
2024-05-13,AAPL,184.5210876464844,1.7645493079199823,177.7908737182617,172.18098526000978,170.78873779296876,1.801927647268316,0.1829403539969329,0.6173438782532292,Train
2024-05-13,MSFT,405.8213195800781,-0.2459353713200385,398.5400634765625,398.1496566772461,405.816049194336,1.4743893001458723,0.06327254751074737,0.6864665561684635,Train
2024-05-13,TSLA,171.88999938964844,2.030033919489904,177.40899963378905,168.25049896240233,171.21239990234375,5.17021816061063,0.5170353977330493,3.292805679333921,Train
2024-05-14,AAPL,185.66021728515625,0.6173438782532292,179.50758361816406,173.08632736206056,171.03770751953124,1.7174586701264658,0.19107248495404508,1.2217947786500094,Train
2024-05-14,MSFT,408.6071472167969,0.6864665561684635,401.2110809326172,398.24676971435554,405.8482232666016,1.481487393501376,0.08837782945305545,1.7483816667997587,Train
2024-05-14,TSLA,177.5500030517578,3.292805679333921,176.83600006103515,169.27249908447266,171.00059997558594,5.152521004852366,-0.057105620206431854,-2.005067585133169,Train
2024-05-15,AAPL,187.92860412597656,1.2217947786500094,181.55301818847656,174.1733436584473,171.43057159423827,1.6938630917240107,0.1257835403645943,0.0632424790045105,Train
2024-05-15,MSFT,415.7511596679688,1.7483816667997587,404.0462036132813,398.835466003418,406.26399291992186,1.5194495619103612,0.05774153753206883,-0.4939980183999104,Train
2024-05-15,TSLA,173.99000549316406,-2.005067585133169,176.23600006103516,170.19949951171876,170.86559997558595,5.174174591440486,0.36099869983442096,0.4885285464054867,Train
2024-05-16,AAPL,188.0474548339844,0.0632424790045105,183.24136199951167,175.31378555297852,171.8455972290039,1.6760225869570182,0.14882433445542342,0.0157904841316947,Train
2024-05-16,MSFT,413.6973571777344,-0.4939980183999104,406.3914855957031,399.69274749755857,406.64967224121096,1.4550249528710388,0.06506657556200018,-0.1852754142343204,Train
2024-05-16,TSLA,174.83999633789062,0.4885285464054867,175.71900024414063,171.44499969482422,170.8316000366211,5.078062096752946,0.5812176511701646,1.4985188920464187,Train
2024-05-17,AAPL,188.0771484375,0.0157904841316947,183.9088348388672,176.55661239624024,172.26359008789063,1.6249241091358535,0.14434521787905027,0.6162346630943283,Train
2024-05-17,MSFT,412.9308776855469,-0.1852754142343204,407.7949615478516,400.7642868041992,406.8817138671875,1.4159587159203773,0.10940230433753718,1.2208187780889057,Train
2024-05-17,TSLA,177.4600067138672,1.4985188920464187,175.34600067138672,172.9654998779297,170.80780029296875,5.035933321608394,0.2718021414467174,-1.4144086952910362,Train
2024-05-20,AAPL,189.23614501953125,0.6162346630943283,184.8574066162109,177.81584243774415,172.67053619384765,1.6243564474228185,0.11226868827726429,0.6857241460500152,Train
2024-05-20,MSFT,417.9720153808594,1.2208187780889057,409.027685546875,401.9976409912109,407.2718640136719,1.431282419527104,0.12036779094285567,0.8699114281160325,Train
2024-05-20,TSLA,174.9499969482422,-1.4144086952910362,174.36500091552733,174.6104995727539,170.8000003051758,4.962446156703701,0.5996220492371777,6.65905079079252,Train
2024-05-21,AAPL,190.5337829589844,0.6857241460500152,185.86748962402345,179.0875244140625,173.06347106933595,1.6242545444769363,0.07730412957090796,-0.7538427311609142,Train
2024-05-21,MSFT,421.6080017089844,0.8699114281160325,411.0359893798829,403.0886016845704,407.76808349609377,1.403400254494898,0.013357907597446457,0.344952111257335,Train
2024-05-21,TSLA,186.6000061035156,6.65905079079252,175.24400177001954,176.7065002441406,170.97660034179688,5.112021821523968,-0.4018247593443931,-3.478030697149992,Train
2024-05-22,AAPL,189.0974578857422,-0.7538427311609142,186.70030670166017,180.1825340270996,173.41818298339842,1.6517269427687526,0.10852974516534765,-2.105805752761847,Train
2024-05-22,MSFT,423.0623474121094,0.344952111257335,413.0720153808594,404.1792053222656,408.0822998046875,1.4033381698604284,0.04008752536070904,-0.8176279333043213,Train
2024-05-22,TSLA,180.11000061035156,-3.478030697149992,175.7830017089844,177.6055000305176,171.02800048828124,4.556750866534656,-0.31476815157166466,-3.5367248323807887,Train
2024-05-23,AAPL,185.1154327392578,-2.105805752761847,186.95389099121093,181.0354103088379,173.73480102539062,1.76163519168381,0.25660143891099996,1.6587995524132149,Train
2024-05-23,MSFT,419.603271484375,-0.8176279333043213,414.587533569336,405.58828887939455,408.330864868164,1.278514219828336,0.08726119465002936,0.7400454996377981,Train
2024-05-23,TSLA,173.74000549316406,-3.5367248323807887,175.96000213623046,177.78350067138672,171.11320068359376,4.526606800345662,0.2921271194160718,3.165649721483632,Train
2024-05-24,AAPL,188.1861267089844,1.6587995524132149,187.64034576416012,182.0710037231445,174.07583618164062,1.768014613185753,0.2133118810266419,0.0052785355931339,Train
2024-05-24,MSFT,422.7085266113281,0.7400454996377981,416.17620239257815,406.7955856323242,408.4429998779297,1.2352287777806807,0.11756408090360711,0.0372022493463353,Train
2024-05-24,TSLA,179.24000549316406,3.165649721483632,177.03700256347656,178.33100128173828,171.44800079345703,4.562507665467452,-0.040607705029505246,-1.389201861667555,Train
2024-05-28,AAPL,188.1960601806641,0.0052785355931339,188.00784301757807,182.89935836791992,174.4245883178711,1.7152244951731377,0.10126267404831335,0.1578936657429697,Train
2024-05-28,MSFT,422.8657836914063,0.0372022493463353,417.8806488037109,408.2103561401367,408.7309197998047,1.1988382765527956,0.043685913113299925,-0.2672470743983468,Train
2024-05-28,TSLA,176.75,-1.389201861667555,177.52300262451172,177.46600112915038,171.71160064697267,2.9278874959561265,-0.0028874933977878553,-0.3168303018918017,Train
2024-05-29,AAPL,188.4932098388672,0.1578936657429697,188.29114227294923,183.89936294555665,174.7575213623047,1.6303012688330238,0.19647403573838457,0.525512197716349,Train
2024-05-29,MSFT,421.7356872558594,-0.2672470743983468,419.1935028076172,410.2022918701172,408.9785809326172,0.8749405321005688,0.06520993014961539,-3.3786041180410065,Train
2024-05-29,TSLA,176.19000244140625,-0.3168303018918017,177.38700256347656,177.11150131225585,171.75940063476563,2.668100792872756,0.23829354253426904,1.4756744473008343,Train
2024-05-30,AAPL,189.4837646484375,0.525512197716349,188.4466583251953,184.99983825683597,175.06357360839843,1.6066841278706503,0.16568287408244065,0.5018598796199925,Train
2024-05-30,MSFT,407.4869079589844,-3.3786041180410065,418.3670776367188,411.206640625,408.8610272216797,1.2041853650968142,0.08571601496030175,0.1109227905930376,Train
2024-05-30,TSLA,178.7899932861328,1.4756744473008343,177.86700134277345,177.0515007019043,171.90880035400392,2.663073781118507,0.07575669709468177,-0.3971091681523098,Train
2024-05-31,AAPL,190.4347076416016,0.5018598796199925,188.68538360595704,185.9633728027344,175.3374038696289,1.5635373285827794,0.17376402750772219,0.9258730278664862,Train
2024-05-31,MSFT,407.93890380859375,0.1109227905930376,417.7912322998047,412.0913589477539,408.6775726318359,1.1993210848079383,0.06608706689098334,-0.3878407539808393,Train
2024-05-31,TSLA,178.0800018310547,-0.3971091681523098,178.19100189208984,176.95500106811522,171.9572003173828,2.664547442219687,0.08874822186344071,-1.00517100545634,Train
2024-06-03,AAPL,192.1978912353516,0.9258730278664862,189.09745788574224,186.50314636230468,175.79092346191408,0.9110562439058192,0.13144509373058094,0.1649348703754771,Train
2024-06-03,MSFT,406.3567504882813,-0.3878407539808393,417.1338195800781,412.46439056396486,408.3812567138672,1.1101793898018169,0.05168669400064954,0.6166723918249017,Train
2024-06-03,TSLA,176.2899932861328,-1.00517100545634,178.0740005493164,176.71000061035156,172.0266000366211,2.668245397925678,0.07468853695921646,-0.8622094682395387,Train
2024-06-04,AAPL,192.514892578125,0.1649348703754771,189.4253326416016,187.14136962890623,176.23277893066407,0.8669148566730621,0.15915045412649215,0.7820852054617244,Train
2024-06-04,MSFT,408.8626403808594,0.6166723918249017,416.2228820800781,412.6252838134766,408.1474169921875,1.053557352059837,0.09646402506543166,1.9083402257312976,Train
2024-06-04,TSLA,174.77000427246094,-0.8622094682395387,178.05600128173828,176.21050109863282,172.10540008544922,2.6272337782739346,0.005941290710991856,0.1315990856076698,Train
2024-06-05,AAPL,194.02052307128903,0.7820852054617244,189.77400665283204,187.82074813842772,176.73303833007813,0.8723612960596384,0.19603928308266996,-0.7096473870239484,Train
2024-06-05,MSFT,416.6651306152344,1.9083402257312976,415.7285949707031,413.38229217529295,408.1849835205078,1.100484041189932,0.06374674688990226,0.120256790985751,Train
2024-06-05,TSLA,175.0,0.1315990856076698,176.89600067138673,176.07000122070312,172.15279998779295,2.4938159753316382,0.11748375696337121,1.6800013950892811,Train
2024-06-06,AAPL,192.64366149902344,-0.7096473870239484,190.12862701416017,188.41446685791016,177.22831481933594,0.9045564728824048,0.25833253391775096,1.2391906753969062,Train
2024-06-06,MSFT,417.1661987304688,0.120256790985751,415.1389801025391,414.1054977416992,408.25630859375,1.1003187134968355,0.1175071172877363,-0.157816168926006,Train
2024-06-06,TSLA,177.94000244140625,1.6800013950892811,176.6790008544922,176.2310012817383,172.1582000732422,2.489205761230252,0.09680869439926532,-0.2585178754387573,Train
2024-06-07,AAPL,195.0308837890625,1.2391906753969062,191.12017211914065,189.0370315551758,177.70011260986328,0.9154451257570574,0.1932577995385154,-1.91476866957544,Train
2024-06-07,MSFT,416.5078430175781,-0.157816168926006,414.8294372558594,414.70848541259767,408.3187841796875,1.1011594969341962,0.1285204405562912,0.9484670023268472,Train
2024-06-07,TSLA,177.47999572753906,-0.2585178754387573,177.0529998779297,176.5065010070801,172.11119995117187,2.4592791086664074,0.12118844719521114,-2.0791089307163446,Train
2024-06-10,AAPL,191.29649353027344,-1.91476866957544,191.43120880126955,189.53577728271483,178.13342742919923,1.022354798669881,0.4600180814535378,7.26492000714376,Train
2024-06-10,MSFT,420.4582824707031,0.9484670023268472,414.6044128417969,415.3903076171875,408.4741955566406,1.1115795051014146,0.14440007620097567,1.1241599302983296,Train
2024-06-10,TSLA,173.7899932861328,-2.0791089307163446,176.50799865722655,176.77250061035156,172.07119995117188,2.4613833998383643,0.16996250340104638,-1.8010183238054034,Train
2024-06-11,AAPL,205.19403076171875,7.26492000714376,193.131005859375,190.56942443847657,178.87338012695312,1.849713717399063,0.31623543184511427,2.8578342181011074,Train
2024-06-11,MSFT,425.1849060058594,1.1241599302983296,414.83632507324216,416.3584869384766,408.6486102294922,1.126654407991703,0.14376454677286868,1.9367650749950285,Train
2024-06-11,TSLA,170.66000366210938,-1.8010183238054034,175.8989990234375,176.71100082397462,171.98,2.459227163597609,0.38333128876310046,3.884911216309472,Train
2024-06-12,AAPL,211.05813598632807,2.8578342181011074,195.38749847412103,191.83932037353517,179.75415863037108,1.9206135373909337,0.3123567729708092,0.5491072596936597,Train
2024-06-12,MSFT,433.4197387695313,1.9367650749950285,416.0047302246094,417.59911651611327,409.0491253662109,1.1858962149641246,0.0845877119081658,0.1178964136648641,Train
2024-06-12,TSLA,177.2899932861328,3.884911216309472,176.00899810791014,176.69800033569337,172.1931997680664,2.5042025479756806,0.3853017867780397,2.9217711832219218,Train
2024-06-13,AAPL,212.21707153320312,0.5491072596936597,197.66082916259765,193.0537437438965,180.64209075927732,1.916145041481499,0.01773392834984846,-0.8168331888346869,Train
2024-06-13,MSFT,433.93072509765625,0.1178964136648641,418.64911193847655,418.50809478759766,409.4792816162109,1.1362299187362597,0.1070471666791293,0.2241993518269369,Train
2024-06-13,TSLA,182.47000122070312,2.9217711832219218,176.3769989013672,177.12200012207032,172.47499969482422,2.5364220217316125,0.0900606083642461,-2.4442410719736185,Train
2024-06-14,AAPL,210.48361206054688,-0.8168331888346869,199.66571960449212,194.1755516052246,181.5117739868164,1.9397214750993284,0.33531798935983304,1.9671451605864252,Train
2024-06-14,MSFT,434.9035949707031,0.2241993518269369,421.3455810546875,419.5684066772461,409.97931396484375,1.1237439674461982,0.11332298840174569,1.3105258249624718,Train
2024-06-14,TSLA,178.00999450683594,-2.4442410719736185,176.3699981689453,177.28050003051757,172.6129995727539,2.6068232466287395,0.3831366414895712,5.2974598199923895,Train
2024-06-17,AAPL,214.62413024902344,1.9671451605864252,201.90834350585936,195.5029006958008,182.44923187255856,1.9586990105195368,-0.04345826176441383,-1.0984524165931986,Train
2024-06-17,MSFT,440.6031188964844,1.3105258249624718,424.7702178955078,420.95201873779297,410.4434545898437,1.1424284396861557,0.07176725992529497,-0.4527596290900715,Train
2024-06-17,TSLA,187.44000244140625,5.2974598199923895,177.48499908447266,177.77949981689454,173.06379974365234,2.840367410836566,-0.06933785310130892,-1.3764414198944364,Train
2024-06-18,AAPL,212.2665863037109,-1.0984524165931986,203.88351287841795,196.65442276000977,183.3618954467773,1.998757643828222,-0.10980740669923492,-2.1512887942817915,Train
2024-06-18,MSFT,438.6082458496094,-0.4527596290900715,427.7447784423828,421.9838302612305,410.8859442138672,1.1350980761033094,0.07257422723066365,-0.1433798243358874,Train
2024-06-18,TSLA,184.8600006103516,-1.3764414198944364,178.4939987182617,178.275,173.30139984130858,2.839165494686007,-0.09172407712327163,-1.7797215597047944,Train
2024-06-20,AAPL,207.7001190185547,-2.1512887942817915,205.25147247314453,197.5127395629883,184.15909240722652,2.0904961245865583,-0.05091405591366818,-1.04444404446572,Train
2024-06-20,MSFT,437.9793701171875,-0.1433798243358874,429.8762023925781,422.8023986816406,411.2827001953125,1.1284455619833818,0.08384843849182957,0.915403239809498,Train
2024-06-20,TSLA,181.57000732421875,-1.7797215597047944,179.1509994506836,178.02350006103515,173.39519989013672,2.4463995851482583,0.2551951767916918,0.7930754665036233,Train
2024-06-21,AAPL,205.5308074951172,-1.04444404446572,206.5401870727539,198.33440704345705,184.9502960205078,2.1003089644174007,0.06766801295592219,0.3132594146536771,Train
2024-06-21,MSFT,441.9886474609375,0.915403239809498,432.358447265625,423.748713684082,411.8188885498047,1.1395432788925852,0.08852441282393238,-0.4691127939325468,Train
2024-06-21,TSLA,183.009994506836,0.7930754665036233,179.65799865722656,178.1684997558594,173.62019989013672,2.319917887046224,0.19432350854840005,-0.2349558432259368,Train
2024-06-24,AAPL,206.17465209960932,0.3132594146536771,207.6545639038086,199.38736801147465,185.6107421875,2.01398885224002,-0.031315830262720154,0.4468296079400691,Train
2024-06-24,MSFT,439.9152221679688,-0.4691127939325468,434.6991851806641,424.7643112182617,412.22199157714846,1.1253320144458256,0.092193381240957,0.7326809545129542,Train
2024-06-24,TSLA,182.5800018310547,-0.2349558432259368,180.16799926757807,178.6104995727539,173.7797998046875,2.1590131434352164,0.26616618977769163,2.6125557150967094,Train
2024-06-25,AAPL,207.0959014892578,0.4468296079400691,209.23450469970703,200.33285675048828,186.25973876953125,1.9973171406009944,0.04330224238086403,1.9993166933350848,Train
2024-06-25,MSFT,443.1383972167969,0.7326809545129542,436.9671966552734,425.7858047485352,412.807857055664,1.125161903226139,0.08933119263655337,0.2683193075513568,Train
2024-06-25,TSLA,187.3500061035156,2.6125557150967094,181.5240005493164,179.0159996032715,174.10579986572264,2.123220149071465,0.3015979823905029,4.81451226037759,Train
2024-06-26,AAPL,211.2364044189453,1.9993166933350848,209.8387420654297,201.48487396240236,187.0679122924805,2.0210387286403297,-0.05329767224690232,0.3986177283939796,Train
2024-06-26,MSFT,444.3274230957031,0.2683193075513568,438.8814483642578,426.85888671875,413.5795471191406,1.124130567156995,0.082577955929349,0.1526059462265694,Train
2024-06-26,TSLA,196.3699951171875,4.81451226037759,184.09499969482425,179.99699935913085,174.80359985351564,2.316624014418632,0.2535900115841947,0.5347064612041263,Train
2024-06-27,AAPL,212.07843017578125,0.3986177283939796,209.940771484375,202.66413497924805,187.95841339111328,2.018995421526909,0.016737399368709265,-1.6254241741644693,Train
2024-06-27,MSFT,445.0054931640625,0.1526059462265694,440.0400238037109,428.02237701416016,414.3463592529297,1.1177886966073196,0.041812562819107404,-1.3028513352818627,Train
2024-06-27,TSLA,197.4199981689453,0.5347064612041263,186.10800018310547,181.05849914550785,175.6097998046875,2.307607377517367,0.1648081104364896,0.2330091774560339,Train
2024-06-28,AAPL,208.6312561035156,-1.6254241741644693,209.58218994140623,203.62150955200195,188.80727294921877,2.080098562643696,0.03353679420723655,2.910444912102528,Train
2024-06-28,MSFT,439.2077331542969,-1.3028513352818627,440.567724609375,429.6084182739258,415.05096923828125,0.8164561146565444,0.08668497108539253,2.188166322597218,Train
2024-06-28,TSLA,197.8800048828125,0.2330091774560339,187.6490005493164,182.01299972534176,176.4583999633789,2.299372789064221,0.7075254413444297,6.054171938510833,Train
2024-07-01,AAPL,214.703353881836,2.910444912102528,210.0041641235352,204.83494186401367,189.79656768798827,2.148653152883212,0.14878294734450215,1.6239944867380895,Test
2024-07-01,MSFT,448.8183288574219,2.188166322597218,441.9591979980469,431.6523895263672,416.0963012695312,0.90763547992759,0.10956929277397022,0.5583101622036901,Test
2024-07-01,TSLA,209.8600006103516,6.054171938510833,190.834001159668,183.60199966430665,177.65700012207031,2.595433029581218,0.2645234282779537,10.197271435359356,Test
2024-07-02,AAPL,218.19012451171875,1.6239944867380895,210.3607635498047,206.13455352783205,190.89595794677732,2.1594769958657056,0.07781728241035887,0.5810910569937988,Test
2024-07-02,MSFT,451.3241271972656,0.5583101622036901,443.031298828125,433.9007583618164,417.2927819824219,0.8842382725987714,0.06088260927503585,0.3244170375676036,Test
2024-07-02,TSLA,231.259994506836,10.197271435359356,195.21600036621092,186.3504997253418,179.3411999511719,3.2888478575333537,0.305698129814375,6.542422054051045,Test
2024-07-03,AAPL,219.4580078125,0.5810910569937988,211.0799057006836,207.4817092895508,192.00408721923827,2.1564804629572447,0.05072440555354667,2.162045277561475,Test
2024-07-03,MSFT,452.7882995605469,0.3244170375676036,444.4493041992188,436.0970413208008,418.4824493408203,0.8851422317763044,0.0487095659650962,1.4736232816316086,Test
2024-07-03,TSLA,246.38999938964844,6.542422054051045,201.36900024414064,189.9314994812012,181.4279998779297,3.432532336014928,0.741054065590176,2.082067005771493,Test
2024-07-05,AAPL,224.20278930664065,2.162045277561475,212.73017272949215,208.9908226013184,193.1861401367188,2.1818908150010503,0.1224794594217573,0.6539010766363873,Test
2024-07-05,MSFT,459.460693359375,1.4736232816316086,446.5974365234375,438.2368194580078,419.6758874511719,0.8539188612727657,0.10786562511683691,-0.2823266918214107,Test
2024-07-05,TSLA,251.5200042724609,2.082067005771493,208.36399993896484,193.75749969482425,183.56480010986328,3.410687600540025,1.1452827738310265,0.5645666924397386,Test
2024-07-08,AAPL,225.6688537597656,0.6539010766363873,214.74397735595704,210.64208221435547,194.3555718994141,2.155097036366285,0.08998719990869354,0.3774789488225405,Test
2024-07-08,MSFT,458.16351318359375,-0.2823266918214107,448.2149230957031,440.2866851806641,420.8141522216797,0.8678120990084752,0.06470411315794372,-1.4370048241862388,Test
2024-07-08,TSLA,252.94000244140625,0.5645666924397386,215.35700073242188,197.50749969482425,185.3810000610352,3.4232902785826327,1.0643404353709953,3.712336538398886,Test
2024-07-09,AAPL,226.5207061767578,0.3774789488225405,216.77858276367184,212.21657333374023,195.52482788085936,2.1548012695740257,0.13035673349829635,1.880364380255739,Test
2024-07-09,MSFT,451.5796813964844,-1.4370048241862388,449.38136901855466,442.0402770996094,422.01731384277343,0.959115961308432,0.04870828822831389,1.4601520554709646,Test
2024-07-09,TSLA,262.3299865722656,3.712336538398886,223.33199920654295,201.7499992370605,187.22399993896485,3.411040826323738,0.9282540902566211,0.3545241645880992,Test
2024-07-10,AAPL,230.78012084960932,1.880364380255739,219.14700469970705,214.19075469970704,196.79094512939452,2.0711576796528712,0.0725574323340055,-2.3220812771093224,Test
2024-07-10,MSFT,458.1734313964844,1.4601520554709646,450.8848724365234,443.92603454589846,423.2095306396485,0.9808308864082248,0.13086121611143534,-2.477229216220911,Test
2024-07-10,TSLA,263.260009765625,0.3545241645880992,230.9229995727539,206.2235000610352,189.1234002685547,3.298423060935231,0.7281274902928883,-8.444127539962887,Test
2024-07-11,AAPL,225.4212188720703,-2.3220812771093224,220.56548614501952,215.2021141052246,197.86679016113283,1.5890504697076164,0.010022732780667277,1.3050722575094431,Test
2024-07-11,MSFT,446.8234252929688,-2.477229216220911,451.13447265625,445.0079605102539,424.2545916748047,1.1615805257095415,0.08926060609313531,-0.2529042428001116,Test
2024-07-11,TSLA,241.02999877929688,-8.444127539962887,235.38899993896484,209.7419998168945,190.06300018310543,3.9809160263464496,0.3919708708760702,2.9871787680814554,Test
2024-07-12,AAPL,228.36312866210932,1.3050722575094431,222.19395599365237,216.06736373901367,199.06419036865236,1.5024963357757966,0.1607866535707474,1.6743478520588662,Test
2024-07-12,MSFT,445.6933898925781,-0.2529042428001116,451.2032623291016,445.6216430664063,425.53052001953125,1.0960615426388376,0.1624227827880815,0.0903900658982825,Test
2024-07-12,TSLA,248.22999572753903,2.9871787680814554,240.46999969482425,213.28899993896485,191.3620001220703,3.961373461560556,0.7953652270008058,1.776579679334911,Test
2024-07-15,AAPL,232.1867218017578,1.6743478520588662,224.54950256347652,217.06584625244145,200.3584396362305,1.5289906681731973,0.0661438566246194,0.1791925904024882,Test
2024-07-15,MSFT,446.0962524414063,0.0903900658982825,451.8921142578125,446.22991943359375,426.7044464111328,1.0961151741987212,0.1185411326409644,-0.9780620484150736,Test
2024-07-15,TSLA,252.63999938964844,1.776579679334911,245.9459991455078,216.7974998474121,192.815,3.9521316246228295,0.40444497811428975,1.551614225148645,Test
2024-07-16,AAPL,232.602783203125,0.1791925904024882,226.33944549560547,218.17180480957032,201.58721496582032,1.5011199119733236,0.10712370066687875,-2.5296093062017744,Test
2024-07-16,MSFT,441.733154296875,-0.9780620484150736,451.1835968017578,446.5713973999024,427.73421875,1.1240988901976976,0.07153072155236467,-1.3347623082241689,Test
2024-07-16,TSLA,256.5599975585937,1.551614225148645,250.61599884033205,220.725,194.3460000610352,3.82997745889189,-0.18717763879024538,-3.1415644041518758,Test
2024-07-17,AAPL,226.7188415527344,-2.5296093062017744,227.19231719970705,218.77654037475585,202.49354339599608,1.6048101400787556,0.07579290483778671,-2.0534792599341767,Test
2024-07-17,MSFT,435.8370666503906,-1.3347623082241689,449.6348907470703,446.3330947875976,428.47303771972656,1.1278003100307283,0.09144632710760943,-0.710212065125615,Test
2024-07-17,TSLA,248.5,-3.1415644041518758,252.33999938964843,223.7779998779297,195.69220001220705,3.9017527918835273,-0.1953722901478108,0.2937608561525362,Test
2024-07-18,AAPL,222.063217163086,-2.0534792599341767,227.4528381347656,219.2663719177246,203.33979919433597,1.6614062962276408,0.1408763383163026,0.0579737630414189,Test
2024-07-18,MSFT,432.74169921875,-0.710212065125615,447.6302307128906,446.0397674560547,429.014976196289,1.1341111704992857,0.09526092611780809,-0.7402849631313768,Test
2024-07-18,TSLA,249.22999572753903,0.2937608561525362,252.6239990234375,226.99649963378903,196.9816000366211,3.8547250768539976,-0.4412603646151133,-4.02439471622098,Test
2024-07-19,AAPL,222.19195556640625,0.0579737630414189,227.2517547607422,219.9909637451172,204.17497924804687,1.5647511410855433,0.12620799020069198,-0.1560202428693813,Test
2024-07-19,MSFT,429.5381774902344,-0.7402849631313768,444.6379791259766,445.6177078247071,429.5752404785157,1.1441971716063206,0.1117009952533443,1.3337589547276707,Test
2024-07-19,TSLA,239.1999969482422,-4.02439471622098,251.3919982910156,229.87799911499025,198.20940002441407,3.9879240977848647,0.19148124489804097,5.146320115237035,Test
2024-07-22,AAPL,221.8452911376953,-0.1560202428693813,226.8693984985352,220.8066879272461,204.99649932861328,1.535433778072209,0.0368055191274958,0.4688196517290688,Test
2024-07-22,MSFT,435.2671813964844,1.3337589547276707,442.3483459472656,445.2816345214844,430.2265423583984,1.1671585884710385,0.07223106779445299,0.4312045957202803,Test
2024-07-22,TSLA,251.509994506836,5.146320115237035,251.2489974975586,233.30299911499023,199.74519989013672,4.067444854402673,-0.3721800571589208,-2.0396762498772314,Test
2024-07-23,AAPL,222.8853454589844,0.4688196517290688,226.5058624267578,221.64222259521483,205.802614440918,1.5353979699181326,0.10079280016657126,-2.875426832616179,Test
2024-07-23,MSFT,437.1440734863281,0.4312045957202803,440.90478515625,445.14307708740233,430.8804620361328,1.1683213361707097,0.05226327615868976,-3.5854853177497814,Test
2024-07-23,TSLA,246.3800048828125,-2.0396762498772314,249.65399932861328,236.4929992675781,201.2333999633789,4.131690081838856,0.16798368163547803,-12.334604589403686,Test
2024-07-24,AAPL,216.4764404296875,-2.875426832616179,225.0754943847656,222.11124954223632,206.50571166992188,1.7010333141844696,-0.015131495998431022,-0.4804539367026295,Test
2024-07-24,MSFT,421.4703369140625,-3.5854853177497814,437.23447570800784,444.0596740722656,431.1734320068359,1.3974469181787912,-0.06577298246554406,-2.4480947436560263,Test
2024-07-24,TSLA,215.9900054931641,-12.334604589403686,244.9269989013672,237.92499923706052,202.1838000488281,5.160764010693062,-0.4470460586470702,1.9723109396238887,Test
2024-07-25,AAPL,215.43637084960932,-0.4804539367026295,224.07700958251957,222.32124786376957,207.1240173339844,1.6554694614575087,0.11321653078522795,0.2161155188550312,Test
2024-07-25,MSFT,411.15234375,-2.4480947436560263,433.66736755371096,442.40092010498046,431.2800524902344,1.4751836293323242,0.02786502199264063,1.64194248491758,Test
2024-07-25,TSLA,220.25,1.9723109396238887,242.8489990234375,239.1189994812012,203.15100006103515,5.084211567412445,0.4574272634791489,-0.204311894775111,Test
2024-07-26,AAPL,215.90196228027344,0.2161155188550312,222.83089294433597,222.5124244689941,207.72885223388676,1.6543063672241056,0.06237036380852728,0.1284581886476621,Test
2024-07-26,MSFT,417.9032287597656,1.64194248491758,430.8883514404297,441.0458068847656,431.4659741210937,1.539504367179657,0.06216005662510612,0.3433219269989296,Test
2024-07-26,TSLA,219.8000030517578,-0.204311894775111,240.00599975585936,240.2379997253418,203.99600006103515,5.088167148963429,-0.2641900277506802,5.595997671056185,Test
2024-07-29,AAPL,216.17930603027344,0.1284581886476621,221.2301513671875,222.889826965332,208.29386627197263,1.6036028227040426,0.03450862694055781,0.2565938289724068,Test
2024-07-29,MSFT,419.3379821777344,0.3433219269989296,428.2125244140625,440.0523193359375,431.537710571289,1.5271548510782065,0.05510857333238439,-0.8928330359357917,Test
2024-07-29,TSLA,232.1000061035156,5.595997671056185,237.9520004272461,241.94899978637696,205.1582000732422,5.204251865710478,-0.21129268363482112,-4.084450985365362,Test
2024-07-30,AAPL,216.7340087890625,0.2565938289724068,219.64327392578124,222.99135971069336,208.8675973510742,1.4709709961346966,0.04854014099366182,1.4990974297163897,Test
2024-07-30,MSFT,415.593994140625,-0.8928330359357917,425.5986083984375,438.39110260009767,431.57564331054687,1.4233081488416428,-0.016156347921124626,-1.080577263458915,Test
2024-07-30,TSLA,222.6199951171875,-4.084450985365362,234.55800018310543,242.58699951171877,206.11380004882807,5.172760334499128,0.03439567110655646,4.244907202543402,Test
2024-07-31,AAPL,219.98306274414065,1.4990974297163897,218.96969604492188,223.08100662231445,209.50571563720703,1.4642198517073497,0.06681991570255616,-1.675086236136858,Test
2024-07-31,MSFT,411.1031799316406,-1.080577263458915,423.1252197265625,436.3800552368164,431.5390893554688,1.413947935626631,-0.013256942285892432,-0.2964138819684825,Test
2024-07-31,TSLA,232.07000732421875,4.244907202543402,232.91500091552732,242.62750015258788,207.2060000610352,4.733512570132393,0.1430365592115729,-6.554059651757438,Test
2024-08-01,AAPL,216.29815673828125,-1.675086236136858,218.3931900024414,222.92301406860352,210.04695587158204,1.507516281540968,0.027317818923569978,0.6869476489977266,Test
2024-08-01,MSFT,409.8846130371094,-0.2964138819684825,420.8395111083984,434.2348709106445,431.37734130859377,1.402681866651148,-0.005345831732206672,-2.0666142063281545,Test
2024-08-01,TSLA,216.8600006103516,-6.554059651757438,229.6780014038086,241.15100021362304,208.04420013427733,4.705174714486609,0.311094853060983,-4.237758192170549,Test
2024-08-02,AAPL,217.7840118408203,0.6869476489977266,217.9523956298828,222.6020751953125,210.5919604492188,1.4269276590621642,0.08415691862146883,-4.816701375136423,Test
2024-08-02,MSFT,401.4138793945313,-2.0666142063281545,418.02708129882814,431.33253021240233,430.9734588623047,1.365103601460932,-0.24317679070199735,-3.265686093390918,Test
2024-08-02,TSLA,207.6699981689453,-4.237758192170549,226.5250015258789,238.9584999084473,208.46559997558597,4.732847271007625,-0.19465249161769424,-4.232673647438423,Test
2024-08-05,AAPL,207.29400634765625,-4.816701375136423,216.4972671508789,221.68333282470704,210.95589141845704,1.7544177752817347,-0.051413963151148344,-0.974824110319894,Test
2024-08-05,MSFT,388.3049621582031,-3.265686093390918,413.330859375,427.8396026611328,430.27831115722654,1.4794045090837575,-0.568750764627895,1.1287037063961949,Test
2024-08-05,TSLA,198.8800048828125,-4.232673647438423,221.26200256347656,236.2555000305176,208.84100006103515,4.779080856918003,0.7313616402566132,0.8849529684359148,Test
2024-08-06,AAPL,205.27325439453125,-0.974824110319894,214.7360580444336,220.6209602355957,211.3590478515625,1.7485639421692254,0.002636552244823937,1.249830146732411,Test
2024-08-06,MSFT,392.6877746582031,1.1287037063961949,408.8852294921875,424.89500732421874,429.7400012207031,1.532751027844499,-0.22668325987441335,-0.2952844405321175,Test
2024-08-06,TSLA,200.63999938964844,0.8849529684359148,216.68800201416016,233.1710006713867,209.37899993896485,4.670342898333168,0.16307233979889404,-4.425839767656326,Test
2024-08-07,AAPL,207.8388214111328,1.249830146732411,213.8722961425781,219.47389526367184,211.75210174560547,1.7090706097185515,-0.043828587529174436,1.663323159036545,Test
2024-08-07,MSFT,391.5282287597656,-0.2952844405321175,405.8910186767578,421.5627471923828,429.1163952636719,1.4515575438130577,0.11993029575898202,1.0691918070380613,Test
2024-08-07,TSLA,191.759994506836,-4.425839767656326,214.2650009155273,229.59599990844723,209.62939971923828,4.707456955872277,0.3187732297774275,3.692116204562312,Test
2024-08-08,AAPL,211.2958526611328,1.663323159036545,213.45824432373047,218.767626953125,212.21409759521484,1.7187449102789885,0.1795227888513613,1.373585167270441,Test
2024-08-08,MSFT,395.7144165039063,1.0691918070380613,404.3472259521485,419.0072967529297,428.57336791992185,1.4489933924216165,0.39077752449682146,0.8269137186824427,Test
2024-08-08,TSLA,198.83999633789065,3.692116204562312,212.1240005493164,227.48649978637692,210.0711996459961,4.5394729040607045,0.16913355347148135,0.5833854775063152,Test
2024-08-09,AAPL,214.1981811523437,1.373585167270441,213.2878662109375,218.05937957763672,212.7281970214844,1.7221956240490597,0.02270278718876092,0.712994700268399,Test
2024-08-09,MSFT,398.9866333007813,0.8269137186824427,402.45556640625006,416.67195892333984,428.11838684082034,1.4821659738404165,0.2681463501836377,0.1946000587119689,Test
2024-08-09,TSLA,200.0,0.5833854775063152,210.1440002441406,225.075,210.547399597168,4.463531166534833,-0.0802053698423634,-1.2549972534179554,Test
2024-08-12,AAPL,215.72540283203125,0.712994700268399,213.2424758911133,217.2363136291504,213.25302978515623,1.676851365200814,0.05019386617248295,1.7193010500941464,Test
2024-08-12,MSFT,399.7630615234375,0.1946000587119689,400.4980743408204,414.3552993774414,427.9639099121094,1.4846851007959665,0.3535757596467887,1.7698471903675903,Test
2024-08-12,TSLA,197.4900054931641,-1.2549972534179554,206.68300018310543,222.31750030517577,210.92139984130856,4.4163300382197725,-0.2204081703821236,5.235706137163732,Test
2024-08-13,AAPL,219.4343719482422,1.7193010500941464,213.51251220703125,216.57789306640623,213.83302307128903,1.7368865172469934,0.0793568959258027,0.2033815662230376,Test
2024-08-13,MSFT,406.8382568359375,1.7698471903675903,399.6225006103516,412.61055450439454,427.94189697265625,1.5665374725127332,0.27687381255241506,0.6883962195366689,Test
2024-08-13,TSLA,207.8300018310547,5.235706137163732,205.2040008544922,219.88100051879883,211.51639984130856,4.606725911843963,0.291401716188633,-3.10349655555765,Test
2024-08-14,AAPL,219.8806610107422,0.2033815662230376,213.5022720336914,216.23598403930663,214.38667846679687,1.6559088815177867,0.06032288416829605,1.353051078968992,Test
2024-08-14,MSFT,409.638916015625,0.6883962195366689,399.47607421875006,411.3006469726562,428.0075402832031,1.5682410462394412,0.2668855371056961,1.1823767597344492,Test
2024-08-14,TSLA,201.3800048828125,-3.10349655555765,202.1350006103516,217.52500076293944,212.01820007324216,4.605778013417289,-0.04238032717966585,6.336276788880446,Test
2024-08-15,AAPL,222.8557586669922,1.353051078968992,214.1580322265625,216.27561111450197,214.99349578857425,1.6235879276757967,0.04796281437182123,0.5918422192285666,Test
2024-08-15,MSFT,414.4823913574219,1.1823767597344492,399.9358520507813,410.38768157958987,428.1199353027344,1.5988402260382608,0.12784437402837207,-0.6080287538602236,Test
2024-08-15,TSLA,214.13999938964844,6.336276788880446,201.86300048828124,215.77050094604493,212.80559997558595,4.881087841140404,-0.22448913105402482,0.9246267550119258,Test
2024-08-16,AAPL,224.1747131347656,0.5918422192285666,214.79710235595704,216.37474899291996,215.5965795898437,1.6284439725319304,0.06850820874775074,-0.0707755511106578,Test
2024-08-16,MSFT,411.9622192382813,-0.6080287538602236,400.9906860351563,409.5088836669922,428.0258770751953,1.596773445986056,0.20188213240083425,0.7312371168081366,Test
2024-08-16,TSLA,216.1199951171875,0.9246267550119258,202.70800018310547,214.6165008544922,213.62799987792968,4.825626566824236,0.4474373902170578,3.0538618603692225,Test
2024-08-19,AAPL,224.0160522460937,-0.0707755511106578,216.4693069458008,216.48328704833983,216.22402740478515,1.6279678991908453,0.057017573194811794,0.2744750467198908,Test
2024-08-19,MSFT,414.9746398925781,0.7312371168081366,403.6576538085938,408.4942565917969,427.9820458984375,1.571873673664382,0.2549704064069093,0.7757454116591234,Test
2024-08-19,TSLA,222.72000122070312,3.0538618603692225,205.0919998168945,213.17700119018556,214.52359985351563,4.72075832331176,0.04756223422099867,-0.7273684933138069,Test
2024-08-20,AAPL,224.63092041015625,0.2744750467198908,218.4050735473633,216.57056579589843,216.81602813720704,1.6259875078901276,0.10650123441721858,-0.0485687106644538,Test
2024-08-20,MSFT,418.19378662109375,0.7757454116591234,406.20825500488286,407.5467422485352,428.0157647705078,1.581321555233243,0.11882683555792395,-0.1553558999411342,Test
2024-08-20,TSLA,221.1000061035156,-0.7273684933138069,207.13800048828125,211.9130012512207,215.39600006103515,4.707294171005348,0.2922723878462141,0.9814554993405888,Test
2024-08-21,AAPL,224.52182006835932,-0.0485687106644538,220.07337341308596,216.972834777832,217.48053466796875,1.473892259101942,0.022985028701595123,-0.8259741467156134,Test
2024-08-21,MSFT,417.5440979003906,-0.1553558999411342,408.8098419189454,407.3504302978516,427.9574810791016,1.3674260669460776,-0.06683053819295394,-2.0252834271969555,Test
2024-08-21,TSLA,223.2700042724609,0.9814554993405888,210.28900146484372,212.2770011901856,216.3856002807617,3.786872320092047,-0.019935068965482198,-5.6478704568676985,Test
2024-08-22,AAPL,222.66732788085932,-0.8259741467156134,221.21052093505855,217.33438262939453,217.8300006103516,1.4841921019372055,0.03075836746443918,1.028827650159414,Test
2024-08-22,MSFT,409.087646484375,-2.0252834271969555,410.1471649169922,407.2471954345703,427.6355358886719,1.330984675994747,-0.03399338242854264,0.2984039369237523,Test
2024-08-22,TSLA,210.66000366210932,-5.6478704568676985,211.4710021972656,211.79750137329103,217.1856002807617,3.981136063919433,0.42756899661961467,4.58558981020607,Test
2024-08-23,AAPL,224.95819091796875,1.028827650159414,222.2865219116211,217.7871940612793,218.1080017089844,1.496427619868268,0.023569575113210915,0.1498827228909371,Test
2024-08-23,MSFT,410.3083801269531,0.2984039369237523,411.2793395996094,406.86745300292966,427.1733087158203,1.2756185608649464,0.023739562520313298,-0.7917747769893402,Test
2024-08-23,TSLA,220.32000732421875,4.58558981020607,213.5030029296875,211.8235015869141,218.04620056152345,4.119186087175437,0.022082004297921193,-3.22712435275504,Test
2024-08-26,AAPL,225.2953643798828,0.1498827228909371,223.24351806640624,218.24299697875975,218.369567565918,1.4963689531158806,0.03223523438967807,0.3741494133711276,Test
2024-08-26,MSFT,407.0596618652344,-0.7917747769893402,412.0089996337891,406.2535369873047,426.6358874511719,1.2808523571424948,-0.03482539533984776,0.0846495015080828,Test
2024-08-26,TSLA,213.2100067138672,-3.22712435275504,215.07500305175785,210.87900161743164,218.66100067138672,3.9684648387602746,0.13566438966578145,-1.8760845523390857,Test
2024-08-27,AAPL,226.1383056640625,0.3741494133711276,223.91391143798828,218.71321182250975,218.6826614379883,1.4967611776119234,0.03456673468320463,-0.6753417632690439,Test
2024-08-27,MSFT,407.40423583984375,0.0846495015080828,412.0655975341797,405.8440490722657,426.08590026855467,1.2692356641347624,-0.028377325406620354,-0.7829168059319436,Test
2024-08-27,TSLA,209.2100067138672,-1.8760845523390857,215.21300354003907,210.20850219726563,219.28500091552732,3.888975651157386,-0.22490248239019994,-1.653843794670573,Test
2024-08-28,AAPL,224.6110992431641,-0.6753417632690439,224.38695526123047,218.94461364746093,218.8824008178711,1.4780797460780444,0.051074566963585796,1.4570064781431746,Test
2024-08-28,MSFT,404.214599609375,-0.7829168059319436,411.5231658935547,405.4996200561524,425.3581298828125,1.2587321309199486,-0.054262537418369686,0.6137420477476452,Test
2024-08-28,TSLA,205.75,-1.653843794670573,215.6500030517578,208.8925018310547,219.6512008666992,3.752362779482168,0.36976316083566585,0.2575935743848623,Test
2024-08-29,AAPL,227.8836975097656,1.4570064781431746,224.8897491455078,219.52389068603517,219.19474304199215,1.443998952571729,0.015391076309455035,-0.3437858940314675,Test
2024-08-29,MSFT,406.6954345703125,0.6137420477476452,410.7444702148438,405.3401611328125,424.7198736572266,1.266803717459967,-0.023847807322487414,0.973076695654318,Test
2024-08-29,TSLA,206.27999877929688,0.2575935743848623,214.86400299072267,208.36350173950197,220.0796008300781,3.476071530717173,0.059112342662579545,3.795812428442069,Test
2024-08-30,AAPL,227.1002655029297,-0.3437858940314675,225.18230438232425,219.9897033691406,219.58274597167969,1.446775291524165,0.008291003438196404,-2.720522671033454,Test
2024-08-30,MSFT,410.6528930664063,0.973076695654318,410.61353759765626,405.80211181640624,424.17334411621096,1.1897737443786027,0.010192818434685572,-1.8458898800663648,Test
2024-08-30,TSLA,214.1100006103516,3.795812428442069,214.66300354003903,208.68550186157228,220.7304006958008,3.448074980770353,-0.02716843870648046,-1.6393416920415849,Test
2024-09-03,AAPL,220.9219512939453,-2.720522671033454,224.87289428710935,220.67110061645508,219.89056884765623,1.0961544385144837,0.06707955316675297,-0.8618805151778042,Test
2024-09-03,MSFT,403.07269287109375,-1.8458898800663648,409.4233428955078,406.5404983520508,423.39502502441405,1.0051171421208067,0.04493243480366194,-0.1318833309130629,Test
2024-09-03,TSLA,210.6000061035156,-1.6393416920415849,213.4510040283203,209.27150192260743,221.2822009277344,3.318578445010567,0.013061243014753985,4.183284569452206,Test
2024-09-04,AAPL,219.0178680419922,-0.8618805151778042,224.31158905029295,221.3583312988281,220.1474331665039,1.0893777388205126,0.06103026258559582,0.692776110169202,Test
2024-09-04,MSFT,402.5411071777344,-0.1318833309130629,407.8580749511719,407.03316497802734,422.64754272460937,0.9825320990403252,0.08935133801822179,-0.1247264406938786,Test
2024-09-04,TSLA,219.41000366210932,4.183284569452206,213.2820037841797,210.2100021362305,222.01880096435548,3.4273230185700667,-0.0608989911477682,4.904058305110981,Test
2024-09-05,AAPL,220.53517150878903,0.692776110169202,223.91292419433597,221.9931488037109,220.4162185668945,1.0716049030369257,0.05110523452216243,-0.7014948391658393,Test
2024-09-05,MSFT,402.0390319824219,-0.1247264406938786,406.307568359375,407.55870513916017,421.8255554199219,0.979394630209891,0.04615173333175556,-1.6381338566868189,Test
2024-09-05,TSLA,230.1699981689453,4.904058305110981,213.9720031738281,212.13050231933596,222.8752008056641,3.355239421420334,0.05059291438520559,-8.445932396079382,Test
2024-09-06,AAPL,218.98812866210932,-0.7014948391658393,223.54500427246091,222.37776260375975,220.57125305175785,1.0436378502586938,-0.01312973294983634,0.0407550207273121,Test
2024-09-06,MSFT,395.4530944824219,-1.6381338566868189,404.94411315917966,407.54563903808594,420.8480688476562,1.0295969940795473,0.02734043956190194,1.000732585920261,Test
2024-09-06,TSLA,210.72999572753903,-8.445932396079382,213.9790023803711,212.7250022888184,223.1624008178711,3.891844871384136,-0.1930046285525747,2.6289605928169646,Test
2024-09-09,AAPL,219.077377319336,0.0407550207273121,222.9569229125977,222.62172241210936,220.7112319946289,1.0055476154603586,0.06218825192335411,-0.3621324252801372,Test
2024-09-09,MSFT,399.4105224609375,1.000732585920261,403.8543273925781,407.56683349609375,419.93616943359376,1.037631156123994,0.08906797078761108,2.090116324380631,Test
2024-09-09,TSLA,216.2700042724609,2.6289605928169646,213.57400207519527,213.53850250244145,223.5394009399414,3.924674431764212,0.18124711187649772,4.577608406578748,Test
2024-09-10,AAPL,218.28402709960932,-0.3621324252801372,222.25578918457032,222.7496536254883,220.9042874145508,1.0007640023820554,0.03776249538365641,1.1585015569577584,Test
2024-09-10,MSFT,407.7586669921875,2.090116324380631,403.9242279052734,407.9666137695313,419.3071881103516,1.1371334407141722,-0.022181326611907595,2.13421671143732,Test
2024-09-10,TSLA,226.1699981689453,4.577608406578748,214.87000122070316,214.97250213623047,224.10520080566403,4.005956080686366,-0.003773966663062489,0.8666077418469476,Test
2024-09-11,AAPL,220.81285095214844,1.1585015569577584,221.7232437133789,222.8185775756836,221.02647735595704,0.9589179343085308,0.06747919353523141,0.0494085110202657,Test
2024-09-11,MSFT,416.4611206054688,2.13421671143732,404.8299163818359,408.4477569580078,418.6600439453125,1.167714479805626,0.1043199685214371,0.9360867814820928,Test
2024-09-11,TSLA,228.1300048828125,0.8666077418469476,216.76200103759768,215.98750228881835,224.4706008911133,3.8655455164526185,-0.3570905788097331,0.7364189890953776,Test
2024-09-12,AAPL,220.9219512939453,0.0494085110202657,221.35432891845704,222.87064208984376,221.0811138916016,0.958118676701772,0.03196343930881852,-0.1212086384759114,Test
2024-09-12,MSFT,420.3595581054688,0.9360867814820928,406.4444122314453,408.9837890625,418.0407525634766,1.1753104679370314,0.10154114211066162,0.8407515945226374,Test
2024-09-12,TSLA,229.8099975585937,0.7364189890953776,219.16800079345705,217.40900192260744,224.44160095214843,3.769282992756528,0.08988727293555694,0.2088663385572342,Test
2024-09-13,AAPL,220.6541748046875,-0.1212086384759114,220.6313766479492,222.7605628967285,221.10503723144527,0.906110738127476,0.04017679929211004,-2.7775242185905213,Test
2024-09-13,MSFT,423.8937377929688,0.8407515945226374,408.16424255371095,409.4543563842774,417.462861328125,1.1617036269625722,0.1344375562954077,0.174180984366612,Test
2024-09-13,TSLA,230.2899932861328,0.2088663385572342,221.56900024414065,218.21650161743165,224.11960083007813,3.531179271224772,0.2672263054618968,-1.5241628421408635,Test
2024-09-16,AAPL,214.52545166015625,-2.7775242185905213,219.37389526367187,222.2780998229981,220.9114904785156,1.078216078725817,0.02710112406003738,0.2172607997359632,Test
2024-09-16,MSFT,424.632080078125,0.174180984366612,409.5621612548828,410.0878494262696,416.7662890625,1.1490463321316586,0.20248988411421553,0.8833043081297953,Test
2024-09-16,TSLA,226.77999877929688,-1.5241628421408635,222.83600006103515,218.7495018005371,223.62480072021484,3.555292235162937,-0.14227688438537153,0.4806404196833203,Test
2024-09-17,AAPL,214.9915313720703,0.2172607997359632,218.7808532714844,221.82687377929688,220.69794403076173,1.0821487257891624,0.08064210427120724,1.7989898283744532,Test
2024-09-17,MSFT,428.38287353515625,0.8833043081297953,412.0931793212891,410.7582611083984,416.17067626953127,1.1535345525874474,0.06803249514260502,-0.9973677180359352,Test
2024-09-17,TSLA,227.8699951171875,0.4806404196833203,224.56299896240236,219.0070014953613,223.1234005737305,3.496536899747235,-0.14871530693639984,-0.2940264990135111,Test
2024-09-18,AAPL,218.8592071533203,1.7989898283744532,218.7649871826172,221.53828811645508,220.54471405029295,1.1676290688183832,-0.040409402499178064,3.7065549794930153,Test
2024-09-18,MSFT,424.1103210449219,-0.9973677180359352,414.25010070800784,411.0540878295898,415.6212890625,1.1721481155998423,0.08212298872252775,1.829117666254332,Test
2024-09-18,TSLA,227.1999969482422,-0.2940264990135111,225.3419982910156,219.31200103759767,222.42080078125,3.492001934060331,-0.10359138390729491,7.359155565707187,Test
2024-09-19,AAPL,226.97134399414065,3.7065549794930153,219.4086044311524,221.6607643127441,220.4685385131836,1.4484616668039765,0.08600046411572629,-0.2927435499274766,Test
2024-09-19,MSFT,431.8677978515625,1.829117666254332,417.23297729492185,411.77027282714846,415.0951763916016,1.2338327318005116,0.07320253379016543,-0.7795953543680789,Test
2024-09-19,TSLA,243.9199981689453,7.359155565707187,226.7169982910156,220.34450073242184,222.0340005493164,3.841335312462699,-0.44349123411528774,-2.324531900421767,Test
2024-09-20,AAPL,226.3069000244141,-0.2927435499274766,220.1404815673828,221.84274291992188,220.4862521362305,1.4360683080943832,0.08745547493173562,-0.7581222592918713,Test
2024-09-20,MSFT,428.5009765625,-0.7795953543680789,420.5377655029297,412.7409393310547,414.7287274169922,1.1451131320318508,0.0862458374312706,-0.4043409642535467,Test
2024-09-20,TSLA,238.25,-2.324531900421767,229.46899871826173,221.7240005493164,221.97840057373048,3.626647930546577,-0.20057588849428787,4.931794333683115,Test
2024-09-23,AAPL,224.5912170410156,-0.7581222592918713,220.6918655395508,221.82439422607425,220.4108139038086,1.4302176751189186,0.16319316468817216,0.3974098449535113,Test
2024-09-23,MSFT,426.7683715820313,-0.4043409642535467,423.27355041503904,413.5639389038086,414.35022705078126,1.1539197823295295,0.12059969933655067,-1.0011408470585792,Test
2024-09-23,TSLA,250.0,4.931794333683115,232.8419982910156,223.20800018310547,222.01380065917968,3.647039715672427,-0.008199117106259441,1.7080017089843746,Test
2024-09-24,AAPL,225.4837646484375,0.3974098449535113,221.4118392944336,221.83381423950195,220.2767547607422,1.4326379784722745,0.21509629383580017,-0.439809589083362,Test
2024-09-24,MSFT,422.4958190917969,-1.0011408470585792,424.747265625,414.3357467651367,413.8782183837891,1.1643236818780305,0.1075681284541268,0.6850523712103929,Test
2024-09-24,TSLA,254.2700042724609,1.7080017089843746,235.6519989013672,225.2610000610352,222.04640075683596,3.5327031161415485,0.39835844736521553,1.081521490936166,Test
2024-09-25,AAPL,224.4920654296875,-0.439809589083362,221.7797607421875,221.7515022277832,220.11454040527343,1.4334267149903628,0.008549989194381307,0.5080234840044273,Test
2024-09-25,MSFT,425.39013671875,0.6850523712103929,425.6401672363281,415.235041809082,413.5513580322266,1.169121488779073,0.11554141889469509,-0.1851399622818661,Test
2024-09-25,TSLA,257.0199890136719,1.081521490936166,238.54099731445316,227.6514991760254,222.0556005859375,3.469781112240021,0.0095591518819766,-1.089404681602335,Test
2024-09-26,AAPL,225.63253784179688,0.5080234840044273,222.25081939697264,221.80257415771484,220.09281433105468,1.4296656109153916,0.07693590399523481,0.1186781356178112,Test
2024-09-26,MSFT,424.6025695800781,-0.1851399622818661,426.06446838378906,416.2544403076172,413.3266680908203,1.1495361669736472,0.08524798562838029,-0.7627910894673517,Test
2024-09-26,TSLA,254.22000122070312,-1.089404681602335,240.98199768066405,230.07499923706052,222.1700006103516,3.448502821806536,0.27809997152257576,2.4545630573566517,Test
2024-09-27,AAPL,225.9003143310547,0.1186781356178112,222.7754333496094,221.7034049987793,220.16955627441405,1.3902526007299256,0.021431879812387245,2.2871737931777103,Test
2024-09-27,MSFT,421.3637390136719,-0.7627910894673517,425.81146850585935,416.9878555297852,413.09910888671874,1.1678389822770996,0.09092206135069833,0.5326767892252615,Test
2024-09-27,TSLA,260.4599914550781,2.4545630573566517,243.9989974975586,232.7839988708496,222.39460052490236,3.454566771529762,0.01984631571915771,0.4492104223754234,Test
2024-09-30,AAPL,231.06704711914065,2.2871737931777103,224.42959289550785,221.90174407958983,220.3470581054688,1.4809649326751022,0.06668612526598654,-2.9141443590889997,Test
2024-09-30,MSFT,423.6082458496094,0.5326767892252615,425.70908508300784,417.6356231689453,412.98051025390623,1.1562678879285064,0.10829095102156322,-2.233323091364725,Test
2024-09-30,TSLA,261.6300048828125,0.4492104223754234,247.48399810791017,235.15999908447264,222.84320068359372,3.404430675043314,0.02391427999448947,-1.379817223470836,Test
2024-10-01,AAPL,224.3334197998047,-2.9141443590889997,225.3637817382813,222.0723175048828,220.39682067871087,1.5008518492343483,-0.01997187371327543,0.2519671757046815,Test
2024-10-01,MSFT,414.147705078125,-2.233323091364725,424.2855682373047,418.1893737792969,412.5581207275391,1.1942937557796909,0.16356349250588503,-0.8462217975192643,Test
2024-10-01,TSLA,258.0199890136719,-1.379817223470836,250.4989974975586,237.53099822998047,222.9734005737305,3.394068572427021,0.02372527565505739,-3.488095932262858,Test
2024-10-02,AAPL,224.898666381836,0.2519671757046815,225.9677276611328,222.366357421875,220.437087097168,1.4843509205465346,0.14737009367874854,-0.4894579054056991,Test
2024-10-02,MSFT,410.6430969238281,-0.8462217975192643,422.9388458251953,418.5944732666016,412.0281011962891,1.2134558503374375,0.11155319698372752,-0.1414318257502711,Test
2024-10-02,TSLA,249.0200042724609,-3.488095932262858,252.68099822998047,239.0114982604981,223.02620056152344,3.457273549629005,0.209106595297573,-3.357160254966751,Test
2024-10-03,AAPL,223.79788208007807,-0.4894579054056991,225.65038146972657,222.52949295043945,220.5835159301758,1.484845527577751,0.15672948530290193,0.5007357424084979,Test
2024-10-03,MSFT,410.0623168945313,-0.1414318257502711,420.7582977294922,418.9956375122071,411.79994079589846,1.213629251789785,0.02758794081148338,-0.1152570506846917,Test
2024-10-03,TSLA,240.66000366210932,-3.357160254966751,252.3549987792969,239.53599853515624,223.51960052490236,3.420873470857443,0.31970440992222826,3.914235030998836,Test
2024-10-04,AAPL,224.91851806640625,0.5007357424084979,225.51154327392575,222.8260124206543,220.7731588745117,1.475683381001044,0.040892186550697825,-2.2530878017077094,Test
2024-10-04,MSFT,409.5896911621094,-0.1152570506846917,418.86716918945314,419.7024673461914,411.7686877441406,1.14424216091867,0.010729069256814277,-1.567067902947783,Test
2024-10-04,TSLA,250.0800018310547,3.914235030998836,253.5379989624024,241.50349884033204,224.11620056152344,2.826534642398462,0.277780978287964,-3.698816351676526,Test
2024-10-07,AAPL,219.8509063720703,-2.2530878017077094,225.03751220703128,222.86468887329104,220.85213775634764,1.5702420950728246,-0.036267785321636416,1.8404029552998136,Test
2024-10-07,MSFT,403.171142578125,-1.567067902947783,416.5074462890625,419.8904983520508,411.4740460205078,1.1906577553939428,0.048023606005249186,1.2623842716646516,Test
2024-10-07,TSLA,240.8300018310547,-3.698816351676526,252.62099914550785,242.7314987182617,224.53680053710937,2.9728305621140083,-0.07299407006218638,1.5238957526229946,Test
2024-10-08,AAPL,223.8970489501953,1.8404029552998136,224.87884063720705,223.1453399658203,221.0064926147461,1.6178568795050354,0.1624624297977735,1.6698473835193406,Test
2024-10-08,MSFT,408.2607116699219,1.2623842716646516,415.083935546875,419.9156005859375,411.2525006103516,1.1289291891680793,0.05312751702130126,0.6631092040170428,Test
2024-10-08,TSLA,244.5,1.5238957526229946,251.6439987182617,243.64799880981445,224.78480041503903,2.8318151860097185,0.012626152030327796,-1.4110416966225725,Test
2024-10-09,AAPL,227.6357879638672,1.6698473835193406,225.193212890625,223.48648681640623,221.22452819824215,1.6387147191242577,0.0010339025674835954,-0.2178392648135796,Test
2024-10-09,MSFT,410.9679260253906,0.6631092040170428,413.64171447753904,419.6409408569336,411.15997924804685,1.0266879550090031,0.019795442490447946,-0.3880564629653693,Test
2024-10-09,TSLA,241.0500030517578,-1.4110416966225725,250.0470001220703,244.2939987182617,225.1534005737305,2.8589143074240315,0.338296826156086,-0.9458613360014524,Test
2024-10-10,AAPL,227.1399078369141,-0.2178392648135796,225.3439498901367,223.7973846435547,221.36766510009767,1.6407953076960773,0.12448971796514412,-0.6505376484943093,Test
2024-10-10,MSFT,409.3731384277344,-0.3880564629653693,412.1187713623047,419.09161987304685,411.1253784179688,1.0013638696761784,0.02259640236118486,0.1154361761694033,Test
2024-10-10,TSLA,238.7700042724609,-0.9458613360014524,248.5020004272461,244.74199905395508,225.2874005126953,2.870557880145252,-0.05257103712600206,-8.782510719719294,Test
2024-10-11,AAPL,225.6622772216797,-0.6505376484943093,225.3201461791992,224.04778976440429,221.5549475097656,1.649673412007579,0.10463596523648849,1.647994797215202,Test
2024-10-11,MSFT,409.845703125,0.1154361761694033,410.9669677734375,418.3892181396485,411.1246002197266,0.9772943636941984,0.07925244056852447,0.6773655410525103,Test
2024-10-11,TSLA,217.8000030517578,-8.782510719719294,244.23600158691409,244.11749954223632,225.30620056152344,3.507463304739592,-0.5469291138903362,0.6244263504570968,Test
2024-10-14,AAPL,229.3811798095703,1.647994797215202,225.15155944824215,224.790576171875,221.78689086914065,1.532472350450718,0.04240907524804274,1.1024681153949167,Test
2024-10-14,MSFT,412.6218566894531,0.6773655410525103,409.8683288574219,417.7887069702148,411.348759765625,0.99280764938328,0.04757216375260635,-0.0954455851812863,Test
2024-10-14,TSLA,219.16000366210932,0.6244263504570968,239.9890014648437,243.73649978637692,225.53600067138672,3.498296132562336,-0.18464103321613148,0.1870796017787723,Test
2024-10-15,AAPL,231.9100341796875,1.1024681153949167,225.9092208862305,225.63650131225583,222.27921142578128,1.5413020176852388,0.006758500799740302,-0.8851820211210892,Test
2024-10-15,MSFT,412.22802734375,-0.0954455851812863,409.6763610839844,416.9809646606445,411.827221069336,0.9634702581438584,0.026398792279524595,-0.6256714595205382,Test
2024-10-15,TSLA,219.57000732421875,0.1870796017787723,236.14400329589844,243.3215003967285,225.94980072021485,3.496293116865975,-0.09950229528933524,0.8015641700267029,Test
2024-10-16,AAPL,229.85720825195312,-0.8851820211210892,226.4050750732422,226.1864013671875,222.7708905029297,1.5290368019717968,0.12562157761848955,0.1596197856043035,Test
2024-10-16,MSFT,409.6488342285156,-0.6256714595205382,409.5769348144531,416.2578903198242,412.1664422607422,0.9505261747288802,0.040610151822924594,0.1441887966608712,Test
2024-10-16,TSLA,221.3300018310547,0.8015641700267029,233.3750030517578,243.02800064086915,226.36360076904296,3.5021142227706434,-0.29833452754664863,-0.1987992760882462,Test
2024-10-17,AAPL,230.2241058349609,0.1596197856043035,227.04769744873047,226.3490394592285,223.21859619140625,1.2957156934310703,0.08143567132906472,1.2276604263516957,Test
2024-10-17,MSFT,410.239501953125,0.1441887966608712,409.5946533203125,415.1764755249024,412.54066772460936,0.8312991227550941,0.060273973413041755,0.3455399826582939,Test
2024-10-17,TSLA,220.88999938964844,-0.1987992760882462,231.3980026245117,241.8765007019043,226.94620086669923,3.034605607380381,-0.03170616379185523,-0.0860167694016311,Test
2024-10-18,AAPL,233.05047607421875,1.2276604263516957,227.8608932495117,226.68621826171875,223.653688659668,1.3171706848696776,0.026713686526555556,0.6297961474468261,Test
2024-10-18,MSFT,411.6570434570313,0.3455399826582939,409.8013885498047,414.3342788696289,412.8595202636719,0.8318764565204042,0.007441255365469651,0.1482744167212946,Test
2024-10-18,TSLA,220.6999969482422,-0.0860167694016311,228.4600021362305,240.9990005493164,227.38340087890623,3.00294419185503,-0.1540236675506897,-0.8382378207102748,Test
2024-10-21,AAPL,234.51821899414065,0.6297961474468261,229.32762451171877,227.182568359375,224.0600894165039,1.303005218228327,0.0908900625451669,-0.2621770316654226,Test
2024-10-21,MSFT,412.2674255371094,0.1482744167212946,410.7110168457031,413.6092315673829,413.12513610839846,0.8338027266969388,0.008081158984882758,2.0846344548399287,Test
2024-10-21,TSLA,218.8500061035156,-0.8382378207102748,226.26200256347656,239.44150085449212,227.76040100097657,2.735246871560386,-0.21288052843884578,-0.4021041161845984,Test
2024-10-22,AAPL,233.9033660888672,-0.2621770316654226,230.32825622558596,227.6035484313965,224.42364868164063,1.306742570148545,0.04417489116262557,-2.16230694957712,Test
2024-10-22,MSFT,420.8616943359375,2.0846344548399287,411.9711151123047,413.5275253295898,413.5471087646485,0.9492917724745644,0.03140646961902065,-0.6806931231525759,Test
2024-10-22,TSLA,217.97000122070312,-0.4021041161845984,223.60900268554687,237.62650070190423,228.1700009155273,2.680607694799653,-0.20182424950484582,-1.9819274670942244,Test
2024-10-23,AAPL,228.8456573486328,-2.16230694957712,230.4492431640625,227.82122802734372,224.61187438964845,1.4037134874196646,0.02788897980440188,-0.082333014105107,Test
2024-10-23,MSFT,417.9969177246094,-0.6806931231525759,412.67401428222655,413.1578643798828,413.77028198242186,0.9453909042224188,0.08124875957056898,0.0306200158969982,Test
2024-10-23,TSLA,213.6499938964844,-1.9819274670942244,220.86900177001957,235.45800094604493,228.28640075683597,2.658960000182884,-0.4745983737208106,21.91903507029041,Test
2024-10-24,AAPL,228.65724182128903,-0.082333014105107,230.6009765625,227.97246322631835,224.78740600585937,1.4010076831451332,0.08453005837411431,0.3643108193966959,Test
2024-10-24,MSFT,418.1249084472656,0.0306200158969982,413.5491912841797,412.8339813232422,413.9400018310547,0.9453995587994848,0.1123463348078842,0.8052117210589405,Test
2024-10-24,TSLA,260.4800109863281,21.91903507029041,223.04000244140624,235.77100143432617,229.46840087890624,5.748478997718442,-0.23571467950255925,3.343823359841336,Test
2024-10-25,AAPL,229.49026489257807,0.3643108193966959,230.98377532958983,228.1519607543945,224.9200961303711,1.4024777077559245,-0.0022273678528530005,0.8599473639207655,Test
2024-10-25,MSFT,421.49169921875,0.8052117210589405,414.7137908935547,412.8403793334961,414.0801879882813,0.9501535014447084,0.11089463624936256,-0.3643501329332776,Test
2024-10-25,TSLA,269.19000244140625,3.343823359841336,228.1790023803711,236.20750198364257,230.5694009399414,5.769704501717844,0.08623893101960858,-2.4815158866218545,Test
2024-10-28,AAPL,231.46376037597656,0.8599473639207655,231.1920333862305,228.17179641723632,225.0658770751953,1.3184983528323622,0.003743660022276607,0.1156882998975206,Test
2024-10-28,MSFT,419.95599365234375,-0.3643501329332776,415.44720458984375,412.6577667236328,414.2400634765625,0.9451328352746166,0.09253038749844743,1.2564676794429186,Test
2024-10-28,TSLA,262.510009765625,-2.4815158866218545,232.51400299072264,236.2515022277832,231.49720123291016,5.803093312282029,0.12201448422546285,-1.139012091242797,Test
2024-10-29,AAPL,231.7315368652344,0.1156882998975206,231.1741836547852,228.5417022705078,225.22018676757813,1.1236725394853952,0.02856174491820483,-1.5278046835276005,Test
2024-10-29,MSFT,425.2326049804688,1.2564676794429186,416.7476623535157,413.21201171875,414.4452227783203,0.8343531760805535,0.03733150857119961,0.1342756599637784,Test
2024-10-29,TSLA,259.5199890136719,-1.139012091242797,236.509001159668,236.3265022277832,232.23320098876957,5.799972536659142,0.21563455352341465,-0.7590942139718337,Test
2024-10-30,AAPL,228.19113159179688,-1.5278046835276005,231.00757598876956,228.70632553100583,225.29139099121093,1.1854783868860763,0.009849445102936817,-1.8209484702302323,Test
2024-10-30,MSFT,425.8035888671875,0.1342756599637784,418.3631378173829,413.970036315918,414.5974188232422,0.8018074550385129,0.03728949831350732,-6.052757266462228,Test
2024-10-30,TSLA,257.54998779296875,-0.7590942139718337,240.13099975585936,236.75300140380855,232.96220062255856,5.741057243027241,0.25832481722052253,-2.9897037679701866,Test
2024-10-31,AAPL,224.035888671875,-1.8209484702302323,230.38875427246091,228.7182258605957,225.28167236328125,1.2544839337554374,0.06683314840001658,-1.3279558350614784,Test
2024-10-31,MSFT,400.0307312011719,-6.052757266462228,417.3422607421875,413.46845703125,414.2471514892578,1.610241755123938,-0.3037529634866179,0.9892886189545314,Test
2024-10-31,TSLA,249.8500061035156,-2.9897037679701866,243.0270004272461,237.21250152587885,233.4938006591797,5.729274235537297,-0.2382898724918969,-0.3482130697311736,Test
2024-11-01,AAPL,221.060791015625,-1.3279558350614784,229.1897857666016,228.52533950805665,225.24954162597655,1.2833602021324142,-0.08291946469407342,-0.4037704383935359,Test
2024-11-01,MSFT,403.9881896972656,0.9892886189545314,416.57537536621095,413.1883819580078,414.1451623535156,1.6289244980373383,0.1604989628408809,-0.465436888143389,Test
2024-11-01,TSLA,248.97999572753903,-0.3482130697311736,245.8550003051758,237.15750122070307,234.26020050048828,5.667876437588904,0.003823792727655633,-2.466061328223101,Test
2024-11-04,AAPL,220.168212890625,-0.4037704383935359,227.75478515625,228.5412048339844,225.1537420654297,1.180982538858798,0.1110718468853711,0.6486337461701908,Test
2024-11-04,MSFT,402.1078796386719,-0.465436888143389,415.5594207763672,413.1352188110352,413.98115234375,1.5933717104122442,0.03786232630179062,0.7344794289674272,Test
2024-11-04,TSLA,242.83999633789065,-2.466061328223101,248.25399932861328,237.2580009460449,234.71060028076167,5.63077906001342,-0.16964211636030374,3.541429020427689,Test
2024-11-05,AAPL,221.59629821777344,0.6486337461701908,226.52407836914065,228.4261672973633,225.0797607421875,1.1120228174676172,-0.026436382228773505,-0.3266853892932575,Test
2024-11-05,MSFT,405.061279296875,0.7344794289674272,413.97937927246096,412.9752471923828,413.9411846923828,1.575618880225516,0.005830504628132571,2.119279610832425,Test
2024-11-05,TSLA,251.44000244140625,3.541429020427689,251.6009994506836,237.6050010681152,235.4752001953125,5.674056930708374,-0.09738034064842992,14.751032444224466,Test
2024-11-06,AAPL,220.87237548828125,-0.3266853892932575,225.72675018310548,228.087996673584,224.97444213867183,1.036991234970146,-0.026107162664742414,2.1372023058644496,Test
2024-11-06,MSFT,413.6456604003906,2.119279610832425,413.5442535400391,413.1091339111328,414.0660131835937,1.6414640217476484,0.049802663730899616,1.249466868215876,Test
2024-11-06,TSLA,288.5299987792969,14.751032444224466,259.08899993896483,239.9790008544922,237.0616000366211,6.509970646931632,-0.48837391087394016,2.904379065700735,Test
2024-11-07,AAPL,225.5928649902344,2.1372023058644496,225.4203125,228.01064453125,224.99407745361327,1.1553123552063365,0.010848813909731745,-0.1188275197717803,Test
2024-11-07,MSFT,418.8140258789063,1.249466868215876,413.6131652832031,413.5811782836914,414.3580017089844,1.6594345153127696,0.09013907645823925,-0.6793212733186005,Test
2024-11-07,TSLA,296.9100036621094,2.904379065700735,262.731999206543,242.8860008239746,238.88480010986328,6.503602926354868,-0.030389148278276136,8.187665372925302,Test
2024-11-08,AAPL,225.3247985839844,-0.1188275197717803,225.00376586914064,227.99377059936523,224.94289947509765,1.1463111169236513,-0.07544650379493893,-1.2028399217004937,Test
2024-11-08,MSFT,415.9689331054688,-0.6793212733186005,413.060888671875,413.8873397827148,414.5434716796875,1.669225824848246,0.1004580892658923,-1.0720833544258013,Test
2024-11-08,TSLA,321.2200012207031,8.187665372925302,267.9349990844727,248.05700073242187,241.1836001586914,6.222638084655822,-0.032160176435022864,8.959591143118995,Test
2024-11-11,AAPL,222.614501953125,-1.2028399217004937,224.11884002685548,227.65543670654296,224.85318420410155,1.1070134210914415,0.007681810171977428,0.0,Test
2024-11-11,MSFT,411.5093994140625,-1.0720833544258013,412.2162292480469,413.8317169189453,414.5606018066407,1.682488657160819,0.16721397842488306,1.2009338239765688,Test
2024-11-11,TSLA,350.0,8.959591143118995,276.68399810791016,254.5990005493164,243.9014001464844,6.393381855611373,0.05703650332777568,-6.145717075892854,Test
2024-11-12,AAPL,222.614501953125,0.0,223.2071365356445,227.19066009521484,224.8870352172852,1.068468472445765,0.05007175591276418,0.3969083018855235,Test
2024-11-12,MSFT,416.4513549804688,1.2009338239765688,411.3381042480469,414.0428833007812,414.8281750488282,1.7034473105692745,0.10858755803269117,0.5129750397874,Test
2024-11-12,TSLA,328.489990234375,-6.145717075892854,283.5809982299805,260.04499969482424,246.2591998291016,6.667272661309788,0.2260567024418771,0.5327407385385952,Test
2024-11-13,AAPL,223.49807739257807,0.3969083018855235,222.73783111572263,226.8727035522461,224.9766394042969,1.063576039760641,-0.04098392589487404,1.3770441662109834,Test
2024-11-13,MSFT,418.587646484375,0.5129750397874,410.6165100097657,414.48982391357424,415.149105834961,1.698164388703962,0.06872995800757571,0.3974474128553895,Test
2024-11-13,TSLA,330.239990234375,0.5327407385385952,290.8499984741211,265.49049911499026,248.47579956054688,6.670571139740326,0.35558220155352105,-5.771559508909463,Test
2024-11-14,AAPL,226.57574462890625,1.3770441662109834,222.99181671142577,226.69028549194337,225.0974508666992,1.1149122024115572,0.003042913506767111,-1.4109291024743564,Test
2024-11-14,MSFT,420.2513122558594,0.3974474128553895,412.6385681152344,414.99041442871095,415.51335144042974,1.6992820510668376,0.04025229202797198,-2.78526403159729,Test
2024-11-14,TSLA,311.17999267578125,-5.771559508909463,296.98299713134764,270.0049987792969,250.0959994506836,6.8895100489795,-0.011473660149741865,3.0657525449785616,Test
2024-11-15,AAPL,223.37892150878903,-1.4109291024743564,223.2236297607422,226.2067077636719,225.1852667236328,1.1088854988827548,-0.003066647281400431,1.3422375471169978,Test
2024-11-15,MSFT,408.5462036132813,-2.78526403159729,413.094369506836,414.8348724365234,415.77521362304697,1.8188392649870424,0.10160710454123555,0.1831445192370218,Test
2024-11-15,TSLA,320.7200012207031,3.0657525449785616,304.15699768066406,275.0059989929199,252.29579956054687,6.876846784688514,-0.5918351095484641,5.618604684798378,Test
2024-11-18,AAPL,226.377197265625,1.3422375471169978,223.8445281982422,225.7996566772461,225.3312631225586,1.147899895656013,0.04300360421759659,0.1140143177448038,Test
2024-11-18,MSFT,409.29443359375,0.1831445192370218,413.8130249023437,414.6862228393555,415.9728918457032,1.8190276066350244,0.15728603168164448,0.4882580660554581,Test
2024-11-18,TSLA,338.739990234375,5.618604684798378,313.7469970703125,281.00049819946287,254.7451992797852,6.8834974451076025,-0.2574172432178088,2.1432396454288627,Test
2024-11-19,AAPL,226.6352996826172,0.1140143177448038,224.34842834472656,225.4362533569336,225.49828857421875,1.1493951277876082,0.10604840645711627,0.3154091583314367,Test
2024-11-19,MSFT,411.2928466796875,0.4882580660554581,414.436181640625,414.207780456543,416.0435754394532,1.7557352343471213,0.08282066693296056,-0.5505279862856205,Test
2024-11-19,TSLA,346.0,2.1432396454288627,323.2029968261719,287.40199813842776,257.14179931640626,6.852091805378505,-0.268171280845926,-1.1473991967350106,Test
2024-11-20,AAPL,227.35012817382807,0.3154091583314367,224.99620361328124,225.36147689819336,225.6290341186524,1.0505233508049734,0.05742492026550749,-0.2096094007242088,Test
2024-11-20,MSFT,409.028564453125,-0.5505279862856205,413.9744720458984,413.7593627929688,415.89492431640633,1.7537091006030938,0.08398021237597696,-0.4316779287815597,Test
2024-11-20,TSLA,342.0299987792969,-1.1473991967350106,328.55299682617186,293.82099838256835,259.41979919433595,6.825568386607427,-0.5030096865825763,-0.6987644766217049,Test
2024-11-21,AAPL,226.8735809326172,-0.2096094007242088,225.12427520751956,225.27229385375975,225.7480667114258,1.0512580238955105,0.0510077188823458,0.590750025540765,Test
2024-11-21,MSFT,407.2628784179688,-0.4316779287815597,412.8193572998047,413.2162612915039,415.6329907226563,1.7550346611614702,0.05898903127373651,1.000315469468771,Test
2024-11-21,TSLA,339.6400146484375,-0.6987644766217049,332.8259979248047,297.7789985656738,261.6163995361328,5.112534949487246,-0.5470145464849994,3.804022598317736,Test
2024-11-22,AAPL,228.21383666992188,0.590750025540765,225.41317901611328,225.2084724426269,225.89925994873047,1.0569762411610983,0.06167432913943203,1.3050956317711693,Test
2024-11-22,MSFT,411.3367919921875,1.000315469468771,412.35614318847655,412.7085159301758,415.3818518066407,1.760959835657536,0.06942232864767103,0.4292703946468412,Test
2024-11-22,TSLA,352.5599975585937,3.804022598317736,335.9599975585937,301.9474983215332,264.06179962158205,5.1225089806284885,-0.6092838910088446,-3.962446482142756,Test
2024-11-25,AAPL,231.19224548339844,1.3050956317711693,226.2709533691406,225.19489669799805,226.2325958251953,1.080953137632063,0.061101944838466385,0.940433616266212,Test
2024-11-25,MSFT,413.1025390625,0.4292703946468412,412.5154571533203,412.3658432006836,415.1512609863282,1.7637890813892332,0.075410185748973,2.196786713063537,Test
2024-11-25,TSLA,338.5899963378906,-3.962446482142756,334.8189971923828,305.75149765014646,266.2979995727539,5.192976586688023,-0.3065869823189252,-0.1063189566898104,Test
2024-11-26,AAPL,233.366455078125,0.940433616266212,227.3461486816406,225.2766426086426,226.6000942993164,1.1011544702034597,0.10631511639342157,-0.0553161573395466,Test
2024-11-26,MSFT,422.1775207519531,2.196786713063537,413.0880737304688,412.2130889892578,415.02715393066416,1.81277887875594,0.11092488742326893,-1.1682522508273507,Test
2024-11-26,TSLA,338.2300109863281,-0.1063189566898104,335.7929992675781,309.6869987487793,268.50519989013674,5.171449408319683,-0.49156841235061677,-1.5788061864523528,Test
2024-11-27,AAPL,233.23736572265625,-0.0553161573395466,228.32007751464843,225.5289543151856,226.88765747070312,1.0381725213151027,0.07841064221685932,1.0215928304077917,Test
2024-11-27,MSFT,417.2454223632813,-1.1682522508273507,412.9538513183594,411.7851806640625,414.8898559570313,1.830255689543152,0.11001842428023217,0.1111225047903285,Test
2024-11-27,TSLA,332.8900146484375,-1.5788061864523528,336.0580017089844,313.4540000915528,270.61900024414064,5.193128766833727,-0.05720672119104104,3.685898787510977,Test
2024-11-29,AAPL,235.6201019287109,1.0215928304077917,229.22451324462887,226.10816497802733,227.0606326293945,0.950092943420884,0.06659797748662646,0.9522653709632234,Test
2024-11-29,MSFT,417.7090759277344,0.1111225047903285,412.6996276855469,412.6690979003906,414.6066815185548,1.1736989141633498,0.11941952215011524,1.775855048964048,Test
2024-11-29,TSLA,345.1600036621094,3.685898787510977,339.4560028076172,318.2194999694824,272.643800354004,5.108995600983896,-0.23783959151106565,3.4563659025395044,Test
2024-12-02,AAPL,237.86383056640625,0.9522653709632234,230.67300415039057,226.9483169555664,227.2917712402344,0.8844772952431531,-0.061135429449477675,1.2771733064145696,Test
2024-12-02,MSFT,425.1269836425781,1.775855048964048,414.3577056884766,413.7260375976563,414.5392016601563,1.2132388968037475,0.1672689987058281,0.0510388634025638,Test
2024-12-02,TSLA,357.0899963378906,3.4563659025395044,343.09300231933594,323.625,275.0206002807617,5.097636697366738,-0.4012467283781782,-1.5878302299992542,Test
2024-12-03,AAPL,240.9017639160156,1.2771733064145696,232.12546081542965,227.98499450683596,227.6179821777344,0.8868744093684373,-0.013533282456389939,0.1483746436633515,Test
2024-12-03,MSFT,425.3439636230469,0.0510388634025638,415.9626586914063,414.887841796875,414.51071350097664,1.2023809032399355,0.11506418710345914,1.4424863379254749,Test
2024-12-03,TSLA,351.4200134277344,-1.5878302299992542,344.3610046386719,329.0540008544922,277.0490005493164,5.061350233458504,-0.28669175089491883,1.8524782309774723,Test
2024-12-04,AAPL,241.2592010498047,0.1483746436633515,233.5878509521484,228.9681396484375,227.9334909057617,0.8881713255010063,0.011816382274056741,0.0123330586118131,Test
2024-12-04,MSFT,431.4794921875,1.4424863379254749,417.9813232421875,416.2087524414063,414.6903869628906,1.2263956205145483,0.09893112568588057,1.1887780506297574,Test
2024-12-04,TSLA,357.92999267578125,1.8524782309774723,345.55400390625,334.3785003662109,279.1222003173828,5.048044922515727,-0.05806711579161353,3.2296811653515167,Test
2024-12-05,AAPL,241.28895568847656,0.0123330586118131,234.9817337036133,229.98896865844728,228.2694287109375,0.8761289690754159,-0.004938723294207188,-0.0822987858241419,Test
2024-12-05,MSFT,436.60882568359375,1.1887780506297574,420.7393493652344,417.3569107055664,414.9147607421876,1.1710900196785154,0.10836967064905856,0.2146462122412096,Test
2024-12-05,TSLA,369.489990234375,3.2296811653515167,348.3000030517578,338.42649993896487,281.37160034179686,4.065979670002838,-0.400160472778437,5.3397958017247005,Test
2024-12-06,AAPL,241.0903778076172,-0.0822987858241419,236.40341339111328,230.7638442993164,228.5785855102539,0.7867326567615167,0.022291183869793594,1.610129151722406,Test
2024-12-06,MSFT,437.5459899902344,0.2146462122412096,423.7676605224609,418.2935089111328,415.1736291503907,1.1485074110954951,0.0847755839569221,0.5523205673064302,Test
2024-12-06,TSLA,389.2200012207031,5.3397958017247005,353.25800170898435,343.04199981689453,284.07160034179685,4.151432444423196,-0.7476637760201235,0.1464486209421522,Test
2024-12-09,AAPL,244.9722442626953,1.610129151722406,238.07925415039065,231.746216583252,228.96002410888676,0.8280655863689766,-0.022401805309245234,0.4133669430149034,Test
2024-12-09,MSFT,439.962646484375,0.5523205673064302,426.6302459716797,419.4931945800781,415.5456072998048,1.1303255315014988,0.11147848790601983,-0.6031062873213089,Test
2024-12-09,TSLA,389.7900085449219,0.1464486209421522,356.9810028076172,346.47050018310546,286.65820068359375,3.841768899477074,-0.4712380301297097,2.873337295448497,Test
2024-12-10,AAPL,245.98487854003903,0.4133669430149034,239.5585174560547,232.91473541259765,229.2583807373047,0.7347421993727818,0.036103322727408446,-0.5166037926624845,Test
2024-12-10,MSFT,437.3092041015625,-0.6031062873213089,429.050912475586,420.78318481445314,415.8196264648439,1.1052358357209766,0.10130109146757128,1.2767077271700789,Test
2024-12-10,TSLA,400.989990234375,2.873337295448497,363.2210021972657,349.0199996948242,289.445400390625,3.396867209805104,-0.20917842310549045,5.930322291934931,Test
2024-12-11,AAPL,244.714111328125,-0.5166037926624845,240.6932830810547,234.01971588134765,229.66599456787108,0.7619318190237835,-0.05525930254085952,0.5963678818455387,Test
2024-12-11,MSFT,442.8923645019531,1.2767077271700789,431.1223968505859,422.1052352905273,416.3945196533204,1.1085743055959842,0.10316757961813958,0.1269440132319887,Test
2024-12-11,TSLA,424.7699890136719,5.930322291934931,371.875,353.83399963378906,292.780400390625,3.174994360687028,-0.08081993292605553,-1.5702575706076027,Test
2024-12-12,AAPL,246.1735076904297,0.5963678818455387,241.98689727783204,235.15348739624025,230.09149139404295,0.7621320287745457,0.051692173953459104,0.0685665676184887,Test
2024-12-12,MSFT,443.45458984375,0.1269440132319887,433.7433135986328,423.3485824584961,417.0507495117188,1.1082903010892216,0.05418081439426649,-0.509382621573562,Test
2024-12-12,TSLA,418.1000061035156,-1.5702575706076027,380.3959991455078,358.2270004272461,296.1620004272461,3.237391510774822,-0.42318982960399,4.336284290396253,Test
2024-12-13,AAPL,246.34230041503903,0.0685665676184887,243.05911712646488,236.14181518554688,230.5423797607422,0.7374779604111047,-0.04518068013149871,1.172755269680814,Test
2024-12-13,MSFT,441.1957092285156,-0.509382621573562,436.09197692871095,424.3958023071289,417.6734173583985,1.122331295681315,0.09298600539747053,0.9658575394887235,Test
2024-12-13,TSLA,436.2300109863281,4.336284290396253,389.5029998779297,364.4795013427735,300.07340057373045,2.851852828565973,-0.12283037354817913,6.141250567967771,Test
2024-12-16,AAPL,249.23129272460932,1.172755269680814,244.19586334228515,237.4344337463379,231.02863525390623,0.6158242938419861,-0.08899068873393969,0.9719705770097952,Test
2024-12-16,MSFT,445.45703125,0.9658575394887235,438.12498168945314,426.2413436889648,418.3907641601563,0.8745812304643785,0.05709787657400804,0.6355324916474503,Test
2024-12-16,TSLA,463.0199890136719,6.141250567967771,400.0959991455078,371.59450073242186,304.3322003173828,3.0057780033127712,0.12836296836700703,3.636991217973829,Test
2024-12-17,AAPL,251.6537475585937,0.9719705770097952,245.27106170654295,238.69826126098636,231.66469207763672,0.5960283657516907,0.16313217800772672,-2.142177175156035,Test
2024-12-17,MSFT,448.2880554199219,0.6355324916474503,440.4193908691406,428.19102478027344,419.2931024169922,0.8735188240557722,0.036318636584712544,-3.756103933536747,Test
2024-12-17,TSLA,479.8599853515625,3.636991217973829,412.93999633789065,378.6505004882813,309.112799987793,2.907643820521493,0.08539733626317458,-8.27949436951747,Test
2024-12-18,AAPL,246.26287841796875,-2.142177175156035,245.77142944335935,239.6796401977539,232.11200866699215,0.8420921772176239,-0.012754307958180763,0.7014586453605531,Test
2024-12-18,MSFT,431.4498901367188,-3.756103933536747,440.4164306640625,429.198876953125,419.7568859863282,1.2849060678266462,0.06465573390034444,-0.0823044685328455,Test
2024-12-18,TSLA,440.1300048828125,-8.27949436951747,421.1599975585938,383.35700073242185,313.02540008544923,3.674959907874504,-0.5777331850934566,-0.8997322180141931,Test
2024-12-19,AAPL,247.9903106689453,0.7014586453605531,246.44156494140623,240.71164932250977,232.51909912109372,0.8440022819326605,0.06494746718999347,1.8815929542988383,Test
2024-12-19,MSFT,431.09478759765625,-0.0823044685328455,439.8650268554687,430.3021881103516,420.1594232177735,1.2738196632834786,0.2095161688474769,-0.0983922400739523,Test
2024-12-19,TSLA,436.1700134277344,-0.8997322180141931,427.8279998779297,388.0640014648437,316.92780029296875,3.666775529934157,-0.367586917094151,-3.4642491239586515,Test
2024-12-20,AAPL,252.656478881836,1.8815929542988383,247.59817504882807,242.00079421997071,233.02943054199216,0.8878384813023434,-0.014797711974168183,0.3064905715301158,Test
2024-12-20,MSFT,430.6706237792969,-0.0983922400739523,439.177490234375,431.472575378418,420.5853729248048,1.2663033653361464,0.05231024972693293,-0.3092073072866297,Test
2024-12-20,TSLA,421.05999755859375,-3.4642491239586515,431.0119995117187,392.13500061035154,320.5736001586914,3.795502025458858,-0.3216429264494961,2.265712392589436,Test
2024-12-23,AAPL,253.43084716796875,0.3064905715301158,248.44403533935548,243.26164474487305,233.584801940918,0.8893144986556034,0.04765426617509915,1.1478222084571057,Test
2024-12-23,MSFT,429.3389587402344,-0.3092073072866297,438.11512145996096,432.3726837158203,420.9752380371094,1.2613523862079683,0.08546929589367006,0.9373867822755956,Test
2024-12-23,TSLA,430.6000061035156,2.265712392589436,435.0929992675781,396.0370010375976,324.82960021972656,3.754232938087825,-0.5116999532087465,7.357174228224572,Test
2024-12-24,AAPL,256.3397827148437,1.1478222084571057,249.47952575683595,244.5190216064453,234.12397399902343,0.8827636384631274,0.08105505852997882,0.3175573725955116,Test
2024-12-24,MSFT,433.363525390625,0.9373867822755956,437.7205535888672,433.38573303222654,421.3900714111329,1.2708278438967573,0.09920726921436562,-0.2777023498400366,Test
2024-12-24,TSLA,462.2799987792969,7.357174228224572,441.2220001220703,402.221501159668,329.69200012207034,3.808135052550678,-0.6038188554394993,-1.7629994630971146,Test
2024-12-26,AAPL,257.15380859375,0.3175573725955116,250.72349548339844,245.70838928222656,234.62884948730468,0.8781745138218265,0.029024991592213743,-1.3242106727225589,Test
2024-12-26,MSFT,432.1600646972656,-0.2777023498400366,436.6473236083984,433.8848602294922,421.7887121582032,1.188867450829187,0.0696531307296611,-1.7301506720454718,Test
2024-12-26,TSLA,454.1300048828125,-1.7629994630971146,444.1580017089844,408.01650085449216,334.38320007324216,3.86566338814911,-0.7223375860333774,-4.947922616674816,Test
2024-12-27,AAPL,253.74855041503903,-1.3242106727225589,251.4809997558594,246.7339485168457,235.1066763305664,0.9615376718057294,0.012908743956423411,-1.3263466221357767,Test
2024-12-27,MSFT,424.68304443359375,-1.7301506720454718,434.7701690673828,434.2567413330078,422.0893963623048,1.2270323275876085,0.11811495787425623,-1.3239423300378972,Test
2024-12-27,TSLA,431.6600036621094,-4.947922616674816,445.5140014648438,412.95500030517576,338.5898001098633,4.077061956512032,-0.2926853708057424,-3.301209257078741,Test
